Fixture ID,Season,Division,Competition,Other,Home Team,Away Team,Date,Day,Time,Venue,Pitch,Home Score,Away Score,Status,Approved,,
43574567,CTTLFA 2026,M8 - Under 14 Girls Premier One,,,M8-05- Meadowridge,M8-11- Wynberg St Johns,10/04/26,Fri,18:30,Meadowridge,Meadowridge A,3,0,Home Walkover,Y,,
43574470,CTTLFA 2026,O7 - Under 12 Girls Premier One (9v9),,,O7-06- Meadowridge B,O7-05- Meadowridge A,10/04/26,Fri,18:30,Meadowridge,Meadowridge B,1,11,,Y,,
43575657,CTTLFA 2026,F2 - Vets 040 B,,,F2-08- Kensington,F2-12- Sunningdale City B,10/04/26,Fri,19:00,Kensington,14 Avenue A,4,2,,Y,,
43575063,CTTLFA 2026,G6 - Vets O50 C,,,G6-06- Tramway B,G6-01- Avendale Athletico,10/04/26,Fri,19:00,Tramway,Groenewald Park A,1,3,,Y,,
43575059,CTTLFA 2026,G6 - Vets O50 C,,,G6-08- Wynberg St Johns,G6-10- Saxon Rovers,10/04/26,Fri,19:00,Wynberg st Johns,Wynberg B,0,3,Away Walkover,Y,,
43575060,CTTLFA 2026,G6 - Vets O50 C,,,G6-11- Bye,G6-02- Hanover Park C,10/04/26,Fri,19:00,Queens Park,10 Dongel Road Milnerton,0,0,,Y,,
43806522,CTTLFA 2026,H1 - Womens Premier League,,,H1-03- Clyde Pinelands,H1-01- Badgers,10/04/26,Fri,19:00,Clyde Pinelands,Ringwood Drive B,0,2,,Y,,
43806523,CTTLFA 2026,H1 - Womens Premier League,,,H1-05- FN Rangers,H1-08- Magic Ladies,10/04/26,Fri,19:00,FN Rangers,FNB Stadium A,1,1,,Y,,
43806526,CTTLFA 2026,H1 - Womens Premier League,,,H1-06- Green Point Salesians,H1-09- Northpine United,10/04/26,Fri,19:00,Green Point,Green Point A,17,0,,Y,,
43806524,CTTLFA 2026,H1 - Womens Premier League,,,H1-11- UCT,H1-12- Bye.,10/04/26,Fri,19:00,U C T,U C T,0,0,,Y,,
43575170,CTTLFA 2026,D3 - 5th Division,,,D3-07- Northpine United,D3-11- Hanover Park,10/04/26,Fri,19:30,Northpine United,Central Park A,3,3,,Y,,
43262398,CTTLFA 2026,F1 - Vets 040 A,,,F1-07- Rygersdal,F1-06- Norway Parks,10/04/26,Fri,19:30,Rygersdal,Rygersdal B,2,0,,Y,,
43262396,CTTLFA 2026,F1 - Vets 040 A,,,F1-10- C.R. Vasco Da Gama,F1-03- Fish Hoek,10/04/26,Fri,19:30,Vasco da Gama,Da Gama Park A,5,0,,Y,,
43575658,CTTLFA 2026,F2 - Vets 040 B,,,F2-01- Avendale Athletico,F2-02- Bothasig,10/04/26,Fri,19:30,Chelsea,Hickory Road A,2,0,,Y,,
43262714,CTTLFA 2026,G5 - Vets 050 B,,,G5-03- Durbanville,G5-08- Lansdowne,10/04/26,Fri,19:30,Durbanville,Klazinga Park B,6,1,,Y,,
43262718,CTTLFA 2026,G5 - Vets 050 B,,,G5-04- Edgemead G/W,G5-05- Everton United,10/04/26,Fri,19:30,Edgemead G/W,Edgemead A,1,1,,Y,,
43806819,CTTLFA 2026,K7 - Under 16 Girls Premier One,,,K7-08- Meadowridge,K7-06- Fish Hoek,10/04/26,Fri,19:40,Meadowridge,Meadowridge B,1,1,,Y,,
43575792,CTTLFA 2026,E2- Vets 035 B,,,E2-03- Green Point Salesians,E2-06- FN Rangers B,10/04/26,Fri,20:30,Green Point,Green Point A,3,0,Home Walkover,Y,,
43575788,CTTLFA 2026,E2- Vets 035 B,,,E2-10- Wynberg St Johns,E2-02- Durbanville,10/04/26,Fri,20:30,Wynberg st Johns,Wynberg A,2,2,,Y,,
43262399,CTTLFA 2026,F1 - Vets 040 A,,,F1-08- Stephanian Ottery,F1-04- FN Rangers,10/04/26,Fri,20:30,Stephanian Ottery,Stephanian Ottery B,1,1,,Y,,
43575656,CTTLFA 2026,F2 - Vets 040 B,,,F2-06- Kuilsriver,F2-09- Wynberg St Johns,10/04/26,Fri,20:30,Serepta Sports Ground,Serepta Sports Ground A,3,3,,Y,,
43262889,CTTLFA 2026,G4 - Vets 050 A,,,G4-08- Tramway,G4-02- Fish Hoek,10/04/26,Fri,20:30,Tramway,Groenewald Park A,5,1,,Y,,
43256944,CTTLFA 2026,O1 - Under 12 Premier One,,,O1-01- Camps Bay,O1-04- FC Kapstadt,11/04/26,Sat,08:15,Camps Bay,Maidens Cove,1,6,,Y,,
43256945,CTTLFA 2026,O1 - Under 12 Premier One,,,O1-02- Cape Town Spurs,O1-13- Wynberg St Johns,11/04/26,Sat,08:15,Cape Town Spurs,Ikamva C,0,1,,Y,,
43256946,CTTLFA 2026,O1 - Under 12 Premier One,,,O1-07- Hellenic,O1-03- De Beers,11/04/26,Sat,08:15,Hellenic,Tygerhof Sports Complex A,3,2,,Y,,
43256947,CTTLFA 2026,O1 - Under 12 Premier One,,,O1-09- Norway Parks,O1-06- Hanover Park,11/04/26,Sat,08:15,Norway Parks,Royal Road A,11,0,,Y,,
43256948,CTTLFA 2026,O1 - Under 12 Premier One,,,O1-10- Rygersdal,O1-05- FN Rangers,11/04/26,Sat,08:15,Rygersdal,Rygersdal A,0,1,,Y,,
43256949,CTTLFA 2026,O1 - Under 12 Premier One,,,O1-11- Table View,O1-08- Northpine United,11/04/26,Sat,08:15,Table View,Table View A,3,0,,Y,,
43257365,CTTLFA 2026,O2 - Under 12 Premier Two,,,O2-01- Clyde Pinelands,O2-06- Kuilsriver,11/04/26,Sat,08:15,Clyde Pinelands,Ringwood Drive A,5,1,,Y,,
43257366,CTTLFA 2026,O2 - Under 12 Premier Two,,,O2-03- Edgemead G/W,O2-02- Durbanville,11/04/26,Sat,08:15,Edgemead G/W,Edgemead A,2,2,,Y,,
43257367,CTTLFA 2026,O2 - Under 12 Premier Two,,,O2-07- Meadowridge,O2-12- Young Bafana,11/04/26,Sat,08:15,Meadowridge,Meadowridge A,2,1,,Y,,
43257369,CTTLFA 2026,O2 - Under 12 Premier Two,,,O2-10- Stephanian Ottery,O2-05- Kensington,11/04/26,Sat,08:15,Stephanian Ottery,Stephanian Ottery B,1,0,,Y,,
43257370,CTTLFA 2026,O2 - Under 12 Premier Two,,,O2-11- Sunningdale City,O2-08- Saxon Rovers,11/04/26,Sat,08:15,Sunningdale City,Sunningdale A,7,1,,Y,,
43805079,CTTLFA 2026,O3 - Under 12 Premier Three,,,O3-16- Garlandale,O3-01- Avendale Athletico,11/04/26,Sat,08:15,Garlandale,Garlandale A,4,0,,Y,,
43805080,CTTLFA 2026,O3 - Under 12 Premier Three,,,O3-17- Queens Park,O3-04- Chelsea Bridgetown,11/04/26,Sat,08:15,Paddock Road A,Queens Park Paddock A,4,1,,Y,,
43274189,CTTLFA 2026,O4 - Under 12 Division Four,,,O4-02- Cape Town Spurs B,O4-01- Camps Bay B.,11/04/26,Sat,08:15,Cape Town Spurs,Ikamva D,8,1,,Y,,
43274187,CTTLFA 2026,O4 - Under 12 Division Four,,,O4-03- De Beers B.,O4-09- Table View B,11/04/26,Sat,08:15,De Beers,Somerset West B,9,1,,Y,,
43274186,CTTLFA 2026,O4 - Under 12 Division Four,,,O4-04- FN Rangers B,O4-06- Norway Parks B,11/04/26,Sat,08:15,FN Rangers,FNB Stadium A,1,0,,Y,,
43274192,CTTLFA 2026,O4 - Under 12 Division Four,,,O4-07- Rygersdal B,O4-11- Wynberg St Johns B.,11/04/26,Sat,08:15,Rygersdal,Rygersdal B,4,2,,Y,,
43274191,CTTLFA 2026,O4 - Under 12 Division Four,,,O4-10- CR Vasco Da Gama B,O4-05- Northpine United B,11/04/26,Sat,08:15,Vasco da Gama,Da Gama Park C,7,1,,Y,,
43274190,CTTLFA 2026,O5 - Under 12 Division Five,,,O5-02- Bothasig B,O5-03- Clyde Pinelands B,11/04/26,Sat,08:15,Bothasig,Abe Sher B,3,0,Home Walkover,Y,,
43274188,CTTLFA 2026,O5 - Under 12 Division Five,,,O5-04- Durbanville B.,O5-05- Edgemead G/W B.,11/04/26,Sat,08:15,Durbanville,Klazinga Park B,2,1,,Y,,
43274193,CTTLFA 2026,O5 - Under 12 Division Five,,,O5-07- Goodwood United B,O5-11- Sunningdale City B,11/04/26,Sat,08:15,Goodwood,Hamilton Road B,0,7,,Y,,
43274185,CTTLFA 2026,O5 - Under 12 Division Five,,,O5-09- Meadowridge B.,O5-08- Kuilsriver B.,11/04/26,Sat,08:15,Meadowridge,Meadowridge A,9,0,,Y,,
43331082,CTTLFA 2026,O6 - Under 12 Division Six,,,O6-02- Brooklyn Superstars,O6-04- FC Kapstadt B,11/04/26,Sat,08:15,Bayview Sports Complex,Brooklyn Bayview Sports Complex A,0,4,,Y,,
43331084,CTTLFA 2026,O6 - Under 12 Division Six,,,O6-08- Stephanian Ottery C,O6-06- Grass Boots B,11/04/26,Sat,08:15,Stephanian Ottery,Stephanian Ottery C,1,3,,Y,,
43806060,CTTLFA 2026,O8- Under 12 Division Seven,,,O8-05- Norway Parks C,O8-08- Wynberg St Johns C,11/04/26,Sat,08:15,Norway Parks,Royal Road D,0,3,Away Walkover,Y,,
43806067,CTTLFA 2026,O8- Under 12 Division Seven,,,O8-07- Tramway B,O8-06- Rygersdal C,11/04/26,Sat,08:15,Tramway,Groenewald Park B,3,0,Home Walkover,Y,,
43256788,CTTLFA 2026,M1 - Under 14 Premier One,,,M1-01- Camps Bay,M1-04- FC Kapstadt,11/04/26,Sat,09:30,Camps Bay,Maidens Cove,0,5,,Y,,
43256789,CTTLFA 2026,M1 - Under 14 Premier One,,,M1-02- Cape Town Spurs,M1-13- Wynberg St Johns,11/04/26,Sat,09:30,Cape Town Spurs,Ikamva A,1,5,,Y,,
43256790,CTTLFA 2026,M1 - Under 14 Premier One,,,M1-07- Hellenic,M1-03- De Beers,11/04/26,Sat,09:30,Hellenic,Tygerhof Sports Complex A,2,2,,Y,,
43256791,CTTLFA 2026,M1 - Under 14 Premier One,,,M1-09- Norway Parks,M1-06- Hanover Park,11/04/26,Sat,09:30,Norway Parks,Royal Road A,2,0,,Y,,
43256792,CTTLFA 2026,M1 - Under 14 Premier One,,,M1-10- Rygersdal,M1-05- FN Rangers,11/04/26,Sat,09:30,Rygersdal,Rygersdal A,3,0,,Y,,
43256793,CTTLFA 2026,M1 - Under 14 Premier One,,,M1-11- Table View,M1-08- Northpine United,11/04/26,Sat,09:30,Table View,Table View A,0,1,,Y,,
43257233,CTTLFA 2026,M2 - Under 14 Premier Two,,,M2-01- Clyde Pinelands,M2-06- Kuilsriver,11/04/26,Sat,09:30,Clyde Pinelands,Ringwood Drive A,4,3,,Y,,
43257234,CTTLFA 2026,M2 - Under 14 Premier Two,,,M2-03- Edgemead G/W,M2-02- Durbanville,11/04/26,Sat,09:30,Edgemead G/W,Edgemead A,2,3,,Y,,
43257235,CTTLFA 2026,M2 - Under 14 Premier Two,,,M2-07- Meadowridge,M2-12- Young Bafana,11/04/26,Sat,09:30,Meadowridge,Meadowridge A,0,4,,Y,,
43257237,CTTLFA 2026,M2 - Under 14 Premier Two,,,M2-10- Stephanian Ottery,M2-05- Kensington,11/04/26,Sat,09:30,Stephanian Ottery,Stephanian Ottery B,1,3,,Y,,
43257238,CTTLFA 2026,M2 - Under 14 Premier Two,,,M2-11- Sunningdale City,M2-08- Saxon Rovers,11/04/26,Sat,09:30,Sunningdale City,Sunningdale A,2,3,,Y,,
43805458,CTTLFA 2026,M3 - Under 14 Premier Three,,,M3-16- Garlandale,M3-01- Avendale Athletico,11/04/26,Sat,09:30,Garlandale,Garlandale A,5,2,,Y,,
43805459,CTTLFA 2026,M3 - Under 14 Premier Three,,,M3-17- Queens Park,M3-04- Chelsea Bridgetown,11/04/26,Sat,09:30,Paddock Road A,Queens Park Paddock A,1,2,,Y,,
43279129,CTTLFA 2026,M4 - Under 14 Division Four,,,M4-02- Cape Town Spurs B,M4-01- Camps Bay B.,11/04/26,Sat,09:30,Cape Town Spurs,Ikamva C,8,1,,Y,,
43279130,CTTLFA 2026,M4 - Under 14 Division Four,,,M4-03- De Beers B.,M4-09- Table View B,11/04/26,Sat,09:30,De Beers,Somerset West B,2,1,,Y,,
43279131,CTTLFA 2026,M4 - Under 14 Division Four,,,M4-04- FN Rangers B,M4-06- Norway Parks B,11/04/26,Sat,09:30,FN Rangers,FNB Stadium A,3,1,,Y,,
43279132,CTTLFA 2026,M4 - Under 14 Division Four,,,M4-07- Rygersdal B,M4-11- Wynberg St Johns B.,11/04/26,Sat,09:30,Rygersdal,Rygersdal B,3,5,,Y,,
43279133,CTTLFA 2026,M4 - Under 14 Division Four,,,M4-10- CR Vasco Da Gama B,M4-05- Northpine United B,11/04/26,Sat,09:30,Vasco da Gama,Da Gama Park C,1,1,,Y,,
43279465,CTTLFA 2026,M5 - Under 14 Division Five,,,M5-02- Bothasig B,M5-03- Clyde Pinelands B,11/04/26,Sat,09:30,Bothasig,Abe Sher B,4,0,,Y,,
43279466,CTTLFA 2026,M5 - Under 14 Division Five,,,M5-04- Durbanville B.,M5-05- Edgemead G/W B.,11/04/26,Sat,09:30,Durbanville,Klazinga Park B,0,1,,Y,,
43279467,CTTLFA 2026,M5 - Under 14 Division Five,,,M5-07- Goodwood United B,M5-11- Sunningdale City B,11/04/26,Sat,09:30,Goodwood,Hamilton Road B,5,0,,Y,,
43279468,CTTLFA 2026,M5 - Under 14 Division Five,,,M5-09- Meadowridge B.,M5-08- Kuilsriver B.,11/04/26,Sat,09:30,Meadowridge,Meadowridge A,3,0,Home Walkover,Y,,
43272838,CTTLFA 2026,M6 - Under 14 Division Six,,,M6-04- Kensington B,M6-02- Brooklyn Superstars,11/04/26,Sat,09:30,Kensington,14 Avenue B,0,3,,Y,,
43272837,CTTLFA 2026,M6 - Under 14 Division Six,,,M6-05- Edgemead G/W C,M6-03- Bye,11/04/26,Sat,09:30,Edgemead G/W,Edgemead C,0,0,,Y,,
43806273,CTTLFA 2026,M7 - Under 14 Division Seven,,,M7-06- Sunningdale City C.,M7-04- Northpine United C,11/04/26,Sat,09:30,Sunningdale City,Sunningdale B,0,5,,Y,,
43806155,CTTLFA 2026,M7 - Under 14 Division Seven,,,M7-08- Wynberg St Johns C,M7-01- Bothasig C,11/04/26,Sat,09:30,Wynberg st Johns,Wynberg A,1,7,,Y,,
43806272,CTTLFA 2026,M7 - Under 14 Division Seven,,,M7-09- Durbanville C,M7-07- Table View C,11/04/26,Sat,09:30,Durbanville,Klazinga Park C,8,3,,Y,,
43574566,CTTLFA 2026,M8 - Under 14 Girls Premier One,,,M8-03- Camps Bay,M8-01- Bellville City,11/04/26,Sat,09:30,Camps Bay,"Symmonds Field, Camps Bay Drive",0,3,Away Walkover,Y,,
43574564,CTTLFA 2026,M8 - Under 14 Girls Premier One,,,M8-06- Norway Parks,M8-09- Stephanian Ottery,11/04/26,Sat,09:30,Norway Parks,Royal Road B,0,2,,Y,,
43806144,CTTLFA 2026,M9- Under 14 Division Eight,,,M9-03- Edgemead G/W D,M9-01- Bellville City C,11/04/26,Sat,09:30,Edgemead G/W,Edgemead D,2,10,,Y,,
43806276,CTTLFA 2026,M9- Under 14 Division Eight,,,M9-06- Northpine United D,M9-04- Tramway,11/04/26,Sat,09:30,Northpine United,Central Park B,0,7,,Y,,
43806159,CTTLFA 2026,M9- Under 14 Division Eight,,,M9-07- Bye,M9-02- Bothasig D,11/04/26,Sat,09:30,Norway Parks,Royal Road D,0,0,,Y,,
43274194,CTTLFA 2026,O5 - Under 12 Division Five,,,O5-10- Stephanian Ottery B,O5-06- Fish Hoek B.,11/04/26,Sat,09:30,Stephanian Ottery,Stephanian Ottery C,3,0,Home Walkover,Y,,
43806895,CTTLFA 2026,K7 - Under 16 Girls Premier One,,,K7-01- Badgers,K7-04- Camps Bay,11/04/26,Sat,10:00,Badgers FC,Oranjezicht A,0,7,,Y,,
43574468,CTTLFA 2026,O7 - Under 12 Girls Premier One (9v9),,,O7-01- Bellville City,O7-08- Wynberg St Johns,11/04/26,Sat,10:30,Bellville City,PP Smit Stadium D,3,0,Home Walkover,Y,,
43256632,CTTLFA 2026,K1 - Under 16 Premier One,,,K1-01- Camps Bay,K1-04- FC Kapstadt,11/04/26,Sat,10:50,Camps Bay,Maidens Cove,3,1,,Y,,
43256633,CTTLFA 2026,K1 - Under 16 Premier One,,,K1-02- Cape Town Spurs,K1-13- Wynberg St Johns,11/04/26,Sat,10:50,Cape Town Spurs,Ikamva A,2,4,,Y,,
43256634,CTTLFA 2026,K1 - Under 16 Premier One,,,K1-07- Hellenic,K1-03- De Beers,11/04/26,Sat,10:50,Hellenic,Tygerhof Sports Complex A,2,2,,Y,,
43256635,CTTLFA 2026,K1 - Under 16 Premier One,,,K1-09- Norway Parks,K1-06- Hanover Park,11/04/26,Sat,10:50,Norway Parks,Royal Road A,0,0,,Y,,
43256636,CTTLFA 2026,K1 - Under 16 Premier One,,,K1-10- Rygersdal,K1-05- FN Rangers,11/04/26,Sat,10:50,Rygersdal,Rygersdal A,3,2,,Y,,
43256637,CTTLFA 2026,K1 - Under 16 Premier One,,,K1-11- Table View,K1-08- Northpine United,11/04/26,Sat,10:50,Table View,Table View A,1,3,,Y,,
43257100,CTTLFA 2026,K2 - Under 16 Premier Two,,,K2-01- Clyde Pinelands,K2-06- Kuilsriver,11/04/26,Sat,10:50,Clyde Pinelands,Ringwood Drive A,3,0,Home Walkover,Y,,
43257101,CTTLFA 2026,K2 - Under 16 Premier Two,,,K2-03- Edgemead G/W,K2-02- Durbanville,11/04/26,Sat,10:50,Edgemead G/W,Edgemead A,0,7,,Y,,
43257102,CTTLFA 2026,K2 - Under 16 Premier Two,,,K2-07- Meadowridge,K2-12- Young Bafana,11/04/26,Sat,10:50,Meadowridge,Meadowridge A,3,1,,Y,,
43257104,CTTLFA 2026,K2 - Under 16 Premier Two,,,K2-10- Stephanian Ottery,K2-05- Kensington,11/04/26,Sat,10:50,Stephanian Ottery,Stephanian Ottery B,5,0,,Y,,
43257105,CTTLFA 2026,K2 - Under 16 Premier Two,,,K2-11- Sunningdale City,K2-08- Saxon Rovers,11/04/26,Sat,10:50,Sunningdale City,Sunningdale A,3,2,,Y,,
43805073,CTTLFA 2026,K3 - Under 16 Premier Three,,,K3-16- Garlandale,K3-01- Avendale Athletico,11/04/26,Sat,10:50,Garlandale,Garlandale A,4,2,,Y,,
43805074,CTTLFA 2026,K3 - Under 16 Premier Three,,,K3-17- Queens Park,K3-04- Chelsea Bridgetown,11/04/26,Sat,10:50,Paddock Road A,Queens Park Paddock A,1,1,,Y,,
43279240,CTTLFA 2026,K4 - Under 16 Division Four,,,K4-02- Cape Town Spurs B,K4-01- Bye,11/04/26,Sat,10:50,Cape Town Spurs,Ikamva C,0,0,,Y,,
43279241,CTTLFA 2026,K4 - Under 16 Division Four,,,K4-03- De Beers B.,K4-09- Table View B.,11/04/26,Sat,10:50,De Beers,Somerset West B,1,4,,Y,,
43279242,CTTLFA 2026,K4 - Under 16 Division Four,,,K4-04- FN Rangers B,K4-06- Norway Parks B,11/04/26,Sat,10:50,FN Rangers,FNB Stadium B,3,5,,Y,,
43279244,CTTLFA 2026,K4 - Under 16 Division Four,,,K4-10- CR Vasco Da Gama B,K4-05- Northpine United B,11/04/26,Sat,10:50,Vasco da Gama,Da Gama Park C,3,3,,Y,,
43279355,CTTLFA 2026,K5 - Under 16 Division Five,,,K5-02- Bothasig B,K5-03- Clyde Pinelands B,11/04/26,Sat,10:50,Bothasig,Abe Sher A,5,1,,Y,,
43279356,CTTLFA 2026,K5 - Under 16 Division Five,,,K5-04- Durbanville B.,K5-05- Edgemead G/W B.,11/04/26,Sat,10:50,Durbanville,Klazinga Park B,1,3,,Y,,
43279357,CTTLFA 2026,K5 - Under 16 Division Five,,,K5-07- Goodwood United B,K5-11- Sunningdale City B,11/04/26,Sat,10:50,Goodwood,Hamilton Road B,4,9,,Y,,
43279358,CTTLFA 2026,K5 - Under 16 Division Five,,,K5-09- Meadowridge B.,K5-08- Kuilsriver B.,11/04/26,Sat,10:50,Meadowridge,Meadowridge A,3,0,Home Walkover,Y,,
43805706,CTTLFA 2026,K6 - Under 16 Division Six,,,K6-02- Bothasig C,K6-01- Bye.,11/04/26,Sat,10:50,Bothasig,Abe Sher C,0,0,,Y,,
43805749,CTTLFA 2026,K6 - Under 16 Division Six,,,K6-05- JMI,K6-04- Holy Cross B,11/04/26,Sat,10:50,Norway Parks,Royal Road E,2,4,,Y,,
43805707,CTTLFA 2026,K6 - Under 16 Division Six,,,K6-07- Ruyterwacht B,K6-08- Sunningdale City C,11/04/26,Sat,10:50,Ruyterwacht,Bev Can B,0,0,,Y,,
43805834,CTTLFA 2026,K6 - Under 16 Division Six,,,K6-11- Kensington B,K6-09- Table View C,11/04/26,Sat,10:50,Kensington,14 Avenue B,0,3,,Y,,
43806824,CTTLFA 2026,K7 - Under 16 Girls Premier One,,,K7-02- Bellville City,K7-11- Bye.,11/04/26,Sat,10:50,Bellville City,PP Smit Stadium B,0,0,,Y,,
43806974,CTTLFA 2026,K7 - Under 16 Girls Premier One,,,K7-05- Clyde Pinelands,K7-09- Bye.,11/04/26,Sat,10:50,Clyde Pinelands,Ringwood Drive B,0,0,,Y,,
43806972,CTTLFA 2026,K7 - Under 16 Girls Premier One,,,K7-15- Norway Parks,K7-13- Wynberg St Johns,11/04/26,Sat,10:50,Norway Parks,Royal Road B,3,0,Home Walkover,Y,,
43805801,CTTLFA 2026,K8- Under 16 Division Seven,,,K8-01- Bothasig D,K8-03- Edgemead G/W C,11/04/26,Sat,10:50,Bothasig,Abe Sher D,0,2,,Y,,
43805737,CTTLFA 2026,K8- Under 16 Division Seven,,,K8-08- Table View D,K8-07- Rygersdal C,11/04/26,Sat,10:50,Table View,Table View B,0,5,,Y,,
43279469,CTTLFA 2026,M5 - Under 14 Division Five,,,M5-10- Stephanian Ottery B,M5-06- Fish Hoek B.,11/04/26,Sat,10:50,Stephanian Ottery,Stephanian Ottery C,7,1,,Y,,
43272836,CTTLFA 2026,M6 - Under 14 Division Six,,,M6-08- Holy Cross B.,M6-06- FC Kapstadt B,11/04/26,Sat,10:50,Holy Cross,Holy Cross School A,1,9,,Y,,
43574568,CTTLFA 2026,M8 - Under 14 Girls Premier One,,,M8-07- Rygersdal,M8-04- Fish Hoek,11/04/26,Sat,10:50,Rygersdal,Rygersdal B,0,3,Away Walkover,Y,,
43331083,CTTLFA 2026,O6 - Under 12 Division Six,,,O6-09- Holy Cross B,O6-05- Fish Hoek C,11/04/26,Sat,12:15,Holy Cross,Holy Cross School A,3,0,Home Walkover,Y,,
42989787,CTTLFA 2026,I1 - Under 18 Premier One,,,I1-01- Camps Bay,I1-04- FC Kapstadt,11/04/26,Sat,12:30,Camps Bay,Maidens Cove,2,0,,Y,,
42989789,CTTLFA 2026,I1 - Under 18 Premier One,,,I1-02- Cape Town Spurs,I1-13- Wynberg St Johns,11/04/26,Sat,12:30,Cape Town Spurs,Ikamva A,2,1,,Y,,
42989786,CTTLFA 2026,I1 - Under 18 Premier One,,,I1-07- Hellenic,I1-03- De Beers,11/04/26,Sat,12:30,Hellenic,Tygerhof Sports Complex A,5,1,,Y,,
42989791,CTTLFA 2026,I1 - Under 18 Premier One,,,I1-09- Norway Parks,I1-06- Hanover Park,11/04/26,Sat,12:30,Norway Parks,Royal Road A,2,1,,Y,,
42989788,CTTLFA 2026,I1 - Under 18 Premier One,,,I1-10- Rygersdal,I1-05- FN Rangers,11/04/26,Sat,12:30,Rygersdal,Rygersdal A,4,1,,Y,,
42989790,CTTLFA 2026,I1 - Under 18 Premier One,,,I1-11- Table View,I1-08- Northpine United,11/04/26,Sat,12:30,Table View,Table View A,0,1,,Y,,
42989980,CTTLFA 2026,I2 - Under 18 Premier Two,,,I2-01- Clyde Pinelands,I2-06- Kuilsriver,11/04/26,Sat,12:30,Clyde Pinelands,Ringwood Drive A,3,0,,Y,,
42989982,CTTLFA 2026,I2 - Under 18 Premier Two,,,I2-03- Edgemead G/W,I2-02- Durbanville,11/04/26,Sat,12:30,Edgemead G/W,Edgemead A,0,3,,Y,,
42989984,CTTLFA 2026,I2 - Under 18 Premier Two,,,I2-07- Meadowridge,I2-12- Young Bafana,11/04/26,Sat,12:30,Meadowridge,Meadowridge A,0,1,,Y,,
42989983,CTTLFA 2026,I2 - Under 18 Premier Two,,,I2-10- Stephanian Ottery,I2-05- Kensington,11/04/26,Sat,12:30,Stephanian Ottery,Stephanian Ottery B,2,2,,Y,,
42989979,CTTLFA 2026,I2 - Under 18 Premier Two,,,I2-11- Sunningdale City,I2-08- Saxon Rovers,11/04/26,Sat,12:30,Sunningdale City,Sunningdale A,1,3,,Y,,
43804769,CTTLFA 2026,I3 - Under 18 Premier Three,,,I3-16- Garlandale,I3-01- Avendale Athletico,11/04/26,Sat,12:30,Garlandale,Garlandale A,9,1,,Y,,
43804772,CTTLFA 2026,I3 - Under 18 Premier Three,,,I3-17- Queens Park,I3-04- Chelsea Bridgetown,11/04/26,Sat,12:30,Queens Park,10 Dongel Road Milnerton,1,3,,Y,,
43275063,CTTLFA 2026,I4 - Under 18 Division Four,,,I4-05- Norway Parks B,I4-07- Saxon Rovers B,11/04/26,Sat,12:30,Norway Parks,Royal Road D,2,1,,Y,,
43275060,CTTLFA 2026,I4 - Under 18 Division Four,,,I4-08- Table View B,I4-04- Northpine United B,11/04/26,Sat,12:30,Table View,Table View B,1,2,,Y,,
43275062,CTTLFA 2026,I4 - Under 18 Division Four,,,I4-09- CR Vasco Da Gama B,I4-01- Bothasig B,11/04/26,Sat,12:30,Vasco da Gama,Da Gama Park C,8,1,,Y,,
43275059,CTTLFA 2026,I4 - Under 18 Division Four,,,I4-10- Wynberg St Johns B.,I4-03- FN Rangers B,11/04/26,Sat,12:30,Wynberg st Johns,Wynberg B,0,3,Away Walkover,Y,,
43805499,CTTLFA 2026,I5 - Under 18 Division Five,,,I5-01- Bothasig C,I5-02- Clyde Pinelands B,11/04/26,Sat,12:30,Bothasig,Abe Sher C,0,3,,Y,,
43805503,CTTLFA 2026,I5 - Under 18 Division Five,,,I5-03- Durbanville B.,I5-07- Meadowridge B.,11/04/26,Sat,12:30,Durbanville,Klazinga Park C,3,0,Home Walkover,Y,,
43805502,CTTLFA 2026,I5 - Under 18 Division Five,,,I5-06- JMI,I5-05- Fish Hoek B.,11/04/26,Sat,12:30,Norway Parks,Royal Road E,5,2,,Y,,
43805501,CTTLFA 2026,I5 - Under 18 Division Five,,,I5-10- Bellville City B,I5-08- Ruyterwacht B,11/04/26,Sat,12:30,Bellville City,PP Smit Stadium B,6,5,,Y,,
43279243,CTTLFA 2026,K4 - Under 16 Division Four,,,K4-07- Rygersdal B,K4-11- Wynberg St Johns B.,11/04/26,Sat,12:30,Rygersdal,Rygersdal B,3,0,Home Walkover,Y,,
43279359,CTTLFA 2026,K5 - Under 16 Division Five,,,K5-10- Stephanian Ottery B,K5-06- Fish Hoek B.,11/04/26,Sat,12:30,Stephanian Ottery,Stephanian Ottery C,0,4,,Y,,
43805803,CTTLFA 2026,K8- Under 16 Division Seven,,,K8-05- Meadowridge D,K8-06- Northpine United C,11/04/26,Sat,12:30,Meadowridge,Meadowridge A,0,2,,Y,,
43575172,CTTLFA 2026,D1 - 3rd Division,,,D1-07- Saxon Rovers,D1-01- Bellville City FC,11/04/26,Sat,14:00,Saxon Rovers,Maitland A,2,1,,Y,,
43575177,CTTLFA 2026,D1 - 3rd Division,,,D1-10- Wynberg St Johns,D1-08- Table View,11/04/26,Sat,14:00,Wynberg st Johns,Wynberg B,0,4,,Y,,
43575395,CTTLFA 2026,D2 - 4th Division,,,D2-02- Bothasig,D2-12- Kensington,11/04/26,Sat,14:00,Bothasig,Abe Sher B,0,0,,Y,,
43575392,CTTLFA 2026,D2 - 4th Division,,,D2-04- Fish Hoek,D2-03- Edgemead G/W,11/04/26,Sat,14:00,Fish Hoek,Fish Hoek B,2,3,,Y,,
43575394,CTTLFA 2026,D2 - 4th Division,,,D2-06- Ruyterwacht,D2-08- Table View,11/04/26,Sat,14:00,Ruyterwacht,Bev Can B,2,0,,Y,,
43575174,CTTLFA 2026,D3 - 5th Division,,,D3-03- Durbanville,D3-01- Bothasig,11/04/26,Sat,14:00,Durbanville,Klazinga Park B,7,0,,Y,,
43575175,CTTLFA 2026,D3 - 5th Division,,,D3-05-Bellville City,D3-06- Mutual FC,11/04/26,Sat,14:00,Bellville City,PP Smit Stadium B,5,2,,Y,,
43262400,CTTLFA 2026,F1 - Vets 040 A,,,F1-01- Bellville City,F1-02- Edgemead G/W,11/04/26,Sat,14:00,Bellville City,PP Smit Stadium B,0,2,,Y,,
43575659,CTTLFA 2026,F2 - Vets 040 B,,,F2-10- Jamestown United,F2-11- Saxon Rovers,11/04/26,Sat,14:00,Saxon Rovers,Maitland B,1,1,,Y,,
43256235,CTTLFA 2026,B2 - First Reserve,,,FR-01- Bellville City FC,FR-03- Brooklyn Superstars,11/04/26,Sat,14:00,Bellville City,PP Smit Stadium A,3,1,,Y,,
43256237,CTTLFA 2026,B2 - First Reserve,,,FR-05- JMI,FR-11- Stephanian Ottery,11/04/26,Sat,14:00,Norway Parks,Royal Road B,2,6,,Y,,
43256238,CTTLFA 2026,B2 - First Reserve,,,FR-08- Meadowridge,FR-02- Bothasig,11/04/26,Sat,14:00,Meadowridge,Meadowridge A,3,2,,Y,,
43256239,CTTLFA 2026,B2 - First Reserve,,,FR-10- Ruyterwacht,FR-09- Northpine United,11/04/26,Sat,14:00,Ruyterwacht,Bevcan A,5,2,,Y,,
43256236,CTTLFA 2026,B2 - First Reserve,,,FR-12- Sunningdale City,FR-04- Garden Village,11/04/26,Sat,14:00,Sunningdale City,Sunningdale A,6,1,,Y,,
43256240,CTTLFA 2026,B2 - First Reserve,,,FR-13- Tramway,FR-07- Kuilsriver,11/04/26,Sat,14:00,Tramway,Groenewald Park A,0,2,,Y,,
43806359,CTTLFA 2026,G1 - Vets 045 A,,,G1-01- De Beers,G1-07- Tramway,11/04/26,Sat,14:00,De Beers,Somerset West B,2,2,,Y,,
43806384,CTTLFA 2026,G1 - Vets 045 A,,,G1-11- Lansdowne,G1-09- Garden Village,11/04/26,Sat,14:00,Lansdowne,Chukker Road A,2,1,,Y,,
43806404,CTTLFA 2026,G1 - Vets 045 A,,,G1-12- Table View,G1-08- Bothasig,11/04/26,Sat,14:00,Table View,Table View B,0,3,Away Walkover,Y,,
43262890,CTTLFA 2026,G4 - Vets 050 A,,,G4-03- FN Rangers,G4-06- Rygersdal,11/04/26,Sat,14:00,FN Rangers,FNB Stadium A,2,0,,Y,,
43262891,CTTLFA 2026,G4 - Vets 050 A,,,G4-04- Hanover Park,G4-07- Stephanian Ottery,11/04/26,Sat,14:00,Hanover Park,Hanover Park B,3,1,,Y,,
43262716,CTTLFA 2026,G5 - Vets 050 B,,,G5-02- Bye.,G5-07- Hanover Park B,11/04/26,Sat,14:00,Bye,#1,0,0,,Y,,
43262711,CTTLFA 2026,G5 - Vets 050 B,,,G5-06- Green Point Salesians,G5-01- Bothasig,11/04/26,Sat,14:00,Green Point,Green Point B,2,2,,Y,,
43262710,CTTLFA 2026,G5 - Vets 050 B,,,G5-09- Meadowridge,G5-10- West End United B,11/04/26,Sat,14:00,Meadowridge,Meadowridge B,3,1,,Y,,
43575061,CTTLFA 2026,G6 - Vets O50 C,,,G6-05- Table View,G6-04- Stephanian Ottery B,11/04/26,Sat,14:00,Table View,Table View C,2,2,,Y,,
43275061,CTTLFA 2026,I4 - Under 18 Division Four,,,I4-06- Rygersdal B.,I4-02- Cape Town Spurs B,11/04/26,Sat,14:00,Rygersdal,Rygersdal B,2,3,,Y,,
43256047,CTTLFA 2026,A2 - Premier Reserve,,,PR-02- Edgemead G/W,PR-14- Wynberg St Johns,11/04/26,Sat,14:00,Edgemead G/W,Edgemead A,1,2,,Y,,
43256048,CTTLFA 2026,A2 - Premier Reserve,,,PR-03- Fish Hoek,PR-10- Saxon Rovers,11/04/26,Sat,14:00,Fish Hoek,Fish Hoek A,1,0,,Y,,
43256049,CTTLFA 2026,A2 - Premier Reserve,,,PR-06- Hanover Park,PR-01- Durbanville,11/04/26,Sat,14:00,Hanover Park,Hanover Park A,0,7,,Y,,
43256050,CTTLFA 2026,A2 - Premier Reserve,,,PR-08- Norway Parks,PR-07- Holy Cross,11/04/26,Sat,14:00,Norway Parks,Royal Road A,1,0,,Y,,
43256051,CTTLFA 2026,A2 - Premier Reserve,,,PR-09- Rygersdal,PR-04- FN Rangers,11/04/26,Sat,14:00,Rygersdal,Rygersdal A,4,3,,Y,,
43256052,CTTLFA 2026,A2 - Premier Reserve,,,PR-11- Table View,PR-05- Green Point Salesians,11/04/26,Sat,14:00,Table View,Table View A,0,3,Away Walkover,Y,,
43256053,CTTLFA 2026,A2 - Premier Reserve,,,PR-13- C.R. Vasco Da Gama,PR-12- UCT,11/04/26,Sat,14:00,Vasco da Gama,Da Gama Park A,3,0,Home Walkover,Y,,
43256391,CTTLFA 2026,C2 - Second Reserve,,,SR-01- Avendale Athletico,SR-08- Bye,11/04/26,Sat,14:00,Avendale Athletico,Field Crescent A,0,0,,Y,,
43256392,CTTLFA 2026,C2 - Second Reserve,,,SR-02- Barmsley Spurs,SR-09- Goodwood United,11/04/26,Sat,14:00,Chelsea,Hickory Road A,2,8,,Y,,
43256394,CTTLFA 2026,C2 - Second Reserve,,,SR-07- FC Kapstadt,SR-04- Chelsea Bridgetown,11/04/26,Sat,14:00,FC Kapstadt,Hartleyvale D,6,1,,Y,,
43256395,CTTLFA 2026,C2 - Second Reserve,,,SR-10- Hellenic,SR-11- Mutual FC,11/04/26,Sat,14:00,Hellenic,Tygerhof Sports Complex A,0,3,,Y,,
43256517,CTTLFA 2026,C2 - Second Reserve,,,SR-12- Queens Park,SR-03- Camps Bay,11/04/26,Sat,14:00,Queens Park,10 Dongel Road Milnerton,2,1,,Y,,
43256396,CTTLFA 2026,C2 - Second Reserve,,,SR-13- Varsity College,SR-05- Clyde Pinelands,11/04/26,Sat,14:00,Avenue De Mist,Ave De Mist - A,1,7,,Y,,
43256397,CTTLFA 2026,C2 - Second Reserve,,,SR-14- West End United,SR-06- De Beers,11/04/26,Sat,14:00,West End United,West End Park A,2,2,,Y,,
43256398,CTTLFA 2026,C2 - Second Reserve,,,SR-16- YSD Macassar,SR-15- Young Bafana,11/04/26,Sat,14:00,YSD Macassar,YSD Macassar A,3,3,,Y,,
43575528,CTTLFA 2026,D4 - 6th Division,,,D4-03- De Beers,D4-04- Holy Cross,11/04/26,Sat,15:30,De Beers,Somerset West B,3,0,,Y,,
43575169,CTTLFA 2026,D1 - 3rd Division,,,D1-03- Durbanville,D1-09- C.R. Vasco Da Gama,11/04/26,Sat,15:45,Durbanville,Klazinga Park B,2,3,,Y,,
43575178,CTTLFA 2026,D1 - 3rd Division,,,D1-04- Edgemead G/W,D1-02- Bothasig,11/04/26,Sat,15:45,Edgemead G/W,Edgemead A,1,1,,Y,,
43575393,CTTLFA 2026,D2 - 4th Division,,,D2-10- Wynberg St Johns,D2-09- C.R. Vasco Da Gama,11/04/26,Sat,15:45,Wynberg st Johns,Wynberg B,0,2,,Y,,
43575171,CTTLFA 2026,D3 - 5th Division,,,D3-02- Clyde Pinelands,D3-04- Edgemead G/W,11/04/26,Sat,15:45,Clyde Pinelands,Ringwood Drive B,2,2,,Y,,
43575176,CTTLFA 2026,D3 - 5th Division,,,D3-10- C.R. Vasco Da Gama,D3-08- Table View,11/04/26,Sat,15:45,Vasco da Gama,Da Gama Park C,3,3,,Y,,
43575903,CTTLFA 2026,E1- Vets 035,,,E1-04-FN Rangers,E1-01- Avendale Athletico,11/04/26,Sat,15:45,FN Rangers,FNB Stadium C,2,2,,Y,,
43575904,CTTLFA 2026,E1- Vets 035,,,E1-06- Hanover Park,E1-08- Ruyterwacht,11/04/26,Sat,15:45,Hanover Park,Hanover Park B,0,1,,Y,,
43575902,CTTLFA 2026,E1- Vets 035,,,E1-09- Bye,E1-02- Camps Bay,11/04/26,Sat,15:45,Bye,#1,0,0,,Y,,
43575791,CTTLFA 2026,E2- Vets 035 B,,,E2-08- Everton United,E2-12- Clyde Pinelands B,11/04/26,Sat,15:45,Bye,#1,0,0,,Y,,
43575789,CTTLFA 2026,E2- Vets 035 B,,,E2-09- Tramway,E2-11- Turfhall,11/04/26,Sat,15:45,Tramway,Groenewald Park B,3,3,,Y,,
43575661,CTTLFA 2026,F2 - Vets 040 B,,,F2-03- Garlandale,F2-07- Bye,11/04/26,Sat,15:45,Garlandale,Garlandale B,0,0,,Y,,
43575660,CTTLFA 2026,F2 - Vets 040 B,,,F2-04- Goodwood United,F2-05- Green Point Salesians,11/04/26,Sat,15:45,Goodwood,Hamilton Road B,0,2,,Y,,
42990153,CTTLFA 2026,B1 - First Division,,,FD-01- Bellville City FC,FD-03- Brooklyn Superstars,11/04/26,Sat,15:45,Bellville City,PP Smit Stadium A,4,2,,Y,,
42990158,CTTLFA 2026,B1 - First Division,,,FD-05- JMI,FD-11- Stephanian Ottery,11/04/26,Sat,15:45,Norway Parks,Royal Road B,2,1,,Y,,
42990157,CTTLFA 2026,B1 - First Division,,,FD-08- Meadowridge,FD-02- Bothasig,11/04/26,Sat,15:45,Meadowridge,Meadowridge A,1,4,,Y,,
42990154,CTTLFA 2026,B1 - First Division,,,FD-10- Ruyterwacht,FD-09- Northpine United,11/04/26,Sat,15:45,Ruyterwacht,Bevcan A,2,0,,Y,,
42990155,CTTLFA 2026,B1 - First Division,,,FD-12- Sunningdale City,FD-04- Garden Village,11/04/26,Sat,15:45,Sunningdale City,Sunningdale A,2,1,,Y,,
42990156,CTTLFA 2026,B1 - First Division,,,FD-13- Tramway,FD-07- Kuilsriver,11/04/26,Sat,15:45,Tramway,Groenewald Park A,0,4,,Y,,
42996862,CTTLFA 2026,A1 - Premier Division,,,PD-02- Edgemead G/W,PD-14- Wynberg St Johns,11/04/26,Sat,15:45,Edgemead G/W,Edgemead A,5,1,,Y,,
42996863,CTTLFA 2026,A1 - Premier Division,,,PD-03- Fish Hoek,PD-10- Saxon Rovers,11/04/26,Sat,15:45,Fish Hoek,Fish Hoek A,0,3,,Y,,
42996860,CTTLFA 2026,A1 - Premier Division,,,PD-06- Hanover Park,PD-01- Durbanville,11/04/26,Sat,15:45,Hanover Park,Hanover Park A,0,15,,Y,,
42996864,CTTLFA 2026,A1 - Premier Division,,,PD-08- Norway Parks,PD-07- Holy Cross,11/04/26,Sat,15:45,Norway Parks,Royal Road A,1,0,,Y,,
42996859,CTTLFA 2026,A1 - Premier Division,,,PD-09- Rygersdal,PD-04- FN Rangers,11/04/26,Sat,15:45,Rygersdal,Rygersdal A,3,2,,Y,,
42996861,CTTLFA 2026,A1 - Premier Division,,,PD-11- Table View,PD-05- Green Point Salesians,11/04/26,Sat,15:45,Table View,Table View A,3,0,,Y,,
42996858,CTTLFA 2026,A1 - Premier Division,,,PD-13- C.R. Vasco Da Gama,PD-12- UCT,11/04/26,Sat,15:45,Vasco da Gama,Da Gama Park A,3,0,Home Walkover,Y,,
43206458,CTTLFA 2026,C1 - Second Division,,,SD-01- Avendale Athletico,SD-08- Bye,11/04/26,Sat,15:45,Avendale Athletico,Field Crescent A,0,0,,Y,,
43206457,CTTLFA 2026,C1 - Second Division,,,SD-02- Barmsley Spurs,SD-09- Goodwood United,11/04/26,Sat,15:45,Chelsea,Hickory Road A,3,4,,Y,,
43206459,CTTLFA 2026,C1 - Second Division,,,SD-07- FC Kapstadt,SD-04- Chelsea Bridgetown,11/04/26,Sat,15:45,FC Kapstadt,Hartleyvale D,2,2,,Y,,
43206452,CTTLFA 2026,C1 - Second Division,,,SD-10- Hellenic,SD-11- Mutual FC,11/04/26,Sat,15:45,Hellenic,Tygerhof Sports Complex A,0,0,,Y,,
43206576,CTTLFA 2026,C1 - Second Division,,,SD-12- Queens Park,SD-03- Camps Bay,11/04/26,Sat,15:45,Queens Park,10 Dongel Road Milnerton,1,2,,Y,,
43206453,CTTLFA 2026,C1 - Second Division,,,SD-13- Varsity College,SD-05- Clyde Pinelands,11/04/26,Sat,15:45,Avenue De Mist,Ave De Mist - A,2,4,,Y,,
43206456,CTTLFA 2026,C1 - Second Division,,,SD-14- West End United,SD-06- De Beers,11/04/26,Sat,15:45,West End United,West End Park A,0,1,,Y,,
43206455,CTTLFA 2026,C1 - Second Division,,,SD-16- YSD Macassar,SD-15- Young Bafana,11/04/26,Sat,15:45,YSD Macassar,YSD Macassar A,7,2,,Y,,
43806146,CTTLFA 2026,M7 - Under 14 Division Seven,,,M7-03- Meadowridge C,M7-05- Rygersdal C,12/04/26,Sun,09:30,Meadowridge,Meadowridge B,2,3,,Y,,
43805709,CTTLFA 2026,K6 - Under 16 Division Six,,,K6-06- Meadowridge C,K6-03- Brooklyn Superstars,12/04/26,Sun,10:50,Meadowridge,Meadowridge A,4,1,,Y,,
43331081,CTTLFA 2026,O6 - Under 12 Division Six,,,O6-07- Meadowridge C,O6-03- Kensington B,12/04/26,Sun,11:00,Meadowridge,Meadowridge B,6,1,,Y,,
43806059,CTTLFA 2026,O8- Under 12 Division Seven,,,O8-04- Meadowridge D,O8-02- Durbanville C,12/04/26,Sun,11:00,Meadowridge,Meadowridge A,1,6,,Y,,
43806211,CTTLFA 2026,M9- Under 14 Division Eight,,,M9-05- Meadowridge D,M9-08- Table View D,12/04/26,Sun,12:30,Meadowridge,Meadowridge B,10,0,,Y,,
43575396,CTTLFA 2026,D2 - 4th Division,,,D2-07- Rygersdal,D2-01- Avendale Athletico,13/04/26,Mon,19:30,Rygersdal,Rygersdal B,3,3,,Y,,
43575526,CTTLFA 2026,D4 - 6th Division,,,D4-09- Stephanian Ottery,D4-10- Sunningdale City,13/04/26,Mon,19:30,Stephanian Ottery,Stephanian Ottery A,5,1,,Y,,
43256241,CTTLFA 2026,B2 - First Reserve,,,FR-02- Bothasig,FR-01- Bellville City FC,14/04/26,Tue,19:00,Bothasig,Abe Sher A,1,0,,Y,,
43256246,CTTLFA 2026,B2 - First Reserve,,,FR-06- Kensington,FR-13- Tramway,14/04/26,Tue,19:00,Kensington,14 Avenue A,4,0,,Y,,
43256242,CTTLFA 2026,B2 - First Reserve,,,FR-07- Kuilsriver,FR-10- Ruyterwacht,14/04/26,Tue,19:00,Serepta Sports Ground,Serepta Sports Ground A,1,2,,Y,,
43256243,CTTLFA 2026,B2 - First Reserve,,,FR-09- Northpine United,FR-03- Brooklyn Superstars,14/04/26,Tue,19:00,Northpine United,Central Park A,2,1,,Y,,
43256244,CTTLFA 2026,B2 - First Reserve,,,FR-11- Stephanian Ottery,FR-04- Garden Village,14/04/26,Tue,19:00,Stephanian Ottery,Stephanian Ottery A,2,3,,Y,,
43256245,CTTLFA 2026,B2 - First Reserve,,,FR-12- Sunningdale City,FR-08- Meadowridge,14/04/26,Tue,19:00,Sunningdale City,Sunningdale A,2,4,,Y,,
43256062,CTTLFA 2026,A2 - Premier Reserve,,,PR-05- Green Point Salesians,PR-04- FN Rangers,14/04/26,Tue,19:00,Green Point,Green Point A,4,0,,Y,,
43575901,CTTLFA 2026,E1- Vets 035,,,E1-11- C.R. Vasco Da Gama,E1-03- Clyde Pinelands,14/04/26,Tue,19:30,Vasco da Gama,Da Gama Park A,6,0,,Y,,
43262892,CTTLFA 2026,G4 - Vets 050 A,,,G4-01- Clyde Pinelands,G4-09- West End United A,14/04/26,Tue,19:30,Clyde Pinelands,Ringwood Drive A,0,2,,Y,,
43575790,CTTLFA 2026,E2- Vets 035 B,,,E2-01- Bellville City,E2-13- Cape Town Spurs,14/04/26,Tue,20:00,Bellville City,PP Smit Stadium C,3,0,Home Walkover,Y,,
43262397,CTTLFA 2026,F1 - Vets 040 A,,,F1-05- Hanover Park,F1-09- Sunningdale City,14/04/26,Tue,20:30,Hanover Park,Hanover Park A,4,1,,Y,,
42990159,CTTLFA 2026,B1 - First Division,,,FD-02- Bothasig,FD-01- Bellville City FC,14/04/26,Tue,20:30,Bothasig,Abe Sher A,3,1,,Y,,
42990163,CTTLFA 2026,B1 - First Division,,,FD-06- Kensington,FD-13- Tramway,14/04/26,Tue,20:30,Kensington,14 Avenue A,7,0,,Y,,
42990164,CTTLFA 2026,B1 - First Division,,,FD-07- Kuilsriver,FD-10- Ruyterwacht,14/04/26,Tue,20:30,Serepta Sports Ground,Serepta Sports Ground A,3,4,,Y,,
42990161,CTTLFA 2026,B1 - First Division,,,FD-09- Northpine United,FD-03- Brooklyn Superstars,14/04/26,Tue,20:30,Northpine United,Central Park A,0,2,,Y,,
42990160,CTTLFA 2026,B1 - First Division,,,FD-11- Stephanian Ottery,FD-04- Garden Village,14/04/26,Tue,20:30,Stephanian Ottery,Stephanian Ottery A,3,1,,Y,,
42990162,CTTLFA 2026,B1 - First Division,,,FD-12- Sunningdale City,FD-08- Meadowridge,14/04/26,Tue,20:30,Sunningdale City,Sunningdale A,4,1,,Y,,
42996874,CTTLFA 2026,A1 - Premier Division,,,PD-05- Green Point Salesians,PD-04- FN Rangers,14/04/26,Tue,20:30,Green Point,Green Point A,5,2,,Y,,
43575900,CTTLFA 2026,E1- Vets 035,,,E1-07- Kensington,E1-05- Goodwood United,15/04/26,Wed,19:30,Kensington,14 Avenue A,2,2,,Y,,
43806357,CTTLFA 2026,G1 - Vets 045 A,,,G1-02-Edgemead G/W,G1-06- Saxon Rovers,15/04/26,Wed,19:30,Edgemead G/W,Edgemead B,6,1,,Y,,
43806356,CTTLFA 2026,G1 - Vets 045 A,,,G1-04- Hanover Park,G1-03- FN Rangers,15/04/26,Wed,20:15,Hanover Park,Hanover Park A,0,0,,Y,,
43575794,CTTLFA 2026,E2- Vets 035 B,,,E2-12- Clyde Pinelands B,E2-07- Meadowridge,15/04/26,Wed,20:30,Clyde Pinelands,Ringwood Drive B,0,3,Away Walkover,Y,,
43317245,CTTLFA 2026,H2 - Womens First Division,,,H2-09- Stephanian Ottery,H2-06- Meadowridge,16/04/26,Thu,19:00,Stephanian Ottery,Stephanian Ottery A,1,4,,Y,,
43262727,CTTLFA 2026,G5 - Vets 050 B,,,G5-01- Bothasig,G5-09- Meadowridge,16/04/26,Thu,19:30,Bothasig,Abe Sher A,1,0,,Y,,
43575064,CTTLFA 2026,G6 - Vets O50 C,,,G6-01- Avendale Athletico,G6-11- Bye,16/04/26,Thu,20:00,Chelsea,Hickory Road A,0,0,,Y,,
43575067,CTTLFA 2026,G6 - Vets O50 C,,,G6-02- Hanover Park C,G6-09- YMO FC,16/04/26,Thu,20:15,Hanover Park,Hanover Park A,2,1,,Y,,
43575905,CTTLFA 2026,E1- Vets 035,,,E1-03- Clyde Pinelands,E1-02- Camps Bay,16/04/26,Thu,20:30,Clyde Pinelands,Ringwood Drive A,2,2,,Y,,
43262406,CTTLFA 2026,F1 - Vets 040 A,,,F1-03- Fish Hoek,F1-07- Rygersdal,16/04/26,Thu,20:30,Fish Hoek,Fish Hoek A,1,1,,Y,,
43575664,CTTLFA 2026,F2 - Vets 040 B,,,F2-12- Sunningdale City B,F2-04- Goodwood United,17/04/26,Fri,19:00,Sunningdale City,Sunningdale B,4,3,,Y,,
43806530,CTTLFA 2026,H1 - Womens Premier League,,,H1-04- Fish Hoek,H1-03- Clyde Pinelands,17/04/26,Fri,19:00,Fish Hoek,Fish Hoek A,3,0,,Y,,
43806531,CTTLFA 2026,H1 - Womens Premier League,,,H1-09- Northpine United,H1-11- UCT,17/04/26,Fri,19:00,Northpine United,Central Park A,2,2,,Y,,
43806527,CTTLFA 2026,H1 - Womens Premier League,,,H1-12- Bye.,H1-05- FN Rangers,17/04/26,Fri,19:00,YSD Macassar,YSD Macassar A,0,0,,Y,,
43317244,CTTLFA 2026,H2 - Womens First Division,,,H2-13- Hout Bay,H2-12- Hanover Park,17/04/26,Fri,19:00,Hout Bay Stadium,Hout Bay Stadium,9,0,,Y,,
43262413,CTTLFA 2026,F1 - Vets 040 A,,,F1-09- Sunningdale City,F1-01- Bellville City,17/04/26,Fri,19:30,Sunningdale City,Sunningdale A,3,0,,Y,,
43575663,CTTLFA 2026,F2 - Vets 040 B,,,F2-05- Green Point Salesians,F2-10- Jamestown United,17/04/26,Fri,19:30,Green Point,Green Point A,2,0,,Y,,
43575909,CTTLFA 2026,E1- Vets 035,,,E1-08- Ruyterwacht,E1-07- Kensington,17/04/26,Fri,20:15,Kensington,14 Avenue A,2,1,,Y,,
43575532,CTTLFA 2026,D4 - 6th Division,,,D4-06- Bye,D4-05- Kuilsriver,17/04/26,Fri,20:30,Queens Park,10 Dongel Road Milnerton,0,0,,Y,,
43262896,CTTLFA 2026,G4 - Vets 050 A,,,G4-02- Fish Hoek,G4-01- Clyde Pinelands,17/04/26,Fri,20:30,Fish Hoek,Fish Hoek A,0,0,,Y,,
43256950,CTTLFA 2026,O1 - Under 12 Premier One,,,O1-03- De Beers,O1-01- Camps Bay,18/04/26,Sat,08:15,De Beers,Somerset West A,3,1,,Y,,
43256952,CTTLFA 2026,O1 - Under 12 Premier One,,,O1-05- FN Rangers,O1-12- CR Vasco Da Gama,18/04/26,Sat,08:15,FN Rangers,FNB Stadium B,3,0,,Y,,
43256953,CTTLFA 2026,O1 - Under 12 Premier One,,,O1-06- Hanover Park,O1-11- Table View,18/04/26,Sat,08:15,Hanover Park,Hanover Park A,3,0,,Y,,
43256954,CTTLFA 2026,O1 - Under 12 Premier One,,,O1-08- Northpine United,O1-10- Rygersdal,18/04/26,Sat,08:15,Northpine United,Central Park A,0,2,,Y,,
43256955,CTTLFA 2026,O1 - Under 12 Premier One,,,O1-13- Wynberg St Johns,O1-07- Hellenic,18/04/26,Sat,08:15,Wynberg st Johns,Wynberg A,0,5,,Y,,
43257371,CTTLFA 2026,O2 - Under 12 Premier Two,,,O2-01- Clyde Pinelands,O2-11- Sunningdale City,18/04/26,Sat,08:15,Clyde Pinelands,Ringwood Drive A,1,10,,Y,,
43257372,CTTLFA 2026,O2 - Under 12 Premier Two,,,O2-02- Durbanville,O2-07- Meadowridge,18/04/26,Sat,08:15,Durbanville,Klazinga Park A,0,1,,Y,,
43257373,CTTLFA 2026,O2 - Under 12 Premier Two,,,O2-04- Fish Hoek,O2-10- Stephanian Ottery,18/04/26,Sat,08:15,Fish Hoek,Fish Hoek A,1,3,,Y,,
43257375,CTTLFA 2026,O2 - Under 12 Premier Two,,,O2-08- Saxon Rovers,O2-03- Edgemead G/W,18/04/26,Sat,08:15,Saxon Rovers,Maitland A,1,1,,Y,,
43805142,CTTLFA 2026,O3 - Under 12 Premier Three,,,O3-01- Avendale Athletico,O3-08- Green Point Salesians,18/04/26,Sat,08:15,Avendale Athletico,Field Crescent A,1,3,,Y,,
43805143,CTTLFA 2026,O3 - Under 12 Premier Three,,,O3-11- Ruyterwacht,O3-07- Grass Boots,18/04/26,Sat,08:15,Ruyterwacht,Stan Abbott,2,4,,Y,,
43260890,CTTLFA 2026,O3B - Under 12 Premier Three B,,,O3-13- West End United,O3-06- Goodwood United,18/04/26,Sat,08:15,West End United,West End Park A,0,7,,Y,,
43260891,CTTLFA 2026,O3B - Under 12 Premier Three B,,,O3-14- YSD Macassar,O3-03- Bothasig,18/04/26,Sat,08:15,YSD Macassar,YSD Macassar A,3,4,,Y,,
43274198,CTTLFA 2026,O4 - Under 12 Division Four,,,O4-05- Northpine United B,O4-03- De Beers B.,18/04/26,Sat,08:15,Northpine United,Central Park B,0,3,,Y,,
43274200,CTTLFA 2026,O4 - Under 12 Division Four,,,O4-06- Norway Parks B,O4-08- Saxon Rovers B,18/04/26,Sat,08:15,Norway Parks,Royal Road B,5,1,,Y,,
43274197,CTTLFA 2026,O4 - Under 12 Division Four,,,O4-11- Wynberg St Johns B.,O4-02- Cape Town Spurs B,18/04/26,Sat,08:15,Wynberg st Johns,Wynberg B,2,0,,Y,,
43274202,CTTLFA 2026,O5 - Under 12 Division Five,,,O5-03- Clyde Pinelands B,O5-07- Goodwood United B,18/04/26,Sat,08:15,Clyde Pinelands,Ringwood Drive B,5,5,,Y,,
43274203,CTTLFA 2026,O5 - Under 12 Division Five,,,O5-05- Edgemead G/W B.,O5-09- Meadowridge B.,18/04/26,Sat,08:15,Edgemead G/W,Edgemead A,0,3,,Y,,
43274196,CTTLFA 2026,O5 - Under 12 Division Five,,,O5-06- Fish Hoek B.,O5-04- Durbanville B.,18/04/26,Sat,08:15,Fish Hoek,Fish Hoek B,3,2,,Y,,
43274199,CTTLFA 2026,O5 - Under 12 Division Five,,,O5-11- Sunningdale City B,O5-10- Stephanian Ottery B,18/04/26,Sat,08:15,Sunningdale City,Sunningdale A,4,2,,Y,,
43331087,CTTLFA 2026,O6 - Under 12 Division Six,,,O6-03- Kensington B,O6-08- Stephanian Ottery C,18/04/26,Sat,08:15,Kensington,14 Avenue B,1,2,,Y,,
43331085,CTTLFA 2026,O6 - Under 12 Division Six,,,O6-05- Fish Hoek C,O6-01- Bothasig C,18/04/26,Sat,08:15,Fish Hoek,Fish Hoek C,2,7,,Y,,
43331123,CTTLFA 2026,O6 - Under 12 Division Six,,,O6-09- Holy Cross B,O6-06- Grass Boots B,18/04/26,Sat,08:15,Holy Cross,Holy Cross School A,4,3,,Y,,
43574474,CTTLFA 2026,O7 - Under 12 Girls Premier One (9v9),,,O7-02- Bothasig,O7-03- Fish Hoek.,18/04/26,Sat,08:15,Bothasig,Abe Sher D,3,0,,Y,,
43574475,CTTLFA 2026,O7 - Under 12 Girls Premier One (9v9),,,O7-08- Wynberg St Johns,O7-06- Meadowridge B,18/04/26,Sat,08:15,Wynberg st Johns,Wynberg C,4,2,,Y,,
43260775,CTTLFA 2026,K3B - Under 16 Premier Three B,,,K3-09- Holy Cross,K3-02- Bellville City,18/04/26,Sat,09:20,Holy Cross,Voortrekker Road,5,2,,Y,,
43260889,CTTLFA 2026,O3B - Under 12 Premier Three B,,,O3-09- Holy Cross,O3-02- Bellville City,18/04/26,Sat,09:20,Holy Cross,Holy Cross School A,1,1,,Y,,
43256794,CTTLFA 2026,M1 - Under 14 Premier One,,,M1-03- De Beers,M1-01- Camps Bay,18/04/26,Sat,09:30,De Beers,Somerset West A,3,0,,Y,,
43256796,CTTLFA 2026,M1 - Under 14 Premier One,,,M1-05- FN Rangers,M1-12- CR Vasco Da Gama,18/04/26,Sat,09:30,FN Rangers,FNB Stadium B,1,1,,Y,,
43256797,CTTLFA 2026,M1 - Under 14 Premier One,,,M1-06- Hanover Park,M1-11- Table View,18/04/26,Sat,09:30,Hanover Park,Hanover Park A,2,1,,Y,,
43256798,CTTLFA 2026,M1 - Under 14 Premier One,,,M1-08- Northpine United,M1-10- Rygersdal,18/04/26,Sat,09:30,Northpine United,Central Park A,0,5,,Y,,
43256799,CTTLFA 2026,M1 - Under 14 Premier One,,,M1-13- Wynberg St Johns,M1-07- Hellenic,18/04/26,Sat,09:30,Wynberg st Johns,Wynberg A,1,0,,Y,,
43257239,CTTLFA 2026,M2 - Under 14 Premier Two,,,M2-01- Clyde Pinelands,M2-11- Sunningdale City,18/04/26,Sat,09:30,Clyde Pinelands,Ringwood Drive A,1,2,,Y,,
43257240,CTTLFA 2026,M2 - Under 14 Premier Two,,,M2-02- Durbanville,M2-07- Meadowridge,18/04/26,Sat,09:30,Durbanville,Klazinga Park A,6,1,,Y,,
43257241,CTTLFA 2026,M2 - Under 14 Premier Two,,,M2-04- Fish Hoek,M2-10- Stephanian Ottery,18/04/26,Sat,09:30,Fish Hoek,Fish Hoek A,2,2,,Y,,
43257243,CTTLFA 2026,M2 - Under 14 Premier Two,,,M2-08- Saxon Rovers,M2-03- Edgemead G/W,18/04/26,Sat,09:30,Saxon Rovers,Maitland A,0,3,,Y,,
43805464,CTTLFA 2026,M3 - Under 14 Premier Three,,,M3-01- Avendale Athletico,M3-08- Green Point Salesians,18/04/26,Sat,09:30,Avendale Athletico,Field Crescent A,0,5,,Y,,
43805465,CTTLFA 2026,M3 - Under 14 Premier Three,,,M3-11- Ruyterwacht,M3-07- Grass Boots,18/04/26,Sat,09:30,Ruyterwacht,Stan Abbott,4,1,,Y,,
43260832,CTTLFA 2026,M3B - Under 14 Premier Three B,,,M3-13- West End United,M3-06- Goodwood United,18/04/26,Sat,09:30,West End United,West End Park A,0,5,,Y,,
43260833,CTTLFA 2026,M3B - Under 14 Premier Three B,,,M3-14- YSD Macassar,M3-03- Bothasig,18/04/26,Sat,09:30,YSD Macassar,YSD Macassar A,4,2,,Y,,
43279135,CTTLFA 2026,M4 - Under 14 Division Four,,,M4-05- Northpine United B,M4-03- De Beers B.,18/04/26,Sat,09:30,Northpine United,Central Park B,3,0,,Y,,
43279136,CTTLFA 2026,M4 - Under 14 Division Four,,,M4-06- Norway Parks B,M4-08- Saxon Rovers B.,18/04/26,Sat,09:30,Norway Parks,Royal Road B,3,1,,Y,,
43279470,CTTLFA 2026,M5 - Under 14 Division Five,,,M5-03- Clyde Pinelands B,M5-07- Goodwood United B,18/04/26,Sat,09:30,Clyde Pinelands,Ringwood Drive B,3,1,,Y,,
43279471,CTTLFA 2026,M5 - Under 14 Division Five,,,M5-05- Edgemead G/W B.,M5-09- Meadowridge B.,18/04/26,Sat,09:30,Edgemead G/W,Edgemead A,10,0,,Y,,
43279474,CTTLFA 2026,M5 - Under 14 Division Five,,,M5-11- Sunningdale City B,M5-10- Stephanian Ottery B,18/04/26,Sat,09:30,Sunningdale City,Sunningdale A,4,0,,Y,,
43806279,CTTLFA 2026,M7 - Under 14 Division Seven,,,M7-01- Bothasig C,M7-09- Durbanville C,18/04/26,Sat,09:30,Bothasig,Abe Sher C,4,5,,Y,,
43806157,CTTLFA 2026,M7 - Under 14 Division Seven,,,M7-04- Northpine United C,M7-03- Meadowridge C,18/04/26,Sat,09:30,Northpine United,Central Park C,2,1,,Y,,
43574571,CTTLFA 2026,M8 - Under 14 Girls Premier One,,,M8-01- Bellville City,M8-06- Norway Parks,18/04/26,Sat,09:30,Bellville City,PP Smit Stadium B,2,0,,Y,,
43574570,CTTLFA 2026,M8 - Under 14 Girls Premier One,,,M8-04- Fish Hoek,M8-03- Camps Bay,18/04/26,Sat,09:30,Fish Hoek,Fish Hoek B,5,1,,Y,,
43574572,CTTLFA 2026,M8 - Under 14 Girls Premier One,,,M8-11- Wynberg St Johns,M8-02- Bothasig,18/04/26,Sat,09:30,Wynberg st Johns,Wynberg C,1,0,,Y,,
43806281,CTTLFA 2026,M9- Under 14 Division Eight,,,M9-01- Bellville City C,M9-07- Bye,18/04/26,Sat,09:30,Bellville City,PP Smit Stadium C,0,0,,Y,,
43806282,CTTLFA 2026,M9- Under 14 Division Eight,,,M9-02- Bothasig D,M9-06- Northpine United D,18/04/26,Sat,09:30,Bothasig,Abe Sher D,3,3,,Y,,
43806143,CTTLFA 2026,M9- Under 14 Division Eight,,,M9-04- Tramway,M9-05- Meadowridge D,18/04/26,Sat,09:30,Tramway,Groenewald Park A,17,0,,Y,,
43574472,CTTLFA 2026,O7 - Under 12 Girls Premier One (9v9),,,O7-04- Bye,O7-01- Bellville City,18/04/26,Sat,09:30,Bye,#1,0,0,,Y,,
43806065,CTTLFA 2026,O8- Under 12 Division Seven,,,O8-08- Wynberg St Johns C,O8-01- Tramway,18/04/26,Sat,09:30,Wynberg st Johns,Wynberg B,0,6,,Y,,
43806823,CTTLFA 2026,K7 - Under 16 Girls Premier One,,,K7-01- Badgers,K7-15- Norway Parks,18/04/26,Sat,10:00,Badgers FC,Oranjezicht A,0,1,,Y,,
43256638,CTTLFA 2026,K1 - Under 16 Premier One,,,K1-03- De Beers,K1-01- Camps Bay,18/04/26,Sat,10:50,De Beers,Somerset West A,1,1,,Y,,
43256640,CTTLFA 2026,K1 - Under 16 Premier One,,,K1-05- FN Rangers,K1-12- CR Vasco Da Gama,18/04/26,Sat,10:50,FN Rangers,FNB Stadium B,3,2,,Y,,
43256641,CTTLFA 2026,K1 - Under 16 Premier One,,,K1-06- Hanover Park,K1-11- Table View,18/04/26,Sat,10:50,Hanover Park,Hanover Park A,4,2,,Y,,
43256642,CTTLFA 2026,K1 - Under 16 Premier One,,,K1-08- Northpine United,K1-10- Rygersdal,18/04/26,Sat,10:50,Northpine United,Central Park A,1,2,,Y,,
43256643,CTTLFA 2026,K1 - Under 16 Premier One,,,K1-13- Wynberg St Johns,K1-07- Hellenic,18/04/26,Sat,10:50,Wynberg st Johns,Wynberg A,1,7,,Y,,
43257106,CTTLFA 2026,K2 - Under 16 Premier Two,,,K2-01- Clyde Pinelands,K2-11- Sunningdale City,18/04/26,Sat,10:50,Clyde Pinelands,Ringwood Drive A,1,0,,Y,,
43257107,CTTLFA 2026,K2 - Under 16 Premier Two,,,K2-02- Durbanville,K2-07- Meadowridge,18/04/26,Sat,10:50,Durbanville,Klazinga Park A,3,2,,Y,,
43257108,CTTLFA 2026,K2 - Under 16 Premier Two,,,K2-04- Fish Hoek,K2-10- Stephanian Ottery,18/04/26,Sat,10:50,Fish Hoek,Fish Hoek A,2,1,,Y,,
43257110,CTTLFA 2026,K2 - Under 16 Premier Two,,,K2-08- Saxon Rovers,K2-03- Edgemead G/W,18/04/26,Sat,10:50,Saxon Rovers,Maitland A,1,1,,Y,,
43805081,CTTLFA 2026,K3 - Under 16 Premier Three,,,K3-01- Avendale Athletico,K3-08- Green Point Salesians,18/04/26,Sat,10:50,Avendale Athletico,Field Crescent A,0,4,,Y,,
43805082,CTTLFA 2026,K3 - Under 16 Premier Three,,,K3-11- Ruyterwacht,K3-07- Grass Boots,18/04/26,Sat,10:50,Ruyterwacht,Stan Abbott,1,4,,Y,,
43260776,CTTLFA 2026,K3B - Under 16 Premier Three B,,,K3-13- West End United,K3-06- Goodwood United,18/04/26,Sat,10:50,West End United,West End Park A,1,0,,Y,,
43260777,CTTLFA 2026,K3B - Under 16 Premier Three B,,,K3-14- YSD Macassar,K3-03- Bothasig,18/04/26,Sat,10:50,YSD Macassar,YSD Macassar A,1,2,,Y,,
43279246,CTTLFA 2026,K4 - Under 16 Division Four,,,K4-05- Northpine United B,K4-03- De Beers B.,18/04/26,Sat,10:50,Northpine United,Central Park B,2,1,,Y,,
43279247,CTTLFA 2026,K4 - Under 16 Division Four,,,K4-06- Norway Parks B,K4-08- Saxon Rovers B,18/04/26,Sat,10:50,Norway Parks,Royal Road B,10,0,,Y,,
43279360,CTTLFA 2026,K5 - Under 16 Division Five,,,K5-03- Clyde Pinelands B,K5-07- Goodwood United B,18/04/26,Sat,10:50,Clyde Pinelands,Ringwood Drive B,9,0,,Y,,
43279361,CTTLFA 2026,K5 - Under 16 Division Five,,,K5-05- Edgemead G/W B.,K5-09- Meadowridge B.,18/04/26,Sat,10:50,Edgemead G/W,Edgemead A,4,1,,Y,,
43279362,CTTLFA 2026,K5 - Under 16 Division Five,,,K5-06- Fish Hoek B.,K5-04- Durbanville B.,18/04/26,Sat,10:50,Fish Hoek,Fish Hoek C,4,1,,Y,,
43279364,CTTLFA 2026,K5 - Under 16 Division Five,,,K5-11- Sunningdale City B,K5-10- Stephanian Ottery B,18/04/26,Sat,10:50,Sunningdale City,Sunningdale A,3,2,,Y,,
43805723,CTTLFA 2026,K6 - Under 16 Division Six,,,K6-08- Sunningdale City C,K6-02- Bothasig C,18/04/26,Sat,10:50,Sunningdale City,Sunningdale B,2,7,,Y,,
43806822,CTTLFA 2026,K7 - Under 16 Girls Premier One,,,K7-13- Wynberg St Johns,K7-03- Bothasig,18/04/26,Sat,10:50,Wynberg st Johns,Wynberg C,4,2,,Y,,
43805810,CTTLFA 2026,K8- Under 16 Division Seven,,,K8-03- Edgemead G/W C,K8-08- Table View D,18/04/26,Sat,10:50,Edgemead G/W,Edgemead C,3,2,,Y,,
43260831,CTTLFA 2026,M3B - Under 14 Premier Three B,,,M3-09- Holy Cross,M3-02- Bellville City,18/04/26,Sat,10:50,Holy Cross,Holy Cross School A,2,1,,Y,,
43279138,CTTLFA 2026,M4 - Under 14 Division Four,,,M4-11- Wynberg St Johns B.,M4-02- Cape Town Spurs B,18/04/26,Sat,10:50,Wynberg st Johns,Wynberg B,1,2,,Y,,
43279472,CTTLFA 2026,M5 - Under 14 Division Five,,,M5-06- Fish Hoek B.,M5-04- Durbanville B.,18/04/26,Sat,10:50,Fish Hoek,Fish Hoek B,0,4,,Y,,
43272841,CTTLFA 2026,M6 - Under 14 Division Six,,,M6-03- Bye,M6-09- JMI,18/04/26,Sat,10:50,Camps Bay,Maidens Cove,0,0,,Y,,
43272840,CTTLFA 2026,M6 - Under 14 Division Six,,,M6-04- Kensington B,M6-06- FC Kapstadt B,18/04/26,Sat,10:50,Kensington,14 Avenue B,0,7,,Y,,
43805808,CTTLFA 2026,K8- Under 16 Division Seven,,,K8-06- Northpine United C,K8-01- Bothasig D,18/04/26,Sat,12:15,Northpine United,Central Park C,3,0,,Y,,
42989793,CTTLFA 2026,I1 - Under 18 Premier One,,,I1-03- De Beers,I1-01- Camps Bay,18/04/26,Sat,12:30,De Beers,Somerset West A,1,3,,Y,,
42989797,CTTLFA 2026,I1 - Under 18 Premier One,,,I1-05- FN Rangers,I1-12- CR Vasco Da Gama,18/04/26,Sat,12:30,FN Rangers,FNB Stadium B,0,4,,Y,,
42989795,CTTLFA 2026,I1 - Under 18 Premier One,,,I1-06- Hanover Park,I1-11- Table View,18/04/26,Sat,12:30,Hanover Park,Hanover Park A,1,0,,Y,,
42989794,CTTLFA 2026,I1 - Under 18 Premier One,,,I1-08- Northpine United,I1-10- Rygersdal,18/04/26,Sat,12:30,Northpine United,Central Park A,3,0,,Y,,
42989796,CTTLFA 2026,I1 - Under 18 Premier One,,,I1-13- Wynberg St Johns,I1-07- Hellenic,18/04/26,Sat,12:30,Wynberg st Johns,Wynberg A,0,2,,Y,,
42989990,CTTLFA 2026,I2 - Under 18 Premier Two,,,I2-01- Clyde Pinelands,I2-11- Sunningdale City,18/04/26,Sat,12:30,Clyde Pinelands,Ringwood Drive A,3,1,,Y,,
42989988,CTTLFA 2026,I2 - Under 18 Premier Two,,,I2-02- Durbanville,I2-07- Meadowridge,18/04/26,Sat,12:30,Durbanville,Klazinga Park A,5,1,,Y,,
42989989,CTTLFA 2026,I2 - Under 18 Premier Two,,,I2-04- Fish Hoek,I2-10- Stephanian Ottery,18/04/26,Sat,12:30,Fish Hoek,Fish Hoek A,3,0,,Y,,
42989985,CTTLFA 2026,I2 - Under 18 Premier Two,,,I2-08- Saxon Rovers,I2-03- Edgemead G/W,18/04/26,Sat,12:30,Saxon Rovers,Maitland A,2,0,,Y,,
43804773,CTTLFA 2026,I3 - Under 18 Premier Three,,,I3-01- Avendale Athletico,I3-08- Green Point Salesians,18/04/26,Sat,12:30,Avendale Athletico,Field Crescent A,0,3,,Y,,
43206913,CTTLFA 2026,I3B - Under 18 Premier Three B,,,I3-09- Holy Cross,I3-02- Bellville City,18/04/26,Sat,12:30,Holy Cross,Voortrekker Road,2,6,,Y,,
43804774,CTTLFA 2026,I3 - Under 18 Premier Three,,,I3-11- Ruyterwacht,I3-07- Grass Boots,18/04/26,Sat,12:30,Ruyterwacht,Stan Abbott,4,2,,Y,,
43206914,CTTLFA 2026,I3B - Under 18 Premier Three B,,,I3-13- West End United,I3-06- Goodwood United,18/04/26,Sat,12:30,West End United,West End Park A,2,0,,Y,,
43206915,CTTLFA 2026,I3B - Under 18 Premier Three B,,,I3-14- YSD Macassar,I3-03- Bothasig,18/04/26,Sat,12:30,YSD Macassar,YSD Macassar A,3,0,,Y,,
43275066,CTTLFA 2026,I4 - Under 18 Division Four,,,I4-01- Bothasig B,I4-06- Rygersdal B.,18/04/26,Sat,12:30,Bothasig,Abe Sher B,0,11,,Y,,
43275065,CTTLFA 2026,I4 - Under 18 Division Four,,,I4-03- FN Rangers B,I4-05- Norway Parks B,18/04/26,Sat,12:30,FN Rangers,FNB Stadium C,1,1,,Y,,
43275068,CTTLFA 2026,I4 - Under 18 Division Four,,,I4-07- Saxon Rovers B,I4-09- CR Vasco Da Gama B,18/04/26,Sat,12:30,Saxon Rovers,Maitland B,1,5,,Y,,
43805518,CTTLFA 2026,I5 - Under 18 Division Five,,,I5-01- Bothasig C,I5-05- Fish Hoek B.,18/04/26,Sat,12:30,Bothasig,Abe Sher C,0,3,,Y,,
43805588,CTTLFA 2026,I5 - Under 18 Division Five,,,I5-10- Bellville City B,I5-06- JMI,18/04/26,Sat,12:30,Bellville City,PP Smit Stadium B,5,3,,Y,,
43805500,CTTLFA 2026,I5 - Under 18 Division Five,,,I5-11- Tramway,I5-04- Edgemead G/W B.,18/04/26,Sat,12:30,Tramway,Groenewald Park A,0,3,Away Walkover,Y,,
43279249,CTTLFA 2026,K4 - Under 16 Division Four,,,K4-11- Wynberg St Johns B.,K4-02- Cape Town Spurs B,18/04/26,Sat,12:30,Wynberg st Johns,Wynberg B,1,3,,Y,,
43806820,CTTLFA 2026,K7 - Under 16 Girls Premier One,,,K7-09- Bye.,K7-04- Camps Bay,18/04/26,Sat,12:30,Northpine United,Central Park B,0,0,,Y,,
43575399,CTTLFA 2026,D2 - 4th Division,,,D2-01- Avendale Athletico,D2-10- Wynberg St Johns,18/04/26,Sat,14:00,Avendale Athletico,Field Crescent A,1,0,,Y,,
43575398,CTTLFA 2026,D2 - 4th Division,,,D2-03- Edgemead G/W,D2-06- Ruyterwacht,18/04/26,Sat,14:00,Edgemead G/W,Edgemead A,3,0,,Y,,
43575400,CTTLFA 2026,D2 - 4th Division,,,D2-05- Norway Parks,D2-02- Bothasig,18/04/26,Sat,14:00,Norway Parks,Royal Road A,1,0,,Y,,
43575401,CTTLFA 2026,D2 - 4th Division,,,D2-09- C.R. Vasco Da Gama,D2-04- Fish Hoek,18/04/26,Sat,14:00,Vasco da Gama,Da Gama Park B,1,2,,Y,,
43575397,CTTLFA 2026,D2 - 4th Division,,,D2-12- Kensington,D2-07- Rygersdal,18/04/26,Sat,14:00,Kensington,14 Avenue B,3,0,,Y,,
43575531,CTTLFA 2026,D4 - 6th Division,,,D4-12- Lansdowne,D4-09- Stephanian Ottery,18/04/26,Sat,14:00,Lansdowne,Chukker Road B,0,5,,Y,,
43262411,CTTLFA 2026,F1 - Vets 040 A,,,F1-02- Edgemead G/W,F1-08- Stephanian Ottery,18/04/26,Sat,14:00,Edgemead G/W,Edgemead C,0,1,,Y,,
43575662,CTTLFA 2026,F2 - Vets 040 B,,,F2-11- Saxon Rovers,F2-03- Garlandale,18/04/26,Sat,14:00,Saxon Rovers,Maitland F,3,0,Home Walkover,Y,,
43256247,CTTLFA 2026,B2 - First Reserve,,,FR-01- Bellville City FC,FR-12- Sunningdale City,18/04/26,Sat,14:00,Bellville City,PP Smit Stadium A,3,0,,Y,,
43256252,CTTLFA 2026,B2 - First Reserve,,,FR-02- Bothasig,FR-09- Northpine United,18/04/26,Sat,14:00,Bothasig,Abe Sher A,4,1,,Y,,
43256326,CTTLFA 2026,B2 - First Reserve,,,FR-05- JMI,FR-04- Garden Village,18/04/26,Sat,14:00,Norway Parks,Royal Road E,2,6,,Y,,
43256250,CTTLFA 2026,B2 - First Reserve,,,FR-06- Kensington,FR-10- Ruyterwacht,18/04/26,Sat,14:00,Kensington,14 Avenue A,7,0,,Y,,
43806374,CTTLFA 2026,G1 - Vets 045 A,,,G1-03- FN Rangers,G1-01- De Beers,18/04/26,Sat,14:00,FN Rangers,FNB Stadium B,3,0,Home Walkover,Y,,
43806364,CTTLFA 2026,G1 - Vets 045 A,,,G1-06- Saxon Rovers,G1-04- Hanover Park,18/04/26,Sat,14:00,Saxon Rovers,Maitland B,0,2,,Y,,
43262724,CTTLFA 2026,G5 - Vets 050 B,,,G5-05- Everton United,G5-02- Bye.,18/04/26,Sat,14:00,Heideveld Astro,Astro A,0,0,,Y,,
43262719,CTTLFA 2026,G5 - Vets 050 B,,,G5-08- Lansdowne,G5-04- Edgemead G/W,18/04/26,Sat,14:00,Lansdowne,Chukker Road A,2,1,,Y,,
43575066,CTTLFA 2026,G6 - Vets O50 C,,,G6-03- West End United C,G6-05- Table View,18/04/26,Sat,14:00,West End United,West End Park B,5,0,,Y,,
43575065,CTTLFA 2026,G6 - Vets O50 C,,,G6-10- Saxon Rovers,G6-06- Tramway B,18/04/26,Sat,14:00,Saxon Rovers,Maitland F,2,1,,Y,,
43275064,CTTLFA 2026,I4 - Under 18 Division Four,,,I4-04- Northpine United B,I4-10- Wynberg St Johns B.,18/04/26,Sat,14:00,Northpine United,Central Park B,6,1,,Y,,
43256054,CTTLFA 2026,A2 - Premier Reserve,,,PR-01- Durbanville,PR-13- C.R. Vasco Da Gama,18/04/26,Sat,14:00,Durbanville,Klazinga Park A,1,1,,Y,,
43256055,CTTLFA 2026,A2 - Premier Reserve,,,PR-03- Fish Hoek,PR-04- FN Rangers,18/04/26,Sat,14:00,Fish Hoek,Fish Hoek A,2,4,,Y,,
43256056,CTTLFA 2026,A2 - Premier Reserve,,,PR-05- Green Point Salesians,PR-09- Rygersdal,18/04/26,Sat,14:00,Green Point,Green Point A,3,0,,Y,,
43256058,CTTLFA 2026,A2 - Premier Reserve,,,PR-10- Saxon Rovers,PR-08- Norway Parks,18/04/26,Sat,14:00,Saxon Rovers,Maitland A,3,0,,Y,,
43256059,CTTLFA 2026,A2 - Premier Reserve,,,PR-12- UCT,PR-11- Table View,18/04/26,Sat,14:00,U C T,U C T,0,1,,Y,,
43256060,CTTLFA 2026,A2 - Premier Reserve,,,PR-14- Wynberg St Johns,PR-06- Hanover Park,18/04/26,Sat,14:00,Wynberg st Johns,Wynberg A,4,2,,Y,,
43256399,CTTLFA 2026,C2 - Second Reserve,,,SR-04- Chelsea Bridgetown,SR-02- Barmsley Spurs,18/04/26,Sat,14:00,Chelsea,Hickory Road A,4,0,,Y,,
43256401,CTTLFA 2026,C2 - Second Reserve,,,SR-06- De Beers,SR-10- Hellenic,18/04/26,Sat,14:00,De Beers,Somerset West A,3,0,,Y,,
43256402,CTTLFA 2026,C2 - Second Reserve,,,SR-08- Bye,SR-16- YSD Macassar,18/04/26,Sat,14:00,Garlandale,Garlandale A,0,0,,Y,,
43256403,CTTLFA 2026,C2 - Second Reserve,,,SR-09- Goodwood United,SR-03- Camps Bay,18/04/26,Sat,14:00,Goodwood,Hamilton Road A,2,2,,Y,,
43256405,CTTLFA 2026,C2 - Second Reserve,,,SR-12- Queens Park,SR-14- West End United,18/04/26,Sat,14:00,Queens Park,10 Dongel Road Milnerton,7,1,,Y,,
43262722,CTTLFA 2026,G5 - Vets 050 B,,,G5-07- Hanover Park B,G5-06- Green Point Salesians,18/04/26,Sat,14:15,Hanover Park,Hanover Park A,5,1,,Y,,
43575534,CTTLFA 2026,D4 - 6th Division,,,D4-08- Bothasig,D4-03- De Beers,18/04/26,Sat,15:30,Bothasig,Abe Sher D,3,0,Home Walkover,Y,,
43575187,CTTLFA 2026,D1 - 3rd Division,,,D1-01- Bellville City FC,D1-06- Green Point Salesians,18/04/26,Sat,15:45,Bellville City,PP Smit Stadium B,3,4,,Y,,
43575186,CTTLFA 2026,D1 - 3rd Division,,,D1-02- Bothasig,D1-10- Wynberg St Johns,18/04/26,Sat,15:45,Bothasig,Abe Sher B,6,0,,Y,,
43575181,CTTLFA 2026,D1 - 3rd Division,,,D1-09- C.R. Vasco Da Gama,D1-04- Edgemead G/W,18/04/26,Sat,15:45,Vasco da Gama,Da Gama Park B,2,0,,Y,,
43575184,CTTLFA 2026,D3 - 5th Division,,,D3-01- Bothasig,D3-05-Bellville City,18/04/26,Sat,15:45,Bothasig,Abe Sher C,2,5,,Y,,
43575188,CTTLFA 2026,D3 - 5th Division,,,D3-04- Edgemead G/W,D3-03- Durbanville,18/04/26,Sat,15:45,Edgemead G/W,Edgemead A,2,1,,Y,,
43575179,CTTLFA 2026,D3 - 5th Division,,,D3-11- Hanover Park,D3-02- Clyde Pinelands,18/04/26,Sat,15:45,Hanover Park,Hanover Park A,3,1,,Y,,
43575907,CTTLFA 2026,E1- Vets 035,,,E1-05- Goodwood United,E1-04-FN Rangers,18/04/26,Sat,15:45,Goodwood,Hamilton Road B,1,3,,Y,,
43575908,CTTLFA 2026,E1- Vets 035,,,E1-09- Bye,E1-06- Hanover Park,18/04/26,Sat,15:45,Bye,#1,0,0,,Y,,
43575797,CTTLFA 2026,E2- Vets 035 B,,,E2-06- FN Rangers B,E2-09- Tramway,18/04/26,Sat,15:45,FN Rangers,FNB Stadium C,3,0,Home Walkover,Y,,
43262410,CTTLFA 2026,F1 - Vets 040 A,,,F1-04- FN Rangers,F1-10- C.R. Vasco Da Gama,18/04/26,Sat,15:45,FN Rangers,FNB Stadium B,1,2,,Y,,
43575666,CTTLFA 2026,F2 - Vets 040 B,,,F2-07- Bye,F2-01- Avendale Athletico,18/04/26,Sat,15:45,Ruyterwacht,Stan Abbot B,0,0,,Y,,
42990165,CTTLFA 2026,B1 - First Division,,,FD-01- Bellville City FC,FD-12- Sunningdale City,18/04/26,Sat,15:45,Bellville City,PP Smit Stadium A,2,4,,Y,,
42990169,CTTLFA 2026,B1 - First Division,,,FD-02- Bothasig,FD-09- Northpine United,18/04/26,Sat,15:45,Bothasig,Abe Sher A,2,0,,Y,,
42990244,CTTLFA 2026,B1 - First Division,,,FD-05- JMI,FD-04- Garden Village,18/04/26,Sat,15:45,Norway Parks,Royal Road E,2,0,,Y,,
42990170,CTTLFA 2026,B1 - First Division,,,FD-06- Kensington,FD-10- Ruyterwacht,18/04/26,Sat,15:45,Kensington,14 Avenue A,3,2,,Y,,
42990168,CTTLFA 2026,B1 - First Division,,,FD-08- Meadowridge,FD-11- Stephanian Ottery,18/04/26,Sat,15:45,Meadowridge,Meadowridge A,2,2,,Y,,
43262728,CTTLFA 2026,G5 - Vets 050 B,,,G5-10- West End United B,G5-03- Durbanville,18/04/26,Sat,15:45,West End United,West End Park B,0,1,,Y,,
42996868,CTTLFA 2026,A1 - Premier Division,,,PD-01- Durbanville,PD-13- C.R. Vasco Da Gama,18/04/26,Sat,15:45,Durbanville,Klazinga Park A,3,2,,Y,,
42996866,CTTLFA 2026,A1 - Premier Division,,,PD-03- Fish Hoek,PD-04- FN Rangers,18/04/26,Sat,15:45,Fish Hoek,Fish Hoek A,5,1,,Y,,
42996867,CTTLFA 2026,A1 - Premier Division,,,PD-05- Green Point Salesians,PD-09- Rygersdal,18/04/26,Sat,15:45,Green Point,Green Point A,3,0,,Y,,
42996869,CTTLFA 2026,A1 - Premier Division,,,PD-10- Saxon Rovers,PD-08- Norway Parks,18/04/26,Sat,15:45,Saxon Rovers,Maitland A,0,2,,Y,,
42996865,CTTLFA 2026,A1 - Premier Division,,,PD-12- UCT,PD-11- Table View,18/04/26,Sat,15:45,U C T,U C T,2,4,,Y,,
42996871,CTTLFA 2026,A1 - Premier Division,,,PD-14- Wynberg St Johns,PD-06- Hanover Park,18/04/26,Sat,15:45,Wynberg st Johns,Wynberg A,7,0,,Y,,
43206467,CTTLFA 2026,C1 - Second Division,,,SD-04- Chelsea Bridgetown,SD-02- Barmsley Spurs,18/04/26,Sat,15:45,Chelsea,Hickory Road A,1,2,,Y,,
43206466,CTTLFA 2026,C1 - Second Division,,,SD-06- De Beers,SD-10- Hellenic,18/04/26,Sat,15:45,De Beers,Somerset West A,0,4,,Y,,
43206460,CTTLFA 2026,C1 - Second Division,,,SD-08- Bye,SD-16- YSD Macassar,18/04/26,Sat,15:45,Garlandale,Garlandale A,0,0,,Y,,
43206461,CTTLFA 2026,C1 - Second Division,,,SD-09- Goodwood United,SD-03- Camps Bay,18/04/26,Sat,15:45,Goodwood,Hamilton Road A,0,3,,Y,,
43206465,CTTLFA 2026,C1 - Second Division,,,SD-12- Queens Park,SD-14- West End United,18/04/26,Sat,15:45,Queens Park,10 Dongel Road Milnerton,0,3,,Y,,
43256958,CTTLFA 2026,O1 - Under 12 Premier One,,,O1-09- Norway Parks,O1-03- De Beers,19/04/26,Sun,08:15,Norway Parks,Royal Road A,2,2,,Y,,
43256802,CTTLFA 2026,M1 - Under 14 Premier One,,,M1-09- Norway Parks,M1-03- De Beers,19/04/26,Sun,09:30,Norway Parks,Royal Road A,7,0,,Y,,
43256646,CTTLFA 2026,K1 - Under 16 Premier One,,,K1-09- Norway Parks,K1-03- De Beers,19/04/26,Sun,10:50,Norway Parks,Royal Road A,3,0,,Y,,
42989800,CTTLFA 2026,I1 - Under 18 Premier One,,,I1-09- Norway Parks,I1-03- De Beers,19/04/26,Sun,12:30,Norway Parks,Royal Road A,8,0,,Y,,
43256407,CTTLFA 2026,C2 - Second Reserve,,,SR-01- Avendale Athletico,SR-06- De Beers,19/04/26,Sun,14:00,Avendale Athletico,Field Crescent A,4,3,,Y,,
43256408,CTTLFA 2026,C2 - Second Reserve,,,SR-02- Barmsley Spurs,SR-05- Clyde Pinelands,19/04/26,Sun,14:00,Chelsea,Hickory Road A,0,7,,Y,,
43256414,CTTLFA 2026,C2 - Second Reserve,,,SR-16- YSD Macassar,SR-11- Mutual FC,19/04/26,Sun,14:00,YSD Macassar,YSD Macassar A,0,3,,Y,,
43206474,CTTLFA 2026,C1 - Second Division,,,SD-01- Avendale Athletico,SD-06- De Beers,19/04/26,Sun,15:45,Avendale Athletico,Field Crescent A,12,2,,Y,,
43206473,CTTLFA 2026,C1 - Second Division,,,SD-02- Barmsley Spurs,SD-05- Clyde Pinelands,19/04/26,Sun,15:45,Chelsea,Hickory Road A,3,2,,Y,,
43206470,CTTLFA 2026,C1 - Second Division,,,SD-16- YSD Macassar,SD-11- Mutual FC,19/04/26,Sun,15:45,YSD Macassar,YSD Macassar A,2,1,,Y,,
43806528,CTTLFA 2026,H1 - Womens Premier League,,,H1-06- Green Point Salesians,H1-01- Badgers,20/04/26,Mon,19:00,Green Point,Green Point A,5,2,,Y,,
43575802,CTTLFA 2026,E2- Vets 035 B,,,E2-03- Green Point Salesians,E2-01- Bellville City,20/04/26,Mon,20:30,Green Point,Green Point A,4,1,,Y,,
43256061,CTTLFA 2026,A2 - Premier Reserve,,,PR-02- Edgemead G/W,PR-10- Saxon Rovers,21/04/26,Tue,19:00,Edgemead G/W,Edgemead A,2,2,,Y,,
43256063,CTTLFA 2026,A2 - Premier Reserve,,,PR-06- Hanover Park,PR-07- Holy Cross,21/04/26,Tue,19:00,Hanover Park,Hanover Park A,0,3,,Y,,
43256064,CTTLFA 2026,A2 - Premier Reserve,,,PR-08- Norway Parks,PR-03- Fish Hoek,21/04/26,Tue,19:00,Norway Parks,Royal Road A,3,0,,Y,,
43256065,CTTLFA 2026,A2 - Premier Reserve,,,PR-12- UCT,PR-09- Rygersdal,21/04/26,Tue,19:00,U C T,U C T,3,1,,Y,,
43256067,CTTLFA 2026,A2 - Premier Reserve,,,PR-13- C.R. Vasco Da Gama,PR-14- Wynberg St Johns,21/04/26,Tue,19:00,Vasco da Gama,Da Gama Park A,2,0,,Y,,
43256409,CTTLFA 2026,C2 - Second Reserve,,,SR-09- Goodwood United,SR-04- Chelsea Bridgetown,21/04/26,Tue,19:00,Goodwood,Hamilton Road A,4,1,,Y,,
42996876,CTTLFA 2026,A1 - Premier Division,,,PD-02- Edgemead G/W,PD-10- Saxon Rovers,21/04/26,Tue,20:30,Edgemead G/W,Edgemead A,3,2,,Y,,
42996875,CTTLFA 2026,A1 - Premier Division,,,PD-06- Hanover Park,PD-07- Holy Cross,21/04/26,Tue,20:30,Hanover Park,Hanover Park A,0,13,,Y,,
42996878,CTTLFA 2026,A1 - Premier Division,,,PD-08- Norway Parks,PD-03- Fish Hoek,21/04/26,Tue,20:30,Norway Parks,Royal Road A,1,0,,Y,,
42996877,CTTLFA 2026,A1 - Premier Division,,,PD-12- UCT,PD-09- Rygersdal,21/04/26,Tue,20:30,U C T,U C T,0,3,,Y,,
42996872,CTTLFA 2026,A1 - Premier Division,,,PD-13- C.R. Vasco Da Gama,PD-14- Wynberg St Johns,21/04/26,Tue,20:30,Vasco da Gama,Da Gama Park A,1,1,,Y,,
43206469,CTTLFA 2026,C1 - Second Division,,,SD-09- Goodwood United,SD-04- Chelsea Bridgetown,21/04/26,Tue,20:30,Goodwood,Hamilton Road A,1,4,,Y,,
43805721,CTTLFA 2026,K6 - Under 16 Division Six,,,K6-01- Bye.,K6-05- JMI,22/04/26,Wed,10:50,Barmsley Spurs,Clover Road B,0,0,,Y,,
43317249,CTTLFA 2026,H2 - Womens First Division,,,H2-06- Meadowridge,H2-13- Hout Bay,22/04/26,Wed,19:00,Meadowridge,Meadowridge A,0,5,,Y,,
43317250,CTTLFA 2026,H2 - Womens First Division,,,H2-08- Saxon Rovers,H2-07- Norway Parks,22/04/26,Wed,19:00,Saxon Rovers,Maitland A,5,1,,Y,,
43317253,CTTLFA 2026,H2 - Womens First Division,,,H2-10- UCT B,H2-05- Kuilsriver,22/04/26,Wed,19:00,U C T,U C T,0,3,Away Walkover,Y,,
43317251,CTTLFA 2026,H2 - Womens First Division,,,H2-12- Hanover Park,H2-04- Kensington,22/04/26,Wed,19:00,Hanover Park,Hanover Park A,2,0,,Y,,
43317252,CTTLFA 2026,H2 - Womens First Division,,,H2-02- Bothasig,H2-11- Magic Ladies B,22/04/26,Wed,19:30,Bothasig,Abe Sher A,0,0,,Y,,
43575911,CTTLFA 2026,E1- Vets 035,,,E1-01- Avendale Athletico,E1-02- Camps Bay,22/04/26,Wed,20:30,Chelsea,Hickory Road A,8,5,,Y,,
43575914,CTTLFA 2026,E1- Vets 035,,,E1-03- Clyde Pinelands,E1-09- Bye,22/04/26,Wed,20:30,Clyde Pinelands,Ringwood Drive A,0,0,,Y,,
43806380,CTTLFA 2026,G1 - Vets 045 A,,,G1-04- Hanover Park,G1-05- Meadowridge,22/04/26,Wed,20:30,Hanover Park,Hanover Park A,5,0,,Y,,
43331090,CTTLFA 2026,O6 - Under 12 Division Six,,,O6-08- Stephanian Ottery C,O6-04- FC Kapstadt B,23/04/26,Thu,18:00,Stephanian Ottery,Stephanian Ottery C,0,10,,Y,,
43806827,CTTLFA 2026,K7 - Under 16 Girls Premier One,,,K7-02- Bellville City,K7-13- Wynberg St Johns,23/04/26,Thu,19:00,Bellville City,PP Smit Stadium A,0,2,,Y,,
43256423,CTTLFA 2026,C2 - Second Reserve,,,SR-01- Avendale Athletico,SR-03- Camps Bay,23/04/26,Thu,19:00,Chelsea,Hickory Road A,6,1,,Y,,
43575672,CTTLFA 2026,F2 - Vets 040 B,,,F2-08- Kensington,F2-04- Goodwood United,23/04/26,Thu,19:30,Kensington,14 Avenue A,4,3,,Y,,
43262897,CTTLFA 2026,G4 - Vets 050 A,,,G4-01- Clyde Pinelands,G4-08- Tramway,23/04/26,Thu,19:30,Clyde Pinelands,Ringwood Drive A,0,6,,Y,,
43262737,CTTLFA 2026,G5 - Vets 050 B,,,G5-04- Edgemead G/W,G5-10- West End United B,23/04/26,Thu,19:30,Edgemead G/W,Edgemead B,3,2,,Y,,
43256251,CTTLFA 2026,B2 - First Reserve,,,FR-08- Meadowridge,FR-11- Stephanian Ottery,23/04/26,Thu,19:45,Meadowridge,Meadowridge A,3,1,,Y,,
43575539,CTTLFA 2026,D4 - 6th Division,,,D4-03- De Beers,D4-10- Sunningdale City,23/04/26,Thu,20:00,De Beers,Somerset West B,2,1,,Y,,
43262422,CTTLFA 2026,F1 - Vets 040 A,,,F1-05- Hanover Park,F1-03- Fish Hoek,23/04/26,Thu,20:30,Hanover Park,Hanover Park A,4,0,,Y,,
43206490,CTTLFA 2026,C1 - Second Division,,,SD-01- Avendale Athletico,SD-03- Camps Bay,23/04/26,Thu,20:30,Chelsea,Hickory Road A,2,2,,Y,,
43574476,CTTLFA 2026,O7 - Under 12 Girls Premier One (9v9),,,O7-06- Meadowridge B,O7-04- Bye,24/04/26,Fri,18:30,Meadowridge,Meadowridge B,0,0,,Y,,
43262899,CTTLFA 2026,G4 - Vets 050 A,,,G4-03- FN Rangers,G4-02- Fish Hoek,24/04/26,Fri,19:00,FN Rangers,FNB Stadium B,1,1,,Y,,
43262900,CTTLFA 2026,G4 - Vets 050 A,,,G4-05- Holy Cross,G4-06- Rygersdal,24/04/26,Fri,19:00,Holy Cross,Voortrekker Road,1,3,,Y,,
43575073,CTTLFA 2026,G6 - Vets O50 C,,,G6-08- Wynberg St Johns,G6-03- West End United C,24/04/26,Fri,19:00,Wynberg st Johns,Wynberg B,1,5,,Y,,
43575069,CTTLFA 2026,G6 - Vets O50 C,,,G6-11- Bye,G6-06- Tramway B,24/04/26,Fri,19:00,Queens Park,10 Dongel Road Milnerton,0,0,,Y,,
43806533,CTTLFA 2026,H1 - Womens Premier League,,,H1-05- FN Rangers,H1-09- Northpine United,24/04/26,Fri,19:00,FN Rangers,FNB Stadium A,3,0,,Y,,
43806534,CTTLFA 2026,H1 - Womens Premier League,,,H1-06- Green Point Salesians,H1-03- Clyde Pinelands,24/04/26,Fri,19:00,Green Point,Green Point A,14,1,,Y,,
43317255,CTTLFA 2026,H2 - Womens First Division,,,H2-04- Kensington,H2-06- Meadowridge,24/04/26,Fri,19:00,Kensington,14 Avenue A,3,2,,Y,,
43317256,CTTLFA 2026,H2 - Womens First Division,,,H2-05- Kuilsriver,H2-08- Saxon Rovers,24/04/26,Fri,19:00,Serepta Sports Ground,Serepta Sports Ground A,1,5,,Y,,
43317257,CTTLFA 2026,H2 - Womens First Division,,,H2-07- Norway Parks,H2-12- Hanover Park,24/04/26,Fri,19:00,Norway Parks,Royal Road A,1,4,,Y,,
43317258,CTTLFA 2026,H2 - Womens First Division,,,H2-13- Hout Bay,H2-09- Stephanian Ottery,24/04/26,Fri,19:00,Hout Bay Stadium,Hout Bay Stadium,12,0,,Y,,
43575192,CTTLFA 2026,D3 - 5th Division,,,D3-09- Tramway,D3-06- Mutual FC,24/04/26,Fri,19:30,Tramway,Groenewald Park A,2,3,,Y,,
43262420,CTTLFA 2026,F1 - Vets 040 A,,,F1-10- C.R. Vasco Da Gama,F1-02- Edgemead G/W,24/04/26,Fri,19:30,Vasco da Gama,Da Gama Park A,1,4,,Y,,
43262730,CTTLFA 2026,G5 - Vets 050 B,,,G5-03- Durbanville,G5-09- Meadowridge,24/04/26,Fri,19:30,Durbanville,Klazinga Park B,2,0,,Y,,
43806525,CTTLFA 2026,H1 - Womens Premier League,,,H1-02- Bellville City,H1-04- Fish Hoek,24/04/26,Fri,19:30,Bellville City,PP Smit Stadium A,2,4,,Y,,
43317260,CTTLFA 2026,H2 - Womens First Division,,,H2-02- Bothasig,H2-10- UCT B,24/04/26,Fri,19:30,Bothasig,Abe Sher A,6,0,,Y,,
43806831,CTTLFA 2026,K7 - Under 16 Girls Premier One,,,K7-08- Meadowridge,K7-05- Clyde Pinelands,24/04/26,Fri,19:30,Meadowridge,Meadowridge B,3,0,Home Walkover,Y,,
43575798,CTTLFA 2026,E2- Vets 035 B,,,E2-07- Meadowridge,E2-02- Durbanville,24/04/26,Fri,19:45,Meadowridge,Meadowridge A,3,1,,Y,,
43575540,CTTLFA 2026,D4 - 6th Division,,,D4-06- Bye,D4-07- Rygersdal,24/04/26,Fri,20:30,Queens Park,10 Dongel Road Milnerton,0,0,,Y,,
43575912,CTTLFA 2026,E1- Vets 035,,,E1-04-FN Rangers,E1-08- Ruyterwacht,24/04/26,Fri,20:30,FN Rangers,FNB Stadium C,3,2,,Y,,
43575913,CTTLFA 2026,E1- Vets 035,,,E1-07- Kensington,E1-06- Hanover Park,24/04/26,Fri,20:30,Kensington,14 Avenue A,2,2,,Y,,
43575801,CTTLFA 2026,E2- Vets 035 B,,,E2-10- Wynberg St Johns,E2-06- FN Rangers B,24/04/26,Fri,20:30,Wynberg st Johns,Wynberg A,2,5,,Y,,
43262419,CTTLFA 2026,F1 - Vets 040 A,,,F1-06- Norway Parks,F1-09- Sunningdale City,24/04/26,Fri,20:30,Norway Parks,Royal Road A,5,1,,Y,,
43575670,CTTLFA 2026,F2 - Vets 040 B,,,F2-02- Bothasig,F2-09- Wynberg St Johns,24/04/26,Fri,20:30,Bothasig,Abe Sher B,1,3,,Y,,
43575673,CTTLFA 2026,F2 - Vets 040 B,,,F2-06- Kuilsriver,F2-07- Bye,24/04/26,Fri,20:30,Serepta Sports Ground,Serepta Sports Ground A,0,0,,Y,,
43279478,CTTLFA 2026,M5 - Under 14 Division Five,,,M5-09- Meadowridge B.,M5-06- Fish Hoek B.,25/04/26,Sat,08:15,Meadowridge,Meadowridge B,7,0,,Y,,
43256963,CTTLFA 2026,O1 - Under 12 Premier One,,,O1-03- De Beers,O1-11- Table View,25/04/26,Sat,08:15,De Beers,Somerset West A,4,1,,Y,,
43256964,CTTLFA 2026,O1 - Under 12 Premier One,,,O1-04- FC Kapstadt,O1-10- Rygersdal,25/04/26,Sat,08:15,FC Kapstadt,Hartleyvale D,3,1,,Y,,
43256965,CTTLFA 2026,O1 - Under 12 Premier One,,,O1-06- Hanover Park,O1-12- CR Vasco Da Gama,25/04/26,Sat,08:15,Hanover Park,Hanover Park A,0,4,,Y,,
43256967,CTTLFA 2026,O1 - Under 12 Premier One,,,O1-13- Wynberg St Johns,O1-09- Norway Parks,25/04/26,Sat,08:15,Wynberg st Johns,Wynberg A,0,2,,Y,,
43257377,CTTLFA 2026,O2 - Under 12 Premier Two,,,O2-03- Edgemead G/W,O2-01- Clyde Pinelands,25/04/26,Sat,08:15,Edgemead G/W,Edgemead A,4,0,,Y,,
43257379,CTTLFA 2026,O2 - Under 12 Premier Two,,,O2-08- Saxon Rovers,O2-02- Durbanville,25/04/26,Sat,08:15,Saxon Rovers,Maitland A,2,1,,Y,,
43257380,CTTLFA 2026,O2 - Under 12 Premier Two,,,O2-09- Shosholoza,O2-07- Meadowridge,25/04/26,Sat,08:15,Pelican Heights Sports Ground,Pelican A,0,3,Away Walkover,Y,,
43257382,CTTLFA 2026,O2 - Under 12 Premier Two,,,O2-11- Sunningdale City,O2-05- Kensington,25/04/26,Sat,08:15,Sunningdale City,Sunningdale A,12,0,,Y,,
43260893,CTTLFA 2026,O3B - Under 12 Premier Three B,,,O3-02- Bellville City,O3-03- Bothasig,25/04/26,Sat,08:15,Bellville City,PP Smit Stadium B,3,4,,Y,,
43260895,CTTLFA 2026,O3B - Under 12 Premier Three B,,,O3-06- Goodwood United,O3-15- Mutual FC,25/04/26,Sat,08:15,Goodwood,Hamilton Road A,4,1,,Y,,
43805145,CTTLFA 2026,O3 - Under 12 Premier Three,,,O3-08- Green Point Salesians,O3-16- Garlandale,25/04/26,Sat,08:15,Green Point,Green Point A,2,3,,Y,,
43805146,CTTLFA 2026,O3 - Under 12 Premier Three,,,O3-11- Ruyterwacht,O3-04- Chelsea Bridgetown,25/04/26,Sat,08:15,Ruyterwacht,Stan Abbott,1,0,,Y,,
43260896,CTTLFA 2026,O3B - Under 12 Premier Three B,,,O3-13- West End United,O3-09- Holy Cross,25/04/26,Sat,08:15,West End United,West End Park A,0,8,,Y,,
43260923,CTTLFA 2026,O3B - Under 12 Premier Three B,,,O3-14- YSD Macassar,O3-05- Garden Village,25/04/26,Sat,08:15,YSD Macassar,YSD Macassar A,3,0,,Y,,
43274205,CTTLFA 2026,O4 - Under 12 Division Four,,,O4-02- Cape Town Spurs B,O4-07- Rygersdal B,25/04/26,Sat,08:15,Cape Town Spurs,Ikamva D,1,2,,Y,,
43274213,CTTLFA 2026,O4 - Under 12 Division Four,,,O4-04- FN Rangers B,O4-05- Northpine United B,25/04/26,Sat,08:15,FN Rangers,FNB Stadium A,4,2,,Y,,
43274214,CTTLFA 2026,O4 - Under 12 Division Four,,,O4-08- Saxon Rovers B,O4-09- Table View B,25/04/26,Sat,08:15,Saxon Rovers,Maitland B,4,0,,Y,,
43274210,CTTLFA 2026,O5 - Under 12 Division Five,,,O5-01- Bellville City B.,O5-05- Edgemead G/W B.,25/04/26,Sat,08:15,Bellville City,PP Smit Stadium C,1,13,,Y,,
43274207,CTTLFA 2026,O5 - Under 12 Division Five,,,O5-04- Durbanville B.,O5-11- Sunningdale City B,25/04/26,Sat,08:15,Durbanville,Klazinga Park B,3,3,,Y,,
43274208,CTTLFA 2026,O5 - Under 12 Division Five,,,O5-07- Goodwood United B,O5-02- Bothasig B,25/04/26,Sat,08:15,Goodwood,Hamilton Road B,0,6,,Y,,
43274211,CTTLFA 2026,O5 - Under 12 Division Five,,,O5-09- Meadowridge B.,O5-06- Fish Hoek B.,25/04/26,Sat,08:15,Meadowridge,Meadowridge A,3,1,,Y,,
43331089,CTTLFA 2026,O6 - Under 12 Division Six,,,O6-01- Bothasig C,O6-06- Grass Boots B,25/04/26,Sat,08:15,Bothasig,Abe Sher C,0,3,,Y,,
43806070,CTTLFA 2026,O8- Under 12 Division Seven,,,O8-01- Tramway,O8-02- Durbanville C,25/04/26,Sat,08:15,Tramway,Groenewald Park A,19,0,,Y,,
43256806,CTTLFA 2026,M1 - Under 14 Premier One,,,M1-02- Cape Town Spurs,M1-01- Camps Bay,25/04/26,Sat,09:30,Cape Town Spurs,Ikamva A,5,1,,Y,,
43256807,CTTLFA 2026,M1 - Under 14 Premier One,,,M1-03- De Beers,M1-11- Table View,25/04/26,Sat,09:30,De Beers,Somerset West A,0,5,,Y,,
43256808,CTTLFA 2026,M1 - Under 14 Premier One,,,M1-04- FC Kapstadt,M1-10- Rygersdal,25/04/26,Sat,09:30,FC Kapstadt,Hartleyvale D,3,1,,Y,,
43256809,CTTLFA 2026,M1 - Under 14 Premier One,,,M1-06- Hanover Park,M1-12- CR Vasco Da Gama,25/04/26,Sat,09:30,Hanover Park,Hanover Park A,6,2,,Y,,
43256810,CTTLFA 2026,M1 - Under 14 Premier One,,,M1-08- Northpine United,M1-05- FN Rangers,25/04/26,Sat,09:30,Northpine United,Central Park A,4,3,,Y,,
43256811,CTTLFA 2026,M1 - Under 14 Premier One,,,M1-13- Wynberg St Johns,M1-09- Norway Parks,25/04/26,Sat,09:30,Wynberg st Johns,Wynberg A,0,1,,Y,,
43257245,CTTLFA 2026,M2 - Under 14 Premier Two,,,M2-03- Edgemead G/W,M2-01- Clyde Pinelands,25/04/26,Sat,09:30,Edgemead G/W,Edgemead A,5,0,,Y,,
43257246,CTTLFA 2026,M2 - Under 14 Premier Two,,,M2-06- Kuilsriver,M2-04- Fish Hoek,25/04/26,Sat,09:30,Serepta Sports Ground,Serepta Sports Ground A,6,1,,Y,,
43257247,CTTLFA 2026,M2 - Under 14 Premier Two,,,M2-08- Saxon Rovers,M2-02- Durbanville,25/04/26,Sat,09:30,Saxon Rovers,Maitland A,0,2,,Y,,
43257248,CTTLFA 2026,M2 - Under 14 Premier Two,,,M2-09- Shosholoza,M2-07- Meadowridge,25/04/26,Sat,09:30,Pelican Heights Sports Ground,Pelican A,0,3,Away Walkover,Y,,
43257249,CTTLFA 2026,M2 - Under 14 Premier Two,,,M2-10- Stephanian Ottery,M2-12- Young Bafana,25/04/26,Sat,09:30,Stephanian Ottery,Stephanian Ottery A,0,3,,Y,,
43257250,CTTLFA 2026,M2 - Under 14 Premier Two,,,M2-11- Sunningdale City,M2-05- Kensington,25/04/26,Sat,09:30,Sunningdale City,Sunningdale A,4,2,,Y,,
43260835,CTTLFA 2026,M3B - Under 14 Premier Three B,,,M3-02- Bellville City,M3-03- Bothasig,25/04/26,Sat,09:30,Bellville City,PP Smit Stadium A,0,4,,Y,,
43260837,CTTLFA 2026,M3B - Under 14 Premier Three B,,,M3-06- Goodwood United,M3-15- Mutual FC,25/04/26,Sat,09:30,Goodwood,Hamilton Road A,8,1,,Y,,
43805468,CTTLFA 2026,M3 - Under 14 Premier Three,,,M3-08- Green Point Salesians,M3-16- Garlandale,25/04/26,Sat,09:30,Green Point,Green Point A,4,1,,Y,,
43805469,CTTLFA 2026,M3 - Under 14 Premier Three,,,M3-11- Ruyterwacht,M3-04- Chelsea Bridgetown,25/04/26,Sat,09:30,Ruyterwacht,Stan Abbott,0,2,,Y,,
43260838,CTTLFA 2026,M3B - Under 14 Premier Three B,,,M3-13- West End United,M3-09- Holy Cross,25/04/26,Sat,09:30,West End United,West End Park A,0,2,,Y,,
43260865,CTTLFA 2026,M3B - Under 14 Premier Three B,,,M3-14- YSD Macassar,M3-05- Garden Village,25/04/26,Sat,09:30,YSD Macassar,YSD Macassar A,4,1,,Y,,
43279139,CTTLFA 2026,M4 - Under 14 Division Four,,,M4-02- Cape Town Spurs B,M4-07- Rygersdal B,25/04/26,Sat,09:30,Cape Town Spurs,Ikamva C,2,0,,Y,,
43279140,CTTLFA 2026,M4 - Under 14 Division Four,,,M4-03- De Beers B.,M4-01- Camps Bay B.,25/04/26,Sat,09:30,De Beers,Somerset West B,3,0,,Y,,
43279141,CTTLFA 2026,M4 - Under 14 Division Four,,,M4-04- FN Rangers B,M4-05- Northpine United B,25/04/26,Sat,09:30,FN Rangers,FNB Stadium A,0,4,,Y,,
43279142,CTTLFA 2026,M4 - Under 14 Division Four,,,M4-08- Saxon Rovers B.,M4-09- Table View B,25/04/26,Sat,09:30,Saxon Rovers,Maitland B,0,6,,Y,,
43279143,CTTLFA 2026,M4 - Under 14 Division Four,,,M4-11- Wynberg St Johns B.,M4-10- CR Vasco Da Gama B,25/04/26,Sat,09:30,Wynberg st Johns,Wynberg B,1,5,,Y,,
43279475,CTTLFA 2026,M5 - Under 14 Division Five,,,M5-01- Bellville City B.,M5-05- Edgemead G/W B.,25/04/26,Sat,09:30,Bellville City,PP Smit Stadium B,1,3,,Y,,
43279476,CTTLFA 2026,M5 - Under 14 Division Five,,,M5-04- Durbanville B.,M5-11- Sunningdale City B,25/04/26,Sat,09:30,Durbanville,Klazinga Park B,3,1,,Y,,
43279477,CTTLFA 2026,M5 - Under 14 Division Five,,,M5-07- Goodwood United B,M5-02- Bothasig B,25/04/26,Sat,09:30,Goodwood,Hamilton Road B,0,11,,Y,,
43279479,CTTLFA 2026,M5 - Under 14 Division Five,,,M5-10- Stephanian Ottery B,M5-03- Clyde Pinelands B,25/04/26,Sat,09:30,Stephanian Ottery,Stephanian Ottery B,2,1,,Y,,
43272846,CTTLFA 2026,M6 - Under 14 Division Six,,,M6-09- JMI,M6-05- Edgemead G/W C,25/04/26,Sat,09:30,Norway Parks,Royal Road B,0,0,,Y,,
43806165,CTTLFA 2026,M7 - Under 14 Division Seven,,,M7-03- Meadowridge C,M7-07- Table View C,25/04/26,Sat,09:30,Meadowridge,Meadowridge B,2,3,,Y,,
43806160,CTTLFA 2026,M7 - Under 14 Division Seven,,,M7-05- Rygersdal C,M7-04- Northpine United C,25/04/26,Sat,09:30,Rygersdal,Rygersdal B,2,7,,Y,,
43806147,CTTLFA 2026,M7 - Under 14 Division Seven,,,M7-06- Sunningdale City C.,M7-01- Bothasig C,25/04/26,Sat,09:30,Sunningdale City,Sunningdale B,2,2,,Y,,
43806161,CTTLFA 2026,M7 - Under 14 Division Seven,,,M7-08- Wynberg St Johns C,M7-09- Durbanville C,25/04/26,Sat,09:30,Wynberg st Johns,Wynberg C,3,3,,Y,,
43574577,CTTLFA 2026,M8 - Under 14 Girls Premier One,,,M8-02- Bothasig,M8-09- Stephanian Ottery,25/04/26,Sat,09:30,Bothasig,Abe Sher C,3,0,Home Walkover,Y,,
43574574,CTTLFA 2026,M8 - Under 14 Girls Premier One,,,M8-06- Norway Parks,M8-04- Fish Hoek,25/04/26,Sat,09:30,Norway Parks,Royal Road A,0,6,,Y,,
43806162,CTTLFA 2026,M9- Under 14 Division Eight,,,M9-01- Bellville City C,M9-08- Table View D,25/04/26,Sat,09:30,Bellville City,PP Smit Stadium C,4,7,,Y,,
43806163,CTTLFA 2026,M9- Under 14 Division Eight,,,M9-03- Edgemead G/W D,M9-04- Tramway,25/04/26,Sat,09:30,Edgemead G/W,Edgemead D,0,5,,Y,,
43806156,CTTLFA 2026,M9- Under 14 Division Eight,,,M9-05- Meadowridge D,M9-02- Bothasig D,25/04/26,Sat,09:30,Meadowridge,Meadowridge A,3,0,Home Walkover,Y,,
43331092,CTTLFA 2026,O6 - Under 12 Division Six,,,O6-09- Holy Cross B,O6-03- Kensington B,25/04/26,Sat,09:30,Holy Cross,Holy Cross School A,3,0,,Y,,
43806836,CTTLFA 2026,K7 - Under 16 Girls Premier One,,,K7-01- Badgers,K7-02- Bellville City,25/04/26,Sat,10:00,Badgers FC,Oranjezicht A,0,2,,Y,,
43256650,CTTLFA 2026,K1 - Under 16 Premier One,,,K1-02- Cape Town Spurs,K1-01- Camps Bay,25/04/26,Sat,10:50,Cape Town Spurs,Ikamva A,1,2,,Y,,
43256651,CTTLFA 2026,K1 - Under 16 Premier One,,,K1-03- De Beers,K1-11- Table View,25/04/26,Sat,10:50,De Beers,Somerset West A,2,1,,Y,,
43256652,CTTLFA 2026,K1 - Under 16 Premier One,,,K1-04- FC Kapstadt,K1-10- Rygersdal,25/04/26,Sat,10:50,FC Kapstadt,Hartleyvale D,0,3,,Y,,
43256653,CTTLFA 2026,K1 - Under 16 Premier One,,,K1-06- Hanover Park,K1-12- CR Vasco Da Gama,25/04/26,Sat,10:50,Hanover Park,Hanover Park A,4,5,,Y,,
43256654,CTTLFA 2026,K1 - Under 16 Premier One,,,K1-08- Northpine United,K1-05- FN Rangers,25/04/26,Sat,10:50,Northpine United,Central Park A,1,1,,Y,,
43256655,CTTLFA 2026,K1 - Under 16 Premier One,,,K1-13- Wynberg St Johns,K1-09- Norway Parks,25/04/26,Sat,10:50,Wynberg st Johns,Wynberg A,0,6,,Y,,
43257112,CTTLFA 2026,K2 - Under 16 Premier Two,,,K2-03- Edgemead G/W,K2-01- Clyde Pinelands,25/04/26,Sat,10:50,Edgemead G/W,Edgemead A,1,3,,Y,,
43257113,CTTLFA 2026,K2 - Under 16 Premier Two,,,K2-06- Kuilsriver,K2-04- Fish Hoek,25/04/26,Sat,10:50,Serepta Sports Ground,Serepta Sports Ground A,0,1,,Y,,
43257114,CTTLFA 2026,K2 - Under 16 Premier Two,,,K2-08- Saxon Rovers,K2-02- Durbanville,25/04/26,Sat,10:50,Saxon Rovers,Maitland A,0,1,,Y,,
43257115,CTTLFA 2026,K2 - Under 16 Premier Two,,,K2-09- Shosholoza,K2-07- Meadowridge,25/04/26,Sat,10:50,Pelican Heights Sports Ground,Pelican A,0,5,,Y,,
43257116,CTTLFA 2026,K2 - Under 16 Premier Two,,,K2-10- Stephanian Ottery,K2-12- Young Bafana,25/04/26,Sat,10:50,Stephanian Ottery,Stephanian Ottery A,2,4,,Y,,
43257117,CTTLFA 2026,K2 - Under 16 Premier Two,,,K2-11- Sunningdale City,K2-05- Kensington,25/04/26,Sat,10:50,Sunningdale City,Sunningdale A,8,0,,Y,,
43260779,CTTLFA 2026,K3B - Under 16 Premier Three B,,,K3-02- Bellville City,K3-03- Bothasig,25/04/26,Sat,10:50,Bellville City,PP Smit Stadium A,3,2,,Y,,
43260781,CTTLFA 2026,K3B - Under 16 Premier Three B,,,K3-06- Goodwood United,K3-15- Mutual FC,25/04/26,Sat,10:50,Goodwood,Hamilton Road A,6,3,,Y,,
43805140,CTTLFA 2026,K3 - Under 16 Premier Three,,,K3-08- Green Point Salesians,K3-16- Garlandale,25/04/26,Sat,10:50,Green Point,Green Point A,13,2,,Y,,
43805141,CTTLFA 2026,K3 - Under 16 Premier Three,,,K3-11- Ruyterwacht,K3-04- Chelsea Bridgetown,25/04/26,Sat,10:50,Ruyterwacht,Stan Abbott,1,2,,Y,,
43260782,CTTLFA 2026,K3B - Under 16 Premier Three B,,,K3-13- West End United,K3-09- Holy Cross,25/04/26,Sat,10:50,West End United,West End Park A,0,2,,Y,,
43260809,CTTLFA 2026,K3B - Under 16 Premier Three B,,,K3-14- YSD Macassar,K3-05- Garden Village,25/04/26,Sat,10:50,YSD Macassar,YSD Macassar A,5,3,,Y,,
43279250,CTTLFA 2026,K4 - Under 16 Division Four,,,K4-02- Cape Town Spurs B,K4-07- Rygersdal B,25/04/26,Sat,10:50,Cape Town Spurs,Ikamva C,0,6,,Y,,
43279251,CTTLFA 2026,K4 - Under 16 Division Four,,,K4-03- De Beers B.,K4-01- Bye,25/04/26,Sat,10:50,De Beers,Somerset West B,0,0,,Y,,
43279252,CTTLFA 2026,K4 - Under 16 Division Four,,,K4-04- FN Rangers B,K4-05- Northpine United B,25/04/26,Sat,10:50,FN Rangers,FNB Stadium A,0,0,,Y,,
43279253,CTTLFA 2026,K4 - Under 16 Division Four,,,K4-08- Saxon Rovers B,K4-09- Table View B.,25/04/26,Sat,10:50,Saxon Rovers,Maitland B,1,2,,Y,,
43279254,CTTLFA 2026,K4 - Under 16 Division Four,,,K4-11- Wynberg St Johns B.,K4-10- CR Vasco Da Gama B,25/04/26,Sat,10:50,Wynberg st Johns,Wynberg B,0,1,,Y,,
43279365,CTTLFA 2026,K5 - Under 16 Division Five,,,K5-01- Bellville City B.,K5-05- Edgemead G/W B.,25/04/26,Sat,10:50,Bellville City,PP Smit Stadium B,0,5,,Y,,
43279366,CTTLFA 2026,K5 - Under 16 Division Five,,,K5-04- Durbanville B.,K5-11- Sunningdale City B,25/04/26,Sat,10:50,Durbanville,Klazinga Park B,0,4,,Y,,
43279367,CTTLFA 2026,K5 - Under 16 Division Five,,,K5-07- Goodwood United B,K5-02- Bothasig B,25/04/26,Sat,10:50,Goodwood,Hamilton Road B,1,6,,Y,,
43279369,CTTLFA 2026,K5 - Under 16 Division Five,,,K5-10- Stephanian Ottery B,K5-03- Clyde Pinelands B,25/04/26,Sat,10:50,Stephanian Ottery,Stephanian Ottery B,1,1,,Y,,
43805867,CTTLFA 2026,K6 - Under 16 Division Six,,,K6-01- Bye.,K6-04- Holy Cross B,25/04/26,Sat,10:50,Chelsea,Hickory Road A,0,0,,Y,,
43805729,CTTLFA 2026,K6 - Under 16 Division Six,,,K6-02- Bothasig C,K6-03- Brooklyn Superstars,25/04/26,Sat,10:50,Bothasig,Abe Sher C,1,5,,Y,,
43805731,CTTLFA 2026,K6 - Under 16 Division Six,,,K6-05- JMI,K6-08- Sunningdale City C,25/04/26,Sat,10:50,Norway Parks,Royal Road E,3,0,Home Walkover,Y,,
43805745,CTTLFA 2026,K6 - Under 16 Division Six,,,K6-06- Meadowridge C,K6-11- Kensington B,25/04/26,Sat,10:50,Meadowridge,Meadowridge A,5,1,,Y,,
43805854,CTTLFA 2026,K6 - Under 16 Division Six,,,K6-07- Ruyterwacht B,K6-09- Table View C,25/04/26,Sat,10:50,Ruyterwacht,Stan Abbot B,2,2,,Y,,
43806834,CTTLFA 2026,K7 - Under 16 Girls Premier One,,,K7-10- Rygersdal,K7-15- Norway Parks,25/04/26,Sat,10:50,Rygersdal,Rygersdal B,2,0,,Y,,
43806835,CTTLFA 2026,K7 - Under 16 Girls Premier One,,,K7-13- Wynberg St Johns,K7-14- Nova Generation,25/04/26,Sat,10:50,Wynberg st Johns,Wynberg C,3,0,,Y,,
43805711,CTTLFA 2026,K8- Under 16 Division Seven,,,K8-01- Bothasig D,K8-11- Bye,25/04/26,Sat,10:50,Bothasig,Abe Sher D,0,0,,Y,,
43805752,CTTLFA 2026,K8- Under 16 Division Seven,,,K8-03- Edgemead G/W C,K8-07- Rygersdal C,25/04/26,Sat,10:50,Edgemead G/W,Edgemead C,3,0,Home Walkover,Y,,
43805725,CTTLFA 2026,K8- Under 16 Division Seven,,,K8-05- Meadowridge D,K8-09- YMO FC,25/04/26,Sat,10:50,Meadowridge,Meadowridge B,3,0,Home Walkover,Y,,
43805705,CTTLFA 2026,K8- Under 16 Division Seven,,,K8-08- Table View D,K8-06- Northpine United C,25/04/26,Sat,10:50,Table View,Table View A,1,1,,Y,,
43272847,CTTLFA 2026,M6 - Under 14 Division Six,,,M6-08- Holy Cross B.,M6-03- Bye,25/04/26,Sat,10:50,Holy Cross,Holy Cross School A,0,0,,Y,,
43806169,CTTLFA 2026,M9- Under 14 Division Eight,,,M9-07- Bye,M9-06- Northpine United D,25/04/26,Sat,10:50,Norway Parks,Royal Road D,0,0,,Y,,
43317259,CTTLFA 2026,H2 - Womens First Division,,,H2-01- Badgers B.,H2-11- Magic Ladies B,25/04/26,Sat,12:00,Badgers FC,Oranjezicht A,0,3,,Y,,
42989809,CTTLFA 2026,I1 - Under 18 Premier One,,,I1-02- Cape Town Spurs,I1-01- Camps Bay,25/04/26,Sat,12:30,Cape Town Spurs,Ikamva A,1,2,,Y,,
42989807,CTTLFA 2026,I1 - Under 18 Premier One,,,I1-03- De Beers,I1-11- Table View,25/04/26,Sat,12:30,De Beers,Somerset West A,3,6,,Y,,
42989804,CTTLFA 2026,I1 - Under 18 Premier One,,,I1-04- FC Kapstadt,I1-10- Rygersdal,25/04/26,Sat,12:30,FC Kapstadt,Hartleyvale D,3,1,,Y,,
42989808,CTTLFA 2026,I1 - Under 18 Premier One,,,I1-06- Hanover Park,I1-12- CR Vasco Da Gama,25/04/26,Sat,12:30,Hanover Park,Hanover Park A,0,2,,Y,,
42989806,CTTLFA 2026,I1 - Under 18 Premier One,,,I1-08- Northpine United,I1-05- FN Rangers,25/04/26,Sat,12:30,Northpine United,Central Park B,1,0,,Y,,
42989805,CTTLFA 2026,I1 - Under 18 Premier One,,,I1-13- Wynberg St Johns,I1-09- Norway Parks,25/04/26,Sat,12:30,Wynberg st Johns,Wynberg A,0,2,,Y,,
42989991,CTTLFA 2026,I2 - Under 18 Premier Two,,,I2-03- Edgemead G/W,I2-01- Clyde Pinelands,25/04/26,Sat,12:30,Edgemead G/W,Edgemead A,1,2,,Y,,
42989995,CTTLFA 2026,I2 - Under 18 Premier Two,,,I2-06- Kuilsriver,I2-04- Fish Hoek,25/04/26,Sat,12:30,Serepta Sports Ground,Serepta Sports Ground A,3,3,,Y,,
42989993,CTTLFA 2026,I2 - Under 18 Premier Two,,,I2-08- Saxon Rovers,I2-02- Durbanville,25/04/26,Sat,12:30,Saxon Rovers,Maitland A,2,2,,Y,,
42989996,CTTLFA 2026,I2 - Under 18 Premier Two,,,I2-10- Stephanian Ottery,I2-12- Young Bafana,25/04/26,Sat,12:30,Stephanian Ottery,Stephanian Ottery A,1,1,,Y,,
42989994,CTTLFA 2026,I2 - Under 18 Premier Two,,,I2-11- Sunningdale City,I2-05- Kensington,25/04/26,Sat,12:30,Sunningdale City,Sunningdale A,0,2,,Y,,
43206916,CTTLFA 2026,I3B - Under 18 Premier Three B,,,I3-02- Bellville City,I3-03- Bothasig,25/04/26,Sat,12:30,Bellville City,PP Smit Stadium A,3,2,,Y,,
43206918,CTTLFA 2026,I3B - Under 18 Premier Three B,,,I3-06- Goodwood United,I3-15- Mutual FC,25/04/26,Sat,12:30,Goodwood,Hamilton Road A,3,0,Home Walkover,Y,,
43804776,CTTLFA 2026,I3 - Under 18 Premier Three,,,I3-08- Green Point Salesians,I3-16- Garlandale,25/04/26,Sat,12:30,Green Point,Green Point A,2,1,,Y,,
43804777,CTTLFA 2026,I3 - Under 18 Premier Three,,,I3-11- Ruyterwacht,I3-04- Chelsea Bridgetown,25/04/26,Sat,12:30,Ruyterwacht,Stan Abbott,3,2,,Y,,
43206917,CTTLFA 2026,I3B - Under 18 Premier Three B,,,I3-13- West End United,I3-09- Holy Cross,25/04/26,Sat,12:30,West End United,West End Park A,0,3,,Y,,
43206944,CTTLFA 2026,I3B - Under 18 Premier Three B,,,I3-14- YSD Macassar,I3-05- Garden Village,25/04/26,Sat,12:30,YSD Macassar,YSD Macassar A,1,3,,Y,,
43275072,CTTLFA 2026,I4 - Under 18 Division Four,,,I4-03- FN Rangers B,I4-07- Saxon Rovers B,25/04/26,Sat,12:30,FN Rangers,FNB Stadium A,3,1,,Y,,
43275073,CTTLFA 2026,I4 - Under 18 Division Four,,,I4-05- Norway Parks B,I4-04- Northpine United B,25/04/26,Sat,12:30,Norway Parks,Royal Road D,2,1,,Y,,
43275070,CTTLFA 2026,I4 - Under 18 Division Four,,,I4-06- Rygersdal B.,I4-09- CR Vasco Da Gama B,25/04/26,Sat,12:30,Rygersdal,Rygersdal B,0,3,Away Walkover,Y,,
43275071,CTTLFA 2026,I4 - Under 18 Division Four,,,I4-08- Table View B,I4-01- Bothasig B,25/04/26,Sat,12:30,Table View,Table View A,3,1,,Y,,
43275069,CTTLFA 2026,I4 - Under 18 Division Four,,,I4-10- Wynberg St Johns B.,I4-02- Cape Town Spurs B,25/04/26,Sat,12:30,Wynberg st Johns,Wynberg B,1,1,,Y,,
43805506,CTTLFA 2026,I5 - Under 18 Division Five,,,I5-02- Clyde Pinelands B,I5-11- Tramway,25/04/26,Sat,12:30,Clyde Pinelands,Ringwood Drive B,5,2,,Y,,
43805505,CTTLFA 2026,I5 - Under 18 Division Five,,,I5-03- Durbanville B.,I5-05- Fish Hoek B.,25/04/26,Sat,12:30,Durbanville,Klazinga Park B,1,1,,Y,,
43805508,CTTLFA 2026,I5 - Under 18 Division Five,,,I5-07- Meadowridge B.,I5-01- Bothasig C,25/04/26,Sat,12:30,Meadowridge,Meadowridge B,3,0,Home Walkover,Y,,
43805507,CTTLFA 2026,I5 - Under 18 Division Five,,,I5-08- Ruyterwacht B,I5-06- JMI,25/04/26,Sat,12:30,Ruyterwacht,Stan Abbot B,1,4,,Y,,
43805504,CTTLFA 2026,I5 - Under 18 Division Five,,,I5-10- Bellville City B,I5-04- Edgemead G/W B.,25/04/26,Sat,12:30,Bellville City,PP Smit Stadium B,0,1,,Y,,
43279368,CTTLFA 2026,K5 - Under 16 Division Five,,,K5-09- Meadowridge B.,K5-06- Fish Hoek B.,25/04/26,Sat,12:30,Meadowridge,Meadowridge A,2,0,,Y,,
43806833,CTTLFA 2026,K7 - Under 16 Girls Premier One,,,K7-09- Bye.,K7-03- Bothasig,25/04/26,Sat,12:30,Northpine United,Central Park A,0,0,,Y,,
43575190,CTTLFA 2026,D1 - 3rd Division,,,D1-02- Bothasig,D1-11- Shosholoza FC,25/04/26,Sat,14:00,Bothasig,Abe Sher C,3,0,Home Walkover,Y,,
43575196,CTTLFA 2026,D1 - 3rd Division,,,D1-07- Saxon Rovers,D1-08- Table View,25/04/26,Sat,14:00,Saxon Rovers,Maitland B,3,3,,Y,,
43575197,CTTLFA 2026,D1 - 3rd Division,,,D1-10- Wynberg St Johns,D1-09- C.R. Vasco Da Gama,25/04/26,Sat,14:00,Wynberg st Johns,Wynberg B,1,5,,Y,,
43575408,CTTLFA 2026,D2 - 4th Division,,,D2-03- Edgemead G/W,D2-08- Table View,25/04/26,Sat,14:00,Edgemead G/W,Edgemead A,8,0,,Y,,
43575406,CTTLFA 2026,D2 - 4th Division,,,D2-06- Ruyterwacht,D2-09- C.R. Vasco Da Gama,25/04/26,Sat,14:00,Ruyterwacht,Stan Abbot B,3,2,,Y,,
43575198,CTTLFA 2026,D3 - 5th Division,,,D3-03- Durbanville,D3-11- Hanover Park,25/04/26,Sat,14:00,Durbanville,Klazinga Park B,7,0,,Y,,
43575193,CTTLFA 2026,D3 - 5th Division,,,D3-05-Bellville City,D3-04- Edgemead G/W,25/04/26,Sat,14:00,Bellville City,PP Smit Stadium B,0,3,,Y,,
43575537,CTTLFA 2026,D4 - 6th Division,,,D4-05- Kuilsriver,D4-04- Holy Cross,25/04/26,Sat,14:00,Serepta Sports Ground,Serepta Sports Ground B,5,1,,Y,,
43575800,CTTLFA 2026,E2- Vets 035 B,,,E2-08- Everton United,E2-11- Turfhall,25/04/26,Sat,14:00,Heideveld Astro,Astro A,0,0,,Y,,
43256253,CTTLFA 2026,B2 - First Reserve,,,FR-03- Brooklyn Superstars,FR-06- Kensington,25/04/26,Sat,14:00,Bayview Sports Complex,Brooklyn Bayview Sports Complex A,1,1,,Y,,
43256254,CTTLFA 2026,B2 - First Reserve,,,FR-05- JMI,FR-08- Meadowridge,25/04/26,Sat,14:00,Norway Parks,Royal Road E,1,2,,Y,,
43256255,CTTLFA 2026,B2 - First Reserve,,,FR-07- Kuilsriver,FR-02- Bothasig,25/04/26,Sat,14:00,Serepta Sports Ground,Serepta Sports Ground A,2,0,,Y,,
43256256,CTTLFA 2026,B2 - First Reserve,,,FR-10- Ruyterwacht,FR-13- Tramway,25/04/26,Sat,14:00,Ruyterwacht,Stan Abbott,6,2,,Y,,
43256257,CTTLFA 2026,B2 - First Reserve,,,FR-11- Stephanian Ottery,FR-01- Bellville City FC,25/04/26,Sat,14:00,Stephanian Ottery,Stephanian Ottery A,2,2,,Y,,
43256258,CTTLFA 2026,B2 - First Reserve,,,FR-12- Sunningdale City,FR-09- Northpine United,25/04/26,Sat,14:00,Sunningdale City,Sunningdale A,2,2,,Y,,
43806379,CTTLFA 2026,G1 - Vets 045 A,,,G1-01- De Beers,G1-06- Saxon Rovers,25/04/26,Sat,14:00,De Beers,Somerset West B,1,3,,Y,,
43806360,CTTLFA 2026,G1 - Vets 045 A,,,G1-08- Bothasig,G1-09- Garden Village,25/04/26,Sat,14:00,Bothasig,Abe Sher D,3,0,,Y,,
43806400,CTTLFA 2026,G1 - Vets 045 A,,,G1-11- Lansdowne,G1-10- Holy Cross,25/04/26,Sat,14:00,Lansdowne,Chukker Road A,2,0,,Y,,
43806376,CTTLFA 2026,G1 - Vets 045 A,,,G1-13- Stephanian Ottery,G1-12- Table View,25/04/26,Sat,14:00,Stephanian Ottery,Stephanian Ottery B,1,1,,Y,,
43262898,CTTLFA 2026,G4 - Vets 050 A,,,G4-09- West End United A,G4-04- Hanover Park,25/04/26,Sat,14:00,West End United,West End Park B,1,1,,Y,,
43262729,CTTLFA 2026,G5 - Vets 050 B,,,G5-02- Bye.,G5-08- Lansdowne,25/04/26,Sat,14:00,Bye,#1,0,0,,Y,,
43262733,CTTLFA 2026,G5 - Vets 050 B,,,G5-06- Green Point Salesians,G5-05- Everton United,25/04/26,Sat,14:00,Green Point,Green Point B,1,4,,Y,,
43575072,CTTLFA 2026,G6 - Vets O50 C,,,G6-04- Stephanian Ottery B,G6-10- Saxon Rovers,25/04/26,Sat,14:00,Stephanian Ottery,Stephanian Ottery C,1,1,,Y,,
43575070,CTTLFA 2026,G6 - Vets O50 C,,,G6-05- Table View,G6-02- Hanover Park C,25/04/26,Sat,14:00,Table View,Table View A,1,2,,Y,,
43806535,CTTLFA 2026,H1 - Womens Premier League,,,H1-01- Badgers,H1-11- UCT,25/04/26,Sat,14:00,Badgers FC,Oranjezicht A,2,0,,Y,,
43256068,CTTLFA 2026,A2 - Premier Reserve,,,PR-01- Durbanville,PR-09- Rygersdal,25/04/26,Sat,14:00,Durbanville,Klazinga Park A,5,2,,Y,,
43256069,CTTLFA 2026,A2 - Premier Reserve,,,PR-03- Fish Hoek,PR-02- Edgemead G/W,25/04/26,Sat,14:00,Fish Hoek,Fish Hoek A,1,3,,Y,,
43256070,CTTLFA 2026,A2 - Premier Reserve,,,PR-04- FN Rangers,PR-08- Norway Parks,25/04/26,Sat,14:00,FN Rangers,FNB Stadium A,1,2,,Y,,
43256071,CTTLFA 2026,A2 - Premier Reserve,,,PR-07- Holy Cross,PR-13- C.R. Vasco Da Gama,25/04/26,Sat,14:00,Holy Cross,Voortrekker Road,0,1,,Y,,
43256072,CTTLFA 2026,A2 - Premier Reserve,,,PR-10- Saxon Rovers,PR-06- Hanover Park,25/04/26,Sat,14:00,Saxon Rovers,Maitland A,6,1,,Y,,
43256073,CTTLFA 2026,A2 - Premier Reserve,,,PR-12- UCT,PR-05- Green Point Salesians,25/04/26,Sat,14:00,U C T,U C T,1,3,,Y,,
43256074,CTTLFA 2026,A2 - Premier Reserve,,,PR-14- Wynberg St Johns,PR-11- Table View,25/04/26,Sat,14:00,Wynberg st Johns,Wynberg A,3,1,,Y,,
43256416,CTTLFA 2026,C2 - Second Reserve,,,SR-04- Chelsea Bridgetown,SR-05- Clyde Pinelands,25/04/26,Sat,14:00,Chelsea,Hickory Road A,2,3,,Y,,
43256417,CTTLFA 2026,C2 - Second Reserve,,,SR-06- De Beers,SR-16- YSD Macassar,25/04/26,Sat,14:00,De Beers,Somerset West A,1,1,,Y,,
43256418,CTTLFA 2026,C2 - Second Reserve,,,SR-08- Bye,SR-07- FC Kapstadt,25/04/26,Sat,14:00,Garlandale,Garlandale A,0,0,,Y,,
43256419,CTTLFA 2026,C2 - Second Reserve,,,SR-09- Goodwood United,SR-14- West End United,25/04/26,Sat,14:00,Goodwood,Hamilton Road A,2,0,,Y,,
43256420,CTTLFA 2026,C2 - Second Reserve,,,SR-11- Mutual FC,SR-13- Varsity College,25/04/26,Sat,14:00,Mutual FC,Pinelands Oval A,3,2,,Y,,
43256422,CTTLFA 2026,C2 - Second Reserve,,,SR-15- Young Bafana,SR-02- Barmsley Spurs,25/04/26,Sat,14:00,Young Bafana,YB Arena A,9,0,,Y,,
43262732,CTTLFA 2026,G5 - Vets 050 B,,,G5-07- Hanover Park B,G5-01- Bothasig,25/04/26,Sat,15:30,Hanover Park,Hanover Park C,3,1,,Y,,
43575195,CTTLFA 2026,D1 - 3rd Division,,,D1-04- Edgemead G/W,D1-03- Durbanville,25/04/26,Sat,15:45,Edgemead G/W,Edgemead A,5,2,,Y,,
43575194,CTTLFA 2026,D1 - 3rd Division,,,D1-06- Green Point Salesians,D1-05- Garden Village,25/04/26,Sat,15:45,Green Point,Green Point A,4,4,,Y,,
43575404,CTTLFA 2026,D2 - 4th Division,,,D2-10- Wynberg St Johns,D2-12- Kensington,25/04/26,Sat,15:45,Wynberg st Johns,Wynberg B,1,3,,Y,,
43575189,CTTLFA 2026,D3 - 5th Division,,,D3-02- Clyde Pinelands,D3-07- Northpine United,25/04/26,Sat,15:45,Clyde Pinelands,Ringwood Drive B,3,2,,Y,,
43575191,CTTLFA 2026,D3 - 5th Division,,,D3-10- C.R. Vasco Da Gama,D3-01- Bothasig,25/04/26,Sat,15:45,Vasco da Gama,Da Gama Park C,5,1,,Y,,
43575799,CTTLFA 2026,E2- Vets 035 B,,,E2-09- Tramway,E2-13- Cape Town Spurs,25/04/26,Sat,15:45,Tramway,Groenewald Park A,3,0,Home Walkover,Y,,
43575668,CTTLFA 2026,F2 - Vets 040 B,,,F2-03- Garlandale,F2-05- Green Point Salesians,25/04/26,Sat,15:45,Garlandale,Garlandale B,0,9,,Y,,
43575669,CTTLFA 2026,F2 - Vets 040 B,,,F2-10- Jamestown United,F2-12- Sunningdale City B,25/04/26,Sat,15:45,Sunningdale City,Sunningdale B,2,2,,Y,,
42990171,CTTLFA 2026,B1 - First Division,,,FD-03- Brooklyn Superstars,FD-06- Kensington,25/04/26,Sat,15:45,Bayview Sports Complex,Brooklyn Bayview Sports Complex A,0,0,,Y,,
42990176,CTTLFA 2026,B1 - First Division,,,FD-05- JMI,FD-08- Meadowridge,25/04/26,Sat,15:45,Norway Parks,Royal Road E,0,1,,Y,,
42990172,CTTLFA 2026,B1 - First Division,,,FD-07- Kuilsriver,FD-02- Bothasig,25/04/26,Sat,15:45,Serepta Sports Ground,Serepta Sports Ground A,3,1,,Y,,
42990174,CTTLFA 2026,B1 - First Division,,,FD-10- Ruyterwacht,FD-13- Tramway,25/04/26,Sat,15:45,Ruyterwacht,Stan Abbott,2,2,,Y,,
42990173,CTTLFA 2026,B1 - First Division,,,FD-11- Stephanian Ottery,FD-01- Bellville City FC,25/04/26,Sat,15:45,Stephanian Ottery,Stephanian Ottery A,0,1,,Y,,
42990175,CTTLFA 2026,B1 - First Division,,,FD-12- Sunningdale City,FD-09- Northpine United,25/04/26,Sat,15:45,Sunningdale City,Sunningdale A,3,0,,Y,,
42996885,CTTLFA 2026,A1 - Premier Division,,,PD-01- Durbanville,PD-09- Rygersdal,25/04/26,Sat,15:45,Durbanville,Klazinga Park A,5,0,,Y,,
42996881,CTTLFA 2026,A1 - Premier Division,,,PD-03- Fish Hoek,PD-02- Edgemead G/W,25/04/26,Sat,15:45,Fish Hoek,Fish Hoek A,0,3,,Y,,
42996880,CTTLFA 2026,A1 - Premier Division,,,PD-04- FN Rangers,PD-08- Norway Parks,25/04/26,Sat,15:45,FN Rangers,FNB Stadium A,0,2,,Y,,
42996884,CTTLFA 2026,A1 - Premier Division,,,PD-07- Holy Cross,PD-13- C.R. Vasco Da Gama,25/04/26,Sat,15:45,Holy Cross,Voortrekker Road,2,1,,Y,,
42996882,CTTLFA 2026,A1 - Premier Division,,,PD-10- Saxon Rovers,PD-06- Hanover Park,25/04/26,Sat,15:45,Saxon Rovers,Maitland A,3,1,,Y,,
42996883,CTTLFA 2026,A1 - Premier Division,,,PD-12- UCT,PD-05- Green Point Salesians,25/04/26,Sat,15:45,U C T,U C T,2,1,,Y,,
42996879,CTTLFA 2026,A1 - Premier Division,,,PD-14- Wynberg St Johns,PD-11- Table View,25/04/26,Sat,15:45,Wynberg st Johns,Wynberg A,1,1,,Y,,
43206483,CTTLFA 2026,C1 - Second Division,,,SD-04- Chelsea Bridgetown,SD-05- Clyde Pinelands,25/04/26,Sat,15:45,Chelsea,Hickory Road A,2,3,,Y,,
43206476,CTTLFA 2026,C1 - Second Division,,,SD-06- De Beers,SD-16- YSD Macassar,25/04/26,Sat,15:45,De Beers,Somerset West A,1,3,,Y,,
43206481,CTTLFA 2026,C1 - Second Division,,,SD-08- Bye,SD-07- FC Kapstadt,25/04/26,Sat,15:45,Garlandale,Garlandale A,0,0,,Y,,
43206479,CTTLFA 2026,C1 - Second Division,,,SD-09- Goodwood United,SD-14- West End United,25/04/26,Sat,15:45,Goodwood,Hamilton Road A,2,1,,Y,,
43206478,CTTLFA 2026,C1 - Second Division,,,SD-11- Mutual FC,SD-13- Varsity College,25/04/26,Sat,15:45,Mutual FC,Pinelands Oval A,2,1,,Y,,
43206482,CTTLFA 2026,C1 - Second Division,,,SD-15- Young Bafana,SD-02- Barmsley Spurs,25/04/26,Sat,15:45,Young Bafana,YB Arena A,2,2,,Y,,
43256969,CTTLFA 2026,O1 - Under 12 Premier One,,,O1-05- FN Rangers,O1-06- Hanover Park,27/04/26,Mon,08:15,FN Rangers,FNB Stadium A,10,0,,Y,,
43257383,CTTLFA 2026,O2 - Under 12 Premier Two,,,O2-01- Clyde Pinelands,O2-08- Saxon Rovers,27/04/26,Mon,08:15,Clyde Pinelands,Ringwood Drive A,1,3,,Y,,
43257384,CTTLFA 2026,O2 - Under 12 Premier Two,,,O2-02- Durbanville,O2-09- Shosholoza,27/04/26,Mon,08:15,Durbanville,Klazinga Park A,5,0,,Y,,
43257386,CTTLFA 2026,O2 - Under 12 Premier Two,,,O2-05- Kensington,O2-03- Edgemead G/W,27/04/26,Mon,08:15,Kensington,14 Avenue A,1,6,,Y,,
43257387,CTTLFA 2026,O2 - Under 12 Premier Two,,,O2-07- Meadowridge,O2-10- Stephanian Ottery,27/04/26,Mon,08:15,Meadowridge,Meadowridge A,5,4,,Y,,
43260892,CTTLFA 2026,O3B - Under 12 Premier Three B,,,O3-15- Mutual FC,O3-05- Garden Village,27/04/26,Mon,09:00,Mutual FC,Pinelands Oval C,7,2,,Y,,
43256813,CTTLFA 2026,M1 - Under 14 Premier One,,,M1-05- FN Rangers,M1-06- Hanover Park,27/04/26,Mon,09:30,FN Rangers,FNB Stadium A,2,7,,Y,,
43256814,CTTLFA 2026,M1 - Under 14 Premier One,,,M1-09- Norway Parks,M1-02- Cape Town Spurs,27/04/26,Mon,09:30,Norway Parks,Royal Road A,2,3,,Y,,
43257251,CTTLFA 2026,M2 - Under 14 Premier Two,,,M2-01- Clyde Pinelands,M2-08- Saxon Rovers,27/04/26,Mon,09:30,Clyde Pinelands,Ringwood Drive A,1,3,,Y,,
43257252,CTTLFA 2026,M2 - Under 14 Premier Two,,,M2-02- Durbanville,M2-09- Shosholoza,27/04/26,Mon,09:30,Durbanville,Klazinga Park A,3,0,Home Walkover,Y,,
43257253,CTTLFA 2026,M2 - Under 14 Premier Two,,,M2-04- Fish Hoek,M2-11- Sunningdale City,27/04/26,Mon,09:30,Fish Hoek,Fish Hoek A,0,3,,Y,,
43257254,CTTLFA 2026,M2 - Under 14 Premier Two,,,M2-05- Kensington,M2-03- Edgemead G/W,27/04/26,Mon,09:30,Kensington,14 Avenue A,0,4,,Y,,
43257255,CTTLFA 2026,M2 - Under 14 Premier Two,,,M2-07- Meadowridge,M2-10- Stephanian Ottery,27/04/26,Mon,09:30,Meadowridge,Meadowridge A,4,3,,Y,,
43260834,CTTLFA 2026,M3B - Under 14 Premier Three B,,,M3-15- Mutual FC,M3-05- Garden Village,27/04/26,Mon,09:30,Mutual FC,Pinelands Oval A,0,7,,Y,,
43279473,CTTLFA 2026,M5 - Under 14 Division Five,,,M5-01- Bellville City B.,M5-08- Kuilsriver B.,27/04/26,Mon,09:30,Bellville City,PP Smit Stadium A,0,4,,Y,,
43256973,CTTLFA 2026,O1 - Under 12 Premier One,,,O1-12- CR Vasco Da Gama,O1-04- FC Kapstadt,27/04/26,Mon,09:30,Vasco da Gama,Da Gama Park B,1,3,,Y,,
43574469,CTTLFA 2026,O7 - Under 12 Girls Premier One (9v9),,,O7-03- Fish Hoek.,O7-04- Bye,27/04/26,Mon,09:30,Fish Hoek,Fish Hoek B,0,0,,Y,,
43256657,CTTLFA 2026,K1 - Under 16 Premier One,,,K1-05- FN Rangers,K1-06- Hanover Park,27/04/26,Mon,10:50,FN Rangers,FNB Stadium A,1,1,,Y,,
43256658,CTTLFA 2026,K1 - Under 16 Premier One,,,K1-09- Norway Parks,K1-02- Cape Town Spurs,27/04/26,Mon,10:50,Norway Parks,Royal Road A,2,0,,Y,,
43257118,CTTLFA 2026,K2 - Under 16 Premier Two,,,K2-01- Clyde Pinelands,K2-08- Saxon Rovers,27/04/26,Mon,10:50,Clyde Pinelands,Ringwood Drive A,0,1,,Y,,
43257119,CTTLFA 2026,K2 - Under 16 Premier Two,,,K2-02- Durbanville,K2-09- Shosholoza,27/04/26,Mon,10:50,Durbanville,Klazinga Park A,8,0,,Y,,
43257120,CTTLFA 2026,K2 - Under 16 Premier Two,,,K2-04- Fish Hoek,K2-11- Sunningdale City,27/04/26,Mon,10:50,Fish Hoek,Fish Hoek A,2,2,,Y,,
43257121,CTTLFA 2026,K2 - Under 16 Premier Two,,,K2-05- Kensington,K2-03- Edgemead G/W,27/04/26,Mon,10:50,Kensington,14 Avenue A,0,1,,Y,,
43257122,CTTLFA 2026,K2 - Under 16 Premier Two,,,K2-07- Meadowridge,K2-10- Stephanian Ottery,27/04/26,Mon,10:50,Meadowridge,Meadowridge A,2,2,,Y,,
43260778,CTTLFA 2026,K3B - Under 16 Premier Three B,,,K3-15- Mutual FC,K3-05- Garden Village,27/04/26,Mon,10:50,Mutual FC,Pinelands Oval A,1,3,,Y,,
43279363,CTTLFA 2026,K5 - Under 16 Division Five,,,K5-01- Bellville City B.,K5-08- Kuilsriver B.,27/04/26,Mon,10:50,Bellville City,PP Smit Stadium A,0,6,,Y,,
43256817,CTTLFA 2026,M1 - Under 14 Premier One,,,M1-12- CR Vasco Da Gama,M1-04- FC Kapstadt,27/04/26,Mon,10:50,Vasco da Gama,Da Gama Park B,0,2,,Y,,
43575062,CTTLFA 2026,G6 - Vets O50 C,,,G6-09- YMO FC,G6-03- West End United C,27/04/26,Mon,12:30,YMO FC,Upper Cambridge A,1,4,,Y,,
42989810,CTTLFA 2026,I1 - Under 18 Premier One,,,I1-05- FN Rangers,I1-06- Hanover Park,27/04/26,Mon,12:30,FN Rangers,FNB Stadium A,0,1,,Y,,
42989815,CTTLFA 2026,I1 - Under 18 Premier One,,,I1-09- Norway Parks,I1-02- Cape Town Spurs,27/04/26,Mon,12:30,Norway Parks,Royal Road A,1,1,,Y,,
42989811,CTTLFA 2026,I1 - Under 18 Premier One,,,I1-12- CR Vasco Da Gama,I1-04- FC Kapstadt,27/04/26,Mon,12:30,Vasco da Gama,Da Gama Park B,4,3,,Y,,
42989999,CTTLFA 2026,I2 - Under 18 Premier Two,,,I2-01- Clyde Pinelands,I2-08- Saxon Rovers,27/04/26,Mon,12:30,Clyde Pinelands,Ringwood Drive A,0,0,,Y,,
42990001,CTTLFA 2026,I2 - Under 18 Premier Two,,,I2-02- Durbanville,I2-09- Shosholoza,27/04/26,Mon,12:30,Durbanville,Klazinga Park A,2,1,,Y,,
42990002,CTTLFA 2026,I2 - Under 18 Premier Two,,,I2-04- Fish Hoek,I2-11- Sunningdale City,27/04/26,Mon,12:30,Fish Hoek,Fish Hoek A,5,2,,Y,,
42989998,CTTLFA 2026,I2 - Under 18 Premier Two,,,I2-05- Kensington,I2-03- Edgemead G/W,27/04/26,Mon,12:30,Kensington,14 Avenue A,4,1,,Y,,
42989997,CTTLFA 2026,I2 - Under 18 Premier Two,,,I2-07- Meadowridge,I2-10- Stephanian Ottery,27/04/26,Mon,12:30,Meadowridge,Meadowridge A,2,2,,Y,,
43206912,CTTLFA 2026,I3B - Under 18 Premier Three B,,,I3-15- Mutual FC,I3-05- Garden Village,27/04/26,Mon,12:30,Mutual FC,Pinelands Oval A,0,13,,Y,,
43805509,CTTLFA 2026,I5 - Under 18 Division Five,,,I5-01- Bothasig C,I5-03- Durbanville B.,27/04/26,Mon,12:30,Bothasig,Abe Sher C,2,2,,Y,,
43805510,CTTLFA 2026,I5 - Under 18 Division Five,,,I5-06- JMI,I5-04- Edgemead G/W B.,27/04/26,Mon,12:30,Norway Parks,Royal Road E,1,1,,Y,,
43805513,CTTLFA 2026,I5 - Under 18 Division Five,,,I5-10- Bellville City B,I5-02- Clyde Pinelands B,27/04/26,Mon,12:30,Bellville City,PP Smit Stadium B,3,0,Home Walkover,Y,,
43805524,CTTLFA 2026,I5 - Under 18 Division Five,,,I5-11- Tramway,I5-05- Fish Hoek B.,27/04/26,Mon,12:30,Tramway,Groenewald Park A,3,3,,Y,,
43256661,CTTLFA 2026,K1 - Under 16 Premier One,,,K1-12- CR Vasco Da Gama,K1-04- FC Kapstadt,27/04/26,Mon,12:30,Vasco da Gama,Da Gama Park B,2,0,,Y,,
43256259,CTTLFA 2026,B2 - First Reserve,,,FR-01- Bellville City FC,FR-05- JMI,27/04/26,Mon,14:00,Bellville City,PP Smit Stadium A,5,0,,Y,,
43256260,CTTLFA 2026,B2 - First Reserve,,,FR-06- Kensington,FR-02- Bothasig,27/04/26,Mon,14:00,Kensington,14 Avenue A,0,0,,Y,,
43256261,CTTLFA 2026,B2 - First Reserve,,,FR-07- Kuilsriver,FR-12- Sunningdale City,27/04/26,Mon,14:00,Serepta Sports Ground,Serepta Sports Ground A,2,0,,Y,,
43256262,CTTLFA 2026,B2 - First Reserve,,,FR-08- Meadowridge,FR-04- Garden Village,27/04/26,Mon,14:00,Meadowridge,Meadowridge A,3,0,Home Walkover,Y,,
43256263,CTTLFA 2026,B2 - First Reserve,,,FR-09- Northpine United,FR-11- Stephanian Ottery,27/04/26,Mon,14:00,Northpine United,Central Park A,0,4,,Y,,
43256264,CTTLFA 2026,B2 - First Reserve,,,FR-13- Tramway,FR-03- Brooklyn Superstars,27/04/26,Mon,14:00,Tramway,Groenewald Park A,1,3,,Y,,
43256075,CTTLFA 2026,A2 - Premier Reserve,,,PR-02- Edgemead G/W,PR-08- Norway Parks,27/04/26,Mon,14:00,Edgemead G/W,Edgemead A,1,0,,Y,,
43256076,CTTLFA 2026,A2 - Premier Reserve,,,PR-05- Green Point Salesians,PR-01- Durbanville,27/04/26,Mon,14:00,Green Point,Green Point A,2,2,,Y,,
43256077,CTTLFA 2026,A2 - Premier Reserve,,,PR-06- Hanover Park,PR-03- Fish Hoek,27/04/26,Mon,14:00,Hanover Park,Hanover Park A,4,1,,Y,,
43256080,CTTLFA 2026,A2 - Premier Reserve,,,PR-12- UCT,PR-04- FN Rangers,27/04/26,Mon,14:00,U C T,U C T,1,6,,Y,,
43256081,CTTLFA 2026,A2 - Premier Reserve,,,PR-13- C.R. Vasco Da Gama,PR-10- Saxon Rovers,27/04/26,Mon,14:00,Vasco da Gama,Da Gama Park A,3,1,,Y,,
43256425,CTTLFA 2026,C2 - Second Reserve,,,SR-04- Chelsea Bridgetown,SR-15- Young Bafana,27/04/26,Mon,14:00,Chelsea,Hickory Road A,1,1,,Y,,
43256426,CTTLFA 2026,C2 - Second Reserve,,,SR-05- Clyde Pinelands,SR-09- Goodwood United,27/04/26,Mon,14:00,Clyde Pinelands,Ringwood Drive A,3,0,,Y,,
43256427,CTTLFA 2026,C2 - Second Reserve,,,SR-07- FC Kapstadt,SR-11- Mutual FC,27/04/26,Mon,14:00,FC Kapstadt,Generation Schools Sandown Institute,0,3,,Y,,
43256429,CTTLFA 2026,C2 - Second Reserve,,,SR-13- Varsity College,SR-06- De Beers,27/04/26,Mon,14:00,Avenue De Mist,Ave De Mist - A,2,0,,Y,,
43256430,CTTLFA 2026,C2 - Second Reserve,,,SR-16- YSD Macassar,SR-12- Queens Park,27/04/26,Mon,14:00,YSD Macassar,YSD Macassar A,2,2,,Y,,
43575536,CTTLFA 2026,D4 - 6th Division,,,D4-09- Stephanian Ottery,D4-02- Clyde Pinelands,27/04/26,Mon,15:00,Stephanian Ottery,Stephanian Ottery A,12,0,,Y,,
42990178,CTTLFA 2026,B1 - First Division,,,FD-01- Bellville City FC,FD-05- JMI,27/04/26,Mon,15:45,Bellville City,PP Smit Stadium A,5,4,,Y,,
42990179,CTTLFA 2026,B1 - First Division,,,FD-06- Kensington,FD-02- Bothasig,27/04/26,Mon,15:45,Kensington,14 Avenue A,2,0,,Y,,
42990181,CTTLFA 2026,B1 - First Division,,,FD-07- Kuilsriver,FD-12- Sunningdale City,27/04/26,Mon,15:45,Serepta Sports Ground,Serepta Sports Ground A,1,1,,Y,,
42990177,CTTLFA 2026,B1 - First Division,,,FD-08- Meadowridge,FD-04- Garden Village,27/04/26,Mon,15:45,Meadowridge,Meadowridge A,2,3,,Y,,
42990182,CTTLFA 2026,B1 - First Division,,,FD-09- Northpine United,FD-11- Stephanian Ottery,27/04/26,Mon,15:45,Northpine United,Central Park A,2,2,,Y,,
42990180,CTTLFA 2026,B1 - First Division,,,FD-13- Tramway,FD-03- Brooklyn Superstars,27/04/26,Mon,15:45,Tramway,Groenewald Park A,3,2,,Y,,
42996889,CTTLFA 2026,A1 - Premier Division,,,PD-02- Edgemead G/W,PD-08- Norway Parks,27/04/26,Mon,15:45,Edgemead G/W,Edgemead A,5,2,,Y,,
42996886,CTTLFA 2026,A1 - Premier Division,,,PD-05- Green Point Salesians,PD-01- Durbanville,27/04/26,Mon,15:45,Green Point,Green Point A,1,3,,Y,,
42996892,CTTLFA 2026,A1 - Premier Division,,,PD-06- Hanover Park,PD-03- Fish Hoek,27/04/26,Mon,15:45,Hanover Park,Hanover Park A,3,3,,Y,,
42996888,CTTLFA 2026,A1 - Premier Division,,,PD-12- UCT,PD-04- FN Rangers,27/04/26,Mon,15:45,U C T,U C T,0,1,,Y,,
42996890,CTTLFA 2026,A1 - Premier Division,,,PD-13- C.R. Vasco Da Gama,PD-10- Saxon Rovers,27/04/26,Mon,15:45,Vasco da Gama,Da Gama Park A,5,0,,Y,,
43206487,CTTLFA 2026,C1 - Second Division,,,SD-04- Chelsea Bridgetown,SD-15- Young Bafana,27/04/26,Mon,15:45,Chelsea,Hickory Road A,3,2,,Y,,
43206491,CTTLFA 2026,C1 - Second Division,,,SD-05- Clyde Pinelands,SD-09- Goodwood United,27/04/26,Mon,15:45,Clyde Pinelands,Ringwood Drive A,0,1,,Y,,
43206488,CTTLFA 2026,C1 - Second Division,,,SD-07- FC Kapstadt,SD-11- Mutual FC,27/04/26,Mon,15:45,FC Kapstadt,Generation Schools Sandown Institute,2,0,,Y,,
43206486,CTTLFA 2026,C1 - Second Division,,,SD-13- Varsity College,SD-06- De Beers,27/04/26,Mon,15:45,Avenue De Mist,Ave De Mist - A,1,3,,Y,,
43206484,CTTLFA 2026,C1 - Second Division,,,SD-16- YSD Macassar,SD-12- Queens Park,27/04/26,Mon,15:45,YSD Macassar,YSD Macassar A,0,1,,Y,,
43256970,CTTLFA 2026,O1 - Under 12 Premier One,,,O1-09- Norway Parks,O1-02- Cape Town Spurs,28/04/26,Tue,18:00,Norway Parks,Royal Road A,4,0,,Y,,
43331091,CTTLFA 2026,O6 - Under 12 Division Six,,,O6-07- Meadowridge C,O6-02- Brooklyn Superstars,28/04/26,Tue,19:00,Meadowridge,Meadowridge B,3,0,Home Walkover,Y,,
43575405,CTTLFA 2026,D2 - 4th Division,,,D2-07- Rygersdal,D2-05- Norway Parks,28/04/26,Tue,19:30,Norway Parks,Royal Road A,3,0,,Y,,
43575910,CTTLFA 2026,E1- Vets 035,,,E1-11- C.R. Vasco Da Gama,E1-05- Goodwood United,28/04/26,Tue,19:30,Vasco da Gama,Da Gama Park A,6,1,,Y,,
43262424,CTTLFA 2026,F1 - Vets 040 A,,,F1-08- Stephanian Ottery,F1-01- Bellville City,28/04/26,Tue,19:30,Stephanian Ottery,Stephanian Ottery A,6,0,,Y,,
43575667,CTTLFA 2026,F2 - Vets 040 B,,,F2-02- Bothasig,F2-06- Kuilsriver,28/04/26,Tue,20:00,Bothasig,Abe Sher A,2,5,,Y,,
43575793,CTTLFA 2026,E2- Vets 035 B,,,E2-13- Cape Town Spurs,E2-03- Green Point Salesians,29/04/26,Wed,19:00,Cape Town Spurs,Ikamva A,0,3,Away Walkover,Y,,
43317254,CTTLFA 2026,H2 - Womens First Division,,,H2-03- Green Point Salesians B,H2-01- Badgers B.,29/04/26,Wed,19:00,Green Point,Green Point A,1,0,,Y,,
43256966,CTTLFA 2026,O1 - Under 12 Premier One,,,O1-08- Northpine United,O1-05- FN Rangers,29/04/26,Wed,19:00,Northpine United,Central Park A,1,2,,Y,,
43256424,CTTLFA 2026,C2 - Second Reserve,,,SR-02- Barmsley Spurs,SR-08- Bye,29/04/26,Wed,19:00,Chelsea,Hickory Road A,0,0,,Y,,
43575298,CTTLFA 2026,D1 - 3rd Division,,,D1-07- Saxon Rovers,D1-05- Garden Village,29/04/26,Wed,19:30,Saxon Rovers,Maitland A,3,3,,Y,,
43575796,CTTLFA 2026,E2- Vets 035 B,,,E2-02- Durbanville,E2-08- Everton United,29/04/26,Wed,19:30,Durbanville,Klazinga Park B,2,1,,Y,,
42989992,CTTLFA 2026,I2 - Under 18 Premier Two,,,I2-09- Shosholoza,I2-07- Meadowridge,29/04/26,Wed,19:30,Meadowridge,Meadowridge A,2,0,,Y,,
43262901,CTTLFA 2026,G4 - Vets 050 A,,,G4-02- Fish Hoek,G4-04- Hanover Park,29/04/26,Wed,20:00,Fish Hoek,Fish Hoek A,1,4,,Y,,
43575076,CTTLFA 2026,G6 - Vets O50 C,,,G6-06- Tramway B,G6-09- YMO FC,29/04/26,Wed,20:00,Tramway,Groenewald Park A,2,3,,Y,,
43575795,CTTLFA 2026,E2- Vets 035 B,,,E2-11- Turfhall,E2-10- Wynberg St Johns,29/04/26,Wed,20:30,Wynberg st Johns,Wynberg A,2,1,,Y,,
43206489,CTTLFA 2026,C1 - Second Division,,,SD-02- Barmsley Spurs,SD-08- Bye,29/04/26,Wed,20:30,Chelsea,Hickory Road A,0,0,,Y,,
43575674,CTTLFA 2026,F2 - Vets 040 B,,,F2-05- Green Point Salesians,F2-01- Avendale Athletico,30/04/26,Thu,19:00,Green Point,Green Point A,1,1,,Y,,
43262746,CTTLFA 2026,G5 - Vets 050 B,,,G5-01- Bothasig,G5-03- Durbanville,30/04/26,Thu,19:00,Bothasig,Abe Sher A,0,3,Away Walkover,Y,,
43806537,CTTLFA 2026,H1 - Womens Premier League,,,H1-03- Clyde Pinelands,H1-11- UCT,30/04/26,Thu,19:00,Clyde Pinelands,Ringwood Drive A,0,2,,Y,,
43317264,CTTLFA 2026,H2 - Womens First Division,,,H2-09- Stephanian Ottery,H2-04- Kensington,30/04/26,Thu,19:00,Stephanian Ottery,Stephanian Ottery A,1,13,,Y,,
43317262,CTTLFA 2026,H2 - Womens First Division,,,H2-06- Meadowridge,H2-07- Norway Parks,30/04/26,Thu,19:30,Meadowridge,Meadowridge A,7,2,,Y,,
43575807,CTTLFA 2026,E2- Vets 035 B,,,E2-01- Bellville City,E2-09- Tramway,30/04/26,Thu,20:00,Bellville City,PP Smit Stadium C,4,1,,Y,,
43262428,CTTLFA 2026,F1 - Vets 040 A,,,F1-01- Bellville City,F1-10- C.R. Vasco Da Gama,30/04/26,Thu,20:00,Bellville City,PP Smit Stadium A,0,3,,Y,,
43262429,CTTLFA 2026,F1 - Vets 040 A,,,F1-02- Edgemead G/W,F1-07- Rygersdal,30/04/26,Thu,20:00,Edgemead G/W,Edgemead A,1,2,,Y,,
43575678,CTTLFA 2026,F2 - Vets 040 B,,,F2-09- Wynberg St Johns,F2-04- Goodwood United,30/04/26,Thu,20:00,Wynberg st Johns,Wynberg B,3,1,,Y,,
43806490,CTTLFA 2026,G1 - Vets 045 A,,,G1-13- Stephanian Ottery,G1-09- Garden Village,30/04/26,Thu,20:00,Stephanian Ottery,Stephanian Ottery B,3,0,,Y,,
43575075,CTTLFA 2026,G6 - Vets O50 C,,,G6-01- Avendale Athletico,G6-05- Table View,30/04/26,Thu,20:00,Chelsea,Hickory Road A,4,3,,Y,,
43575403,CTTLFA 2026,D2 - 4th Division,,,D2-04- Fish Hoek,D2-01- Avendale Athletico,30/04/26,Thu,20:30,Fish Hoek,Fish Hoek A,3,1,,Y,,
43575544,CTTLFA 2026,D4 - 6th Division,,,D4-04- Holy Cross,D4-06- Bye,30/04/26,Thu,20:30,Holy Cross,Voortrekker Road,0,0,,Y,,
43575915,CTTLFA 2026,E1- Vets 035,,,E1-03- Clyde Pinelands,E1-01- Avendale Athletico,30/04/26,Thu,20:30,Clyde Pinelands,Ringwood Drive A,1,2,,Y,,
43274212,CTTLFA 2026,O4 - Under 12 Division Four,,,O4-03- De Beers B.,O4-01- Camps Bay B.,01/05/26,Fri,08:15,De Beers,Somerset West B,10,0,,Y,,
43574578,CTTLFA 2026,M8 - Under 14 Girls Premier One,,,M8-03- Camps Bay,M8-07- Rygersdal,01/05/26,Fri,09:30,Camps Bay,"Symmonds Field, Camps Bay Drive",1,1,,Y,,
43575201,CTTLFA 2026,D1 - 3rd Division,,,D1-05- Garden Village,D1-01- Bellville City FC,01/05/26,Fri,14:00,Garden Village,Alexander Road,1,0,,Y,,
43575207,CTTLFA 2026,D3 - 5th Division,,,D3-07- Northpine United,D3-03- Durbanville,01/05/26,Fri,14:00,Northpine United,Central Park A,4,0,,Y,,
43317266,CTTLFA 2026,H2 - Womens First Division,,,H2-10- UCT B,H2-01- Badgers B.,01/05/26,Fri,14:00,U C T,U C T,0,3,,Y,,
43317265,CTTLFA 2026,H2 - Womens First Division,,,H2-12- Hanover Park,H2-05- Kuilsriver,01/05/26,Fri,14:00,Hanover Park,Hanover Park A,7,2,,Y,,
43256087,CTTLFA 2026,A2 - Premier Reserve,,,PR-10- Saxon Rovers,PR-11- Table View,01/05/26,Fri,14:00,Saxon Rovers,Maitland A,3,4,,Y,,
43575679,CTTLFA 2026,F2 - Vets 040 B,,,F2-08- Kensington,F2-10- Jamestown United,01/05/26,Fri,15:45,Kensington,14 Avenue A,4,1,,Y,,
43575677,CTTLFA 2026,F2 - Vets 040 B,,,F2-11- Saxon Rovers,F2-06- Kuilsriver,01/05/26,Fri,15:45,Saxon Rovers,Maitland B,1,1,,Y,,
42996897,CTTLFA 2026,A1 - Premier Division,,,PD-10- Saxon Rovers,PD-11- Table View,01/05/26,Fri,15:45,Saxon Rovers,Maitland A,0,1,,Y,,
43575675,CTTLFA 2026,F2 - Vets 040 B,,,F2-12- Sunningdale City B,F2-03- Garlandale,01/05/26,Fri,16:00,Sunningdale City,Sunningdale B,3,0,Home Walkover,Y,,
43574481,CTTLFA 2026,O7 - Under 12 Girls Premier One (9v9),,,O7-05- Meadowridge A,O7-03- Fish Hoek.,01/05/26,Fri,18:30,Meadowridge,Meadowridge B,3,0,Home Walkover,Y,,
43317263,CTTLFA 2026,H2 - Womens First Division,,,H2-08- Saxon Rovers,H2-02- Bothasig,01/05/26,Fri,19:00,Saxon Rovers,Maitland B,1,9,,Y,,
43262435,CTTLFA 2026,F1 - Vets 040 A,,,F1-09- Sunningdale City,F1-08- Stephanian Ottery,01/05/26,Fri,19:30,Sunningdale City,Sunningdale A,1,4,,Y,,
43262904,CTTLFA 2026,G4 - Vets 050 A,,,G4-08- Tramway,G4-03- FN Rangers,01/05/26,Fri,19:30,Tramway,Groenewald Park A,2,1,,Y,,
43575547,CTTLFA 2026,D4 - 6th Division,,,D4-10- Sunningdale City,D4-11- Edgemead G/W,01/05/26,Fri,20:30,Sunningdale City,Sunningdale B,3,0,,Y,,
43262431,CTTLFA 2026,F1 - Vets 040 A,,,F1-03- Fish Hoek,F1-06- Norway Parks,01/05/26,Fri,20:30,Fish Hoek,Fish Hoek A,1,2,,Y,,
43256974,CTTLFA 2026,O1 - Under 12 Premier One,,,O1-02- Cape Town Spurs,O1-11- Table View,02/05/26,Sat,08:15,Cape Town Spurs,Ikamva C,1,2,,Y,,
43256975,CTTLFA 2026,O1 - Under 12 Premier One,,,O1-03- De Beers,O1-12- CR Vasco Da Gama,02/05/26,Sat,08:15,De Beers,Somerset West A,0,2,,Y,,
43256977,CTTLFA 2026,O1 - Under 12 Premier One,,,O1-06- Hanover Park,O1-08- Northpine United,02/05/26,Sat,08:15,Hanover Park,Hanover Park A,6,2,,Y,,
43256978,CTTLFA 2026,O1 - Under 12 Premier One,,,O1-07- Hellenic,O1-09- Norway Parks,02/05/26,Sat,08:15,Norway Parks,Royal Road A,0,3,,Y,,
43256979,CTTLFA 2026,O1 - Under 12 Premier One,,,O1-13- Wynberg St Johns,O1-10- Rygersdal,02/05/26,Sat,08:15,Wynberg st Johns,Wynberg A,0,6,,Y,,
43257389,CTTLFA 2026,O2 - Under 12 Premier Two,,,O2-01- Clyde Pinelands,O2-02- Durbanville,02/05/26,Sat,08:15,Clyde Pinelands,Ringwood Drive A,0,2,,Y,,
43257390,CTTLFA 2026,O2 - Under 12 Premier Two,,,O2-03- Edgemead G/W,O2-04- Fish Hoek,02/05/26,Sat,08:15,Edgemead G/W,Edgemead A,1,2,,Y,,
43257391,CTTLFA 2026,O2 - Under 12 Premier Two,,,O2-08- Saxon Rovers,O2-05- Kensington,02/05/26,Sat,08:15,Saxon Rovers,Maitland A,3,1,,Y,,
43257392,CTTLFA 2026,O2 - Under 12 Premier Two,,,O2-10- Stephanian Ottery,O2-09- Shosholoza,02/05/26,Sat,08:15,Stephanian Ottery,Stephanian Ottery A,8,0,,Y,,
43257393,CTTLFA 2026,O2 - Under 12 Premier Two,,,O2-11- Sunningdale City,O2-12- Young Bafana,02/05/26,Sat,08:15,Sunningdale City,Sunningdale A,5,1,,Y,,
43805160,CTTLFA 2026,O3 - Under 12 Premier Three,,,O3-01- Avendale Athletico,O3-11- Ruyterwacht,02/05/26,Sat,08:15,Avendale Athletico,Field Crescent A,3,3,,Y,,
43260897,CTTLFA 2026,O3B - Under 12 Premier Three B,,,O3-03- Bothasig,O3-05- Garden Village,02/05/26,Sat,08:15,Bothasig,Abe Sher A,3,0,Home Walkover,Y,,
43805150,CTTLFA 2026,O3 - Under 12 Premier Three,,,O3-07- Grass Boots,O3-17- Queens Park,02/05/26,Sat,08:15,Chukker Sports Complex,#1,6,1,,Y,,
43260899,CTTLFA 2026,O3B - Under 12 Premier Three B,,,O3-14- YSD Macassar,O3-02- Bellville City,02/05/26,Sat,08:15,YSD Macassar,YSD Macassar A,2,1,,Y,,
43274221,CTTLFA 2026,O4 - Under 12 Division Four,,,O4-01- Camps Bay B.,O4-04- FN Rangers B,02/05/26,Sat,08:15,Camps Bay,Camps Bay A,0,3,,Y,,
43274224,CTTLFA 2026,O4 - Under 12 Division Four,,,O4-05- Northpine United B,O4-08- Saxon Rovers B,02/05/26,Sat,08:15,Northpine United,Central Park A,0,3,,Y,,
43274220,CTTLFA 2026,O4 - Under 12 Division Four,,,O4-07- Rygersdal B,O4-10- CR Vasco Da Gama B,02/05/26,Sat,08:15,Rygersdal,Zwaanswyk High School,1,5,,Y,,
43274215,CTTLFA 2026,O4 - Under 12 Division Four,,,O4-09- Table View B,O4-06- Norway Parks B,02/05/26,Sat,08:15,Table View,Table View A,1,9,,Y,,
43274217,CTTLFA 2026,O4 - Under 12 Division Four,,,O4-11- Wynberg St Johns B.,O4-03- De Beers B.,02/05/26,Sat,08:15,Wynberg st Johns,Wynberg B,1,4,,Y,,
43274222,CTTLFA 2026,O5 - Under 12 Division Five,,,O5-02- Bothasig B,O5-10- Stephanian Ottery B,02/05/26,Sat,08:15,Bothasig,Abe Sher B,4,0,,Y,,
43274219,CTTLFA 2026,O5 - Under 12 Division Five,,,O5-03- Clyde Pinelands B,O5-04- Durbanville B.,02/05/26,Sat,08:15,Clyde Pinelands,Ringwood Drive B,0,10,,Y,,
43274216,CTTLFA 2026,O5 - Under 12 Division Five,,,O5-05- Edgemead G/W B.,O5-08- Kuilsriver B.,02/05/26,Sat,08:15,Edgemead G/W,Edgemead B,3,0,,Y,,
43274218,CTTLFA 2026,O5 - Under 12 Division Five,,,O5-06- Fish Hoek B.,O5-01- Bellville City B.,02/05/26,Sat,08:15,Fish Hoek,Fish Hoek A,9,0,,Y,,
43274223,CTTLFA 2026,O5 - Under 12 Division Five,,,O5-11- Sunningdale City B,O5-09- Meadowridge B.,02/05/26,Sat,08:15,Sunningdale City,Sunningdale B,2,1,,Y,,
43331094,CTTLFA 2026,O6 - Under 12 Division Six,,,O6-02- Brooklyn Superstars,O6-08- Stephanian Ottery C,02/05/26,Sat,08:15,Bayview Sports Complex,Brooklyn Bayview Sports Complex A,3,0,,Y,,
43331093,CTTLFA 2026,O6 - Under 12 Division Six,,,O6-03- Kensington B,O6-01- Bothasig C,02/05/26,Sat,08:15,Kensington,14 Avenue A,3,5,,Y,,
43331096,CTTLFA 2026,O6 - Under 12 Division Six,,,O6-06- Grass Boots B,O6-05- Fish Hoek C,02/05/26,Sat,08:15,Chukker Sports Complex,#1,6,0,,Y,,
43331095,CTTLFA 2026,O6 - Under 12 Division Six,,,O6-09- Holy Cross B,O6-04- FC Kapstadt B,02/05/26,Sat,08:15,Holy Cross,Holy Cross School A,0,7,,Y,,
43574483,CTTLFA 2026,O7 - Under 12 Girls Premier One (9v9),,,O7-04- Bye,O7-09- Hout Bay,02/05/26,Sat,08:15,Bye,#1,0,0,,Y,,
43574480,CTTLFA 2026,O7 - Under 12 Girls Premier One (9v9),,,O7-08- Wynberg St Johns,O7-02- Bothasig,02/05/26,Sat,08:15,Wynberg st Johns,Wynberg C,3,2,,Y,,
43806046,CTTLFA 2026,O8- Under 12 Division Seven,,,O8-06- Rygersdal C,O8-05- Norway Parks C,02/05/26,Sat,08:15,Rygersdal,Zwaanswyk High School,6,1,,Y,,
43806050,CTTLFA 2026,O8- Under 12 Division Seven,,,O8-07- Tramway B,O8-01- Tramway,02/05/26,Sat,08:15,Tramway,Groenewald Park B,1,5,,Y,,
43806047,CTTLFA 2026,O8- Under 12 Division Seven,,,O8-10- Garlandale B,O8-09- Lansdowne,02/05/26,Sat,08:15,Garlandale,Garlandale B,3,0,Home Walkover,Y,,
43260900,CTTLFA 2026,O3B - Under 12 Premier Three B,,,O3-15- Mutual FC,O3-13- West End United,02/05/26,Sat,09:00,Mutual FC,Pinelands Oval B,9,0,,Y,,
43574482,CTTLFA 2026,O7 - Under 12 Girls Premier One (9v9),,,O7-01- Bellville City,O7-06- Meadowridge B,02/05/26,Sat,09:15,Bellville City,PP Smit Stadium C,4,1,,Y,,
43256818,CTTLFA 2026,M1 - Under 14 Premier One,,,M1-02- Cape Town Spurs,M1-11- Table View,02/05/26,Sat,09:30,Cape Town Spurs,Ikamva A,1,0,,Y,,
43256819,CTTLFA 2026,M1 - Under 14 Premier One,,,M1-03- De Beers,M1-12- CR Vasco Da Gama,02/05/26,Sat,09:30,De Beers,Somerset West A,0,2,,Y,,
43256821,CTTLFA 2026,M1 - Under 14 Premier One,,,M1-06- Hanover Park,M1-08- Northpine United,02/05/26,Sat,09:30,Hanover Park,Hanover Park A,5,1,,Y,,
43256822,CTTLFA 2026,M1 - Under 14 Premier One,,,M1-07- Hellenic,M1-09- Norway Parks,02/05/26,Sat,09:30,Norway Parks,Royal Road A,1,0,,Y,,
43256823,CTTLFA 2026,M1 - Under 14 Premier One,,,M1-13- Wynberg St Johns,M1-10- Rygersdal,02/05/26,Sat,09:30,Wynberg st Johns,Wynberg A,1,0,,Y,,
43257257,CTTLFA 2026,M2 - Under 14 Premier Two,,,M2-01- Clyde Pinelands,M2-02- Durbanville,02/05/26,Sat,09:30,Clyde Pinelands,Ringwood Drive A,0,3,,Y,,
43257258,CTTLFA 2026,M2 - Under 14 Premier Two,,,M2-03- Edgemead G/W,M2-04- Fish Hoek,02/05/26,Sat,09:30,Edgemead G/W,Edgemead A,6,1,,Y,,
43257259,CTTLFA 2026,M2 - Under 14 Premier Two,,,M2-08- Saxon Rovers,M2-05- Kensington,02/05/26,Sat,09:30,Saxon Rovers,Maitland A,1,0,,Y,,
43257260,CTTLFA 2026,M2 - Under 14 Premier Two,,,M2-10- Stephanian Ottery,M2-09- Shosholoza,02/05/26,Sat,09:30,Stephanian Ottery,Stephanian Ottery A,3,0,Home Walkover,Y,,
43257261,CTTLFA 2026,M2 - Under 14 Premier Two,,,M2-11- Sunningdale City,M2-12- Young Bafana,02/05/26,Sat,09:30,Sunningdale City,Sunningdale A,0,4,,Y,,
43805477,CTTLFA 2026,M3 - Under 14 Premier Three,,,M3-01- Avendale Athletico,M3-11- Ruyterwacht,02/05/26,Sat,09:30,Avendale Athletico,Field Crescent A,0,1,,Y,,
43260839,CTTLFA 2026,M3B - Under 14 Premier Three B,,,M3-03- Bothasig,M3-05- Garden Village,02/05/26,Sat,09:30,Bothasig,Abe Sher A,7,0,,Y,,
43805471,CTTLFA 2026,M3 - Under 14 Premier Three,,,M3-07- Grass Boots,M3-17- Queens Park,02/05/26,Sat,09:30,Chukker Sports Complex,#1,2,2,,Y,,
43260841,CTTLFA 2026,M3B - Under 14 Premier Three B,,,M3-14- YSD Macassar,M3-02- Bellville City,02/05/26,Sat,09:30,YSD Macassar,YSD Macassar A,3,0,,Y,,
43260842,CTTLFA 2026,M3B - Under 14 Premier Three B,,,M3-15- Mutual FC,M3-13- West End United,02/05/26,Sat,09:30,Mutual FC,Pinelands Oval A,2,6,,Y,,
43279144,CTTLFA 2026,M4 - Under 14 Division Four,,,M4-01- Camps Bay B.,M4-04- FN Rangers B,02/05/26,Sat,09:30,Camps Bay,Camps Bay A,0,2,,Y,,
43279145,CTTLFA 2026,M4 - Under 14 Division Four,,,M4-05- Northpine United B,M4-08- Saxon Rovers B.,02/05/26,Sat,09:30,Northpine United,Central Park A,3,1,,Y,,
43279146,CTTLFA 2026,M4 - Under 14 Division Four,,,M4-07- Rygersdal B,M4-10- CR Vasco Da Gama B,02/05/26,Sat,09:30,Rygersdal,Zwaanswyk High School,1,6,,Y,,
43279147,CTTLFA 2026,M4 - Under 14 Division Four,,,M4-09- Table View B,M4-06- Norway Parks B,02/05/26,Sat,09:30,Table View,Table View A,1,0,,Y,,
43279148,CTTLFA 2026,M4 - Under 14 Division Four,,,M4-11- Wynberg St Johns B.,M4-03- De Beers B.,02/05/26,Sat,09:30,Wynberg st Johns,Wynberg B,5,1,,Y,,
43279480,CTTLFA 2026,M5 - Under 14 Division Five,,,M5-02- Bothasig B,M5-10- Stephanian Ottery B,02/05/26,Sat,09:30,Bothasig,Abe Sher B,12,1,,Y,,
43279481,CTTLFA 2026,M5 - Under 14 Division Five,,,M5-03- Clyde Pinelands B,M5-04- Durbanville B.,02/05/26,Sat,09:30,Clyde Pinelands,Ringwood Drive B,0,3,,Y,,
43279482,CTTLFA 2026,M5 - Under 14 Division Five,,,M5-05- Edgemead G/W B.,M5-08- Kuilsriver B.,02/05/26,Sat,09:30,Edgemead G/W,Edgemead B,6,1,,Y,,
43279483,CTTLFA 2026,M5 - Under 14 Division Five,,,M5-06- Fish Hoek B.,M5-01- Bellville City B.,02/05/26,Sat,09:30,Fish Hoek,Fish Hoek C,0,4,,Y,,
43279484,CTTLFA 2026,M5 - Under 14 Division Five,,,M5-11- Sunningdale City B,M5-09- Meadowridge B.,02/05/26,Sat,09:30,Sunningdale City,Sunningdale B,3,0,,Y,,
43272851,CTTLFA 2026,M6 - Under 14 Division Six,,,M6-02- Brooklyn Superstars,M6-06- FC Kapstadt B,02/05/26,Sat,09:30,Bayview Sports Complex,Brooklyn Bayview Sports Complex A,0,2,,Y,,
43272850,CTTLFA 2026,M6 - Under 14 Division Six,,,M6-05- Edgemead G/W C,M6-08- Holy Cross B.,02/05/26,Sat,09:30,Edgemead G/W,Edgemead C,3,3,,Y,,
43806142,CTTLFA 2026,M7 - Under 14 Division Seven,,,M7-04- Northpine United C,M7-10- Lansdowne,02/05/26,Sat,09:30,Northpine United,Central Park B,6,0,,Y,,
43806145,CTTLFA 2026,M7 - Under 14 Division Seven,,,M7-07- Table View C,M7-08- Wynberg St Johns C,02/05/26,Sat,09:30,Table View,Table View B,4,1,,Y,,
43574582,CTTLFA 2026,M8 - Under 14 Girls Premier One,,,M8-04- Fish Hoek,M8-05- Meadowridge,02/05/26,Sat,09:30,Fish Hoek,Fish Hoek A,5,2,,Y,,
43574581,CTTLFA 2026,M8 - Under 14 Girls Premier One,,,M8-07- Rygersdal,M8-06- Norway Parks,02/05/26,Sat,09:30,Norway Parks,Royal Road C,2,1,,Y,,
43574580,CTTLFA 2026,M8 - Under 14 Girls Premier One,,,M8-12- Hout Bay,M8-03- Camps Bay,02/05/26,Sat,09:30,Chukker Sports Complex,#1,3,5,,Y,,
43806149,CTTLFA 2026,M9- Under 14 Division Eight,,,M9-02- Bothasig D,M9-09- Garlandale B,02/05/26,Sat,09:30,Bothasig,Abe Sher C,0,6,,Y,,
43806148,CTTLFA 2026,M9- Under 14 Division Eight,,,M9-08- Table View D,M9-07- Bye,02/05/26,Sat,09:30,Table View,Table View C,0,0,,Y,,
43260898,CTTLFA 2026,O3B - Under 12 Premier Three B,,,O3-09- Holy Cross,O3-06- Goodwood United,02/05/26,Sat,09:30,Holy Cross,Holy Cross School A,3,2,,Y,,
43806049,CTTLFA 2026,O8- Under 12 Division Seven,,,O8-08- Wynberg St Johns C,O8-04- Meadowridge D,02/05/26,Sat,09:30,Wynberg st Johns,Wynberg C,5,1,,Y,,
43574583,CTTLFA 2026,M8 - Under 14 Girls Premier One,,,M8-01- Bellville City,M8-02- Bothasig,02/05/26,Sat,10:30,Bellville City,PP Smit Stadium C,7,0,,Y,,
43256662,CTTLFA 2026,K1 - Under 16 Premier One,,,K1-02- Cape Town Spurs,K1-11- Table View,02/05/26,Sat,10:50,Cape Town Spurs,Ikamva A,1,3,,Y,,
43256663,CTTLFA 2026,K1 - Under 16 Premier One,,,K1-03- De Beers,K1-12- CR Vasco Da Gama,02/05/26,Sat,10:50,De Beers,Somerset West A,1,3,,Y,,
43256665,CTTLFA 2026,K1 - Under 16 Premier One,,,K1-06- Hanover Park,K1-08- Northpine United,02/05/26,Sat,10:50,Hanover Park,Hanover Park A,1,3,,Y,,
43256666,CTTLFA 2026,K1 - Under 16 Premier One,,,K1-07- Hellenic,K1-09- Norway Parks,02/05/26,Sat,10:50,Norway Parks,Royal Road A,1,2,,Y,,
43256667,CTTLFA 2026,K1 - Under 16 Premier One,,,K1-13- Wynberg St Johns,K1-10- Rygersdal,02/05/26,Sat,10:50,Wynberg st Johns,Wynberg A,2,3,,Y,,
43257124,CTTLFA 2026,K2 - Under 16 Premier Two,,,K2-01- Clyde Pinelands,K2-02- Durbanville,02/05/26,Sat,10:50,Clyde Pinelands,Ringwood Drive A,0,1,,Y,,
43257126,CTTLFA 2026,K2 - Under 16 Premier Two,,,K2-08- Saxon Rovers,K2-05- Kensington,02/05/26,Sat,10:50,Saxon Rovers,Maitland A,3,0,,Y,,
43257127,CTTLFA 2026,K2 - Under 16 Premier Two,,,K2-10- Stephanian Ottery,K2-09- Shosholoza,02/05/26,Sat,10:50,Stephanian Ottery,Stephanian Ottery A,5,1,,Y,,
43257128,CTTLFA 2026,K2 - Under 16 Premier Two,,,K2-11- Sunningdale City,K2-12- Young Bafana,02/05/26,Sat,10:50,Sunningdale City,Sunningdale A,2,2,,Y,,
43805164,CTTLFA 2026,K3 - Under 16 Premier Three,,,K3-01- Avendale Athletico,K3-11- Ruyterwacht,02/05/26,Sat,10:50,Avendale Athletico,Field Crescent A,0,2,,Y,,
43260783,CTTLFA 2026,K3B - Under 16 Premier Three B,,,K3-03- Bothasig,K3-05- Garden Village,02/05/26,Sat,10:50,Bothasig,Abe Sher A,3,0,,Y,,
43805153,CTTLFA 2026,K3 - Under 16 Premier Three,,,K3-07- Grass Boots,K3-17- Queens Park,02/05/26,Sat,10:50,Chukker Sports Complex,#1,5,3,,Y,,
43260784,CTTLFA 2026,K3B - Under 16 Premier Three B,,,K3-09- Holy Cross,K3-06- Goodwood United,02/05/26,Sat,10:50,Holy Cross,Voortrekker Road,7,0,,Y,,
43260785,CTTLFA 2026,K3B - Under 16 Premier Three B,,,K3-14- YSD Macassar,K3-02- Bellville City,02/05/26,Sat,10:50,YSD Macassar,YSD Macassar A,5,3,,Y,,
43260786,CTTLFA 2026,K3B - Under 16 Premier Three B,,,K3-15- Mutual FC,K3-13- West End United,02/05/26,Sat,10:50,Mutual FC,Pinelands Oval A,0,3,,Y,,
43279256,CTTLFA 2026,K4 - Under 16 Division Four,,,K4-05- Northpine United B,K4-08- Saxon Rovers B,02/05/26,Sat,10:50,Northpine United,Central Park A,4,3,,Y,,
43279257,CTTLFA 2026,K4 - Under 16 Division Four,,,K4-07- Rygersdal B,K4-10- CR Vasco Da Gama B,02/05/26,Sat,10:50,Rygersdal,Zwaanswyk High School,1,2,,Y,,
43279258,CTTLFA 2026,K4 - Under 16 Division Four,,,K4-09- Table View B.,K4-06- Norway Parks B,02/05/26,Sat,10:50,Table View,Table View A,1,3,,Y,,
43279259,CTTLFA 2026,K4 - Under 16 Division Four,,,K4-11- Wynberg St Johns B.,K4-03- De Beers B.,02/05/26,Sat,10:50,Wynberg st Johns,Wynberg B,1,5,,Y,,
43279370,CTTLFA 2026,K5 - Under 16 Division Five,,,K5-02- Bothasig B,K5-10- Stephanian Ottery B,02/05/26,Sat,10:50,Bothasig,Abe Sher B,1,3,,Y,,
43279371,CTTLFA 2026,K5 - Under 16 Division Five,,,K5-03- Clyde Pinelands B,K5-04- Durbanville B.,02/05/26,Sat,10:50,Clyde Pinelands,Ringwood Drive B,1,2,,Y,,
43279373,CTTLFA 2026,K5 - Under 16 Division Five,,,K5-06- Fish Hoek B.,K5-01- Bellville City B.,02/05/26,Sat,10:50,Fish Hoek,Fish Hoek B,2,0,,Y,,
43805722,CTTLFA 2026,K6 - Under 16 Division Six,,,K6-03- Brooklyn Superstars,K6-07- Ruyterwacht B,02/05/26,Sat,10:50,Bayview Sports Complex,Brooklyn Bayview Sports Complex A,4,3,,Y,,
43805712,CTTLFA 2026,K6 - Under 16 Division Six,,,K6-10- Shosholoza B,K6-09- Table View C,02/05/26,Sat,10:50,Pelican Heights Sports Ground,Pelican A,0,3,Away Walkover,Y,,
43805713,CTTLFA 2026,K6 - Under 16 Division Six,,,K6-11- Kensington B,K6-04- Holy Cross B,02/05/26,Sat,10:50,Kensington,14 Avenue B,1,9,,Y,,
43806821,CTTLFA 2026,K7 - Under 16 Girls Premier One,,,K7-05- Clyde Pinelands,K7-10- Rygersdal,02/05/26,Sat,10:50,Clyde Pinelands,Ringwood Drive C,0,3,Away Walkover,Y,,
43805710,CTTLFA 2026,K8- Under 16 Division Seven,,,K8-02- Durbanville C,K8-09- YMO FC,02/05/26,Sat,10:50,Durbanville,Klazinga Park C,3,0,Home Walkover,Y,,
43805708,CTTLFA 2026,K8- Under 16 Division Seven,,,K8-04- Fish Hoek C.,K8-07- Rygersdal C,02/05/26,Sat,10:50,Fish Hoek,Fish Hoek C,3,0,Home Walkover,Y,,
43805714,CTTLFA 2026,K8- Under 16 Division Seven,,,K8-05- Meadowridge D,K8-10- Lansdowne,02/05/26,Sat,10:50,Meadowridge,Meadowridge A,3,0,Home Walkover,Y,,
43260840,CTTLFA 2026,M3B - Under 14 Premier Three B,,,M3-09- Holy Cross,M3-06- Goodwood United,02/05/26,Sat,10:50,Holy Cross,Holy Cross School A,8,1,,Y,,
43272848,CTTLFA 2026,M6 - Under 14 Division Six,,,M6-03- Bye,M6-04- Kensington B,02/05/26,Sat,10:50,Camps Bay,Camps Bay A,0,0,,Y,,
43262745,CTTLFA 2026,G5 - Vets 050 B,,,G5-10- West End United B,G5-02- Bye.,02/05/26,Sat,12:30,West End United,West End Park B,0,0,,Y,,
42989818,CTTLFA 2026,I1 - Under 18 Premier One,,,I1-02- Cape Town Spurs,I1-11- Table View,02/05/26,Sat,12:30,Cape Town Spurs,Ikamva A,2,2,,Y,,
42989817,CTTLFA 2026,I1 - Under 18 Premier One,,,I1-03- De Beers,I1-12- CR Vasco Da Gama,02/05/26,Sat,12:30,De Beers,Somerset West A,0,5,,Y,,
42989816,CTTLFA 2026,I1 - Under 18 Premier One,,,I1-06- Hanover Park,I1-08- Northpine United,02/05/26,Sat,12:30,Hanover Park,Hanover Park A,4,2,,Y,,
42989820,CTTLFA 2026,I1 - Under 18 Premier One,,,I1-07- Hellenic,I1-09- Norway Parks,02/05/26,Sat,12:30,Norway Parks,Royal Road A,0,0,,Y,,
42989821,CTTLFA 2026,I1 - Under 18 Premier One,,,I1-13- Wynberg St Johns,I1-10- Rygersdal,02/05/26,Sat,12:30,Wynberg st Johns,Wynberg A,14,2,,Y,,
42990005,CTTLFA 2026,I2 - Under 18 Premier Two,,,I2-01- Clyde Pinelands,I2-02- Durbanville,02/05/26,Sat,12:30,Clyde Pinelands,Ringwood Drive A,1,0,,Y,,
42990004,CTTLFA 2026,I2 - Under 18 Premier Two,,,I2-03- Edgemead G/W,I2-04- Fish Hoek,02/05/26,Sat,12:30,Edgemead G/W,Edgemead A,3,2,,Y,,
42990007,CTTLFA 2026,I2 - Under 18 Premier Two,,,I2-08- Saxon Rovers,I2-05- Kensington,02/05/26,Sat,12:30,Saxon Rovers,Maitland A,4,1,,Y,,
42990006,CTTLFA 2026,I2 - Under 18 Premier Two,,,I2-10- Stephanian Ottery,I2-09- Shosholoza,02/05/26,Sat,12:30,Stephanian Ottery,Stephanian Ottery A,0,2,,Y,,
42990008,CTTLFA 2026,I2 - Under 18 Premier Two,,,I2-11- Sunningdale City,I2-12- Young Bafana,02/05/26,Sat,12:30,Sunningdale City,Sunningdale A,0,2,,Y,,
43804779,CTTLFA 2026,I3 - Under 18 Premier Three,,,I3-01- Avendale Athletico,I3-11- Ruyterwacht,02/05/26,Sat,12:30,Avendale Athletico,Field Crescent A,1,8,,Y,,
43206923,CTTLFA 2026,I3B - Under 18 Premier Three B,,,I3-03- Bothasig,I3-05- Garden Village,02/05/26,Sat,12:30,Bothasig,Abe Sher A,2,4,,Y,,
43804770,CTTLFA 2026,I3 - Under 18 Premier Three,,,I3-07- Grass Boots,I3-17- Queens Park,02/05/26,Sat,12:30,Chukker Sports Complex,#1,2,2,,Y,,
43206922,CTTLFA 2026,I3B - Under 18 Premier Three B,,,I3-09- Holy Cross,I3-06- Goodwood United,02/05/26,Sat,12:30,Holy Cross,Voortrekker Road,1,2,,Y,,
43206921,CTTLFA 2026,I3B - Under 18 Premier Three B,,,I3-14- YSD Macassar,I3-02- Bellville City,02/05/26,Sat,12:30,YSD Macassar,YSD Macassar A,2,2,,Y,,
43206920,CTTLFA 2026,I3B - Under 18 Premier Three B,,,I3-15- Mutual FC,I3-13- West End United,02/05/26,Sat,12:30,Mutual FC,Pinelands Oval A,0,3,Away Walkover,Y,,
43275077,CTTLFA 2026,I4 - Under 18 Division Four,,,I4-01- Bothasig B,I4-10- Wynberg St Johns B.,02/05/26,Sat,12:30,Bothasig,Abe Sher C,3,0,Home Walkover,Y,,
43275074,CTTLFA 2026,I4 - Under 18 Division Four,,,I4-02- Cape Town Spurs B,I4-05- Norway Parks B,02/05/26,Sat,12:30,Cape Town Spurs,Ikamva C,4,1,,Y,,
43275075,CTTLFA 2026,I4 - Under 18 Division Four,,,I4-04- Northpine United B,I4-03- FN Rangers B,02/05/26,Sat,12:30,Northpine United,Central Park A,3,0,Home Walkover,Y,,
43275078,CTTLFA 2026,I4 - Under 18 Division Four,,,I4-07- Saxon Rovers B,I4-06- Rygersdal B.,02/05/26,Sat,12:30,Saxon Rovers,Maitland B,3,0,Home Walkover,Y,,
43275076,CTTLFA 2026,I4 - Under 18 Division Four,,,I4-09- CR Vasco Da Gama B,I4-08- Table View B,02/05/26,Sat,12:30,Vasco da Gama,Da Gama Park B,3,1,,Y,,
43279255,CTTLFA 2026,K4 - Under 16 Division Four,,,K4-01- Bye,K4-04- FN Rangers B,02/05/26,Sat,12:30,Camps Bay,Camps Bay A,0,0,,Y,,
43575414,CTTLFA 2026,D2 - 4th Division,,,D2-01- Avendale Athletico,D2-06- Ruyterwacht,02/05/26,Sat,14:00,Avendale Athletico,Field Crescent A,4,5,,Y,,
43575411,CTTLFA 2026,D2 - 4th Division,,,D2-05- Norway Parks,D2-10- Wynberg St Johns,02/05/26,Sat,14:00,Norway Parks,Royal Road D,0,1,,Y,,
43575413,CTTLFA 2026,D2 - 4th Division,,,D2-09- C.R. Vasco Da Gama,D2-03- Edgemead G/W,02/05/26,Sat,14:00,Vasco da Gama,Da Gama Park C,3,3,,Y,,
43575410,CTTLFA 2026,D2 - 4th Division,,,D2-11- Shosholoza FC,D2-07- Rygersdal,02/05/26,Sat,14:00,Pelican Heights Sports Ground,Pelican A,0,3,Away Walkover,Y,,
43575409,CTTLFA 2026,D2 - 4th Division,,,D2-12- Kensington,D2-04- Fish Hoek,02/05/26,Sat,14:00,Kensington,14 Avenue A,1,1,,Y,,
43575205,CTTLFA 2026,D3 - 5th Division,,,D3-04- Edgemead G/W,D3-10- C.R. Vasco Da Gama,02/05/26,Sat,14:00,Edgemead G/W,Edgemead A,3,0,,Y,,
43575676,CTTLFA 2026,F2 - Vets 040 B,,,F2-07- Bye,F2-02- Bothasig,02/05/26,Sat,14:00,Bye,#1,0,0,,Y,,
43256265,CTTLFA 2026,B2 - First Reserve,,,FR-02- Bothasig,FR-13- Tramway,02/05/26,Sat,14:00,Bothasig,Abe Sher A,3,0,,Y,,
43256266,CTTLFA 2026,B2 - First Reserve,,,FR-03- Brooklyn Superstars,FR-10- Ruyterwacht,02/05/26,Sat,14:00,Bayview Sports Complex,Brooklyn Bayview Sports Complex A,0,1,,Y,,
43256268,CTTLFA 2026,B2 - First Reserve,,,FR-05- JMI,FR-09- Northpine United,02/05/26,Sat,14:00,Norway Parks,Royal Road E,2,5,,Y,,
43256270,CTTLFA 2026,B2 - First Reserve,,,FR-12- Sunningdale City,FR-06- Kensington,02/05/26,Sat,14:00,Sunningdale City,Sunningdale A,0,1,,Y,,
43806341,CTTLFA 2026,G1 - Vets 045 A,,,G1-01- De Beers,G1-09- Garden Village,02/05/26,Sat,14:00,De Beers,Somerset West B,1,0,,Y,,
43806345,CTTLFA 2026,G1 - Vets 045 A,,,G1-03- FN Rangers,G1-05- Meadowridge,02/05/26,Sat,14:00,FN Rangers,FNB Stadium B,3,0,Home Walkover,Y,,
43806343,CTTLFA 2026,G1 - Vets 045 A,,,G1-06- Saxon Rovers,G1-11- Lansdowne,02/05/26,Sat,14:00,Saxon Rovers,Maitland B,2,2,,Y,,
43806344,CTTLFA 2026,G1 - Vets 045 A,,,G1-07- Tramway,G1-04- Hanover Park,02/05/26,Sat,14:00,Tramway,Groenewald Park A,1,4,,Y,,
43806342,CTTLFA 2026,G1 - Vets 045 A,,,G1-08- Bothasig,G1-02-Edgemead G/W,02/05/26,Sat,14:00,Bothasig,Abe Sher C,0,2,,Y,,
43262739,CTTLFA 2026,G5 - Vets 050 B,,,G5-09- Meadowridge,G5-04- Edgemead G/W,02/05/26,Sat,14:00,Meadowridge,Meadowridge B,1,1,,Y,,
43575074,CTTLFA 2026,G6 - Vets O50 C,,,G6-02- Hanover Park C,G6-08- Wynberg St Johns,02/05/26,Sat,14:00,Hanover Park,Hanover Park A,3,0,Home Walkover,Y,,
43575077,CTTLFA 2026,G6 - Vets O50 C,,,G6-03- West End United C,G6-04- Stephanian Ottery B,02/05/26,Sat,14:00,West End United,West End Park B,0,3,,Y,,
43575071,CTTLFA 2026,G6 - Vets O50 C,,,G6-09- YMO FC,G6-01- Avendale Athletico,02/05/26,Sat,14:00,YMO FC,Upper Cambridge A,4,2,,Y,,
43575078,CTTLFA 2026,G6 - Vets O50 C,,,G6-10- Saxon Rovers,G6-11- Bye,02/05/26,Sat,14:00,Saxon Rovers,Maitland F,0,0,,Y,,
43256082,CTTLFA 2026,A2 - Premier Reserve,,,PR-01- Durbanville,PR-12- UCT,02/05/26,Sat,14:00,Durbanville,Klazinga Park A,5,1,,Y,,
43256083,CTTLFA 2026,A2 - Premier Reserve,,,PR-03- Fish Hoek,PR-13- C.R. Vasco Da Gama,02/05/26,Sat,14:00,Fish Hoek,Fish Hoek A,0,2,,Y,,
43256084,CTTLFA 2026,A2 - Premier Reserve,,,PR-04- FN Rangers,PR-02- Edgemead G/W,02/05/26,Sat,14:00,FN Rangers,FNB Stadium A,1,4,,Y,,
43256085,CTTLFA 2026,A2 - Premier Reserve,,,PR-07- Holy Cross,PR-09- Rygersdal,02/05/26,Sat,14:00,Holy Cross,Voortrekker Road,3,1,,Y,,
43256086,CTTLFA 2026,A2 - Premier Reserve,,,PR-08- Norway Parks,PR-06- Hanover Park,02/05/26,Sat,14:00,Norway Parks,Royal Road A,1,1,,Y,,
43256088,CTTLFA 2026,A2 - Premier Reserve,,,PR-14- Wynberg St Johns,PR-05- Green Point Salesians,02/05/26,Sat,14:00,Wynberg st Johns,Wynberg A,2,3,,Y,,
43256554,CTTLFA 2026,C2 - Second Reserve,,,SR-05- Clyde Pinelands,SR-15- Young Bafana,02/05/26,Sat,14:00,Clyde Pinelands,Ringwood Drive A,1,1,,Y,,
43256432,CTTLFA 2026,C2 - Second Reserve,,,SR-06- De Beers,SR-07- FC Kapstadt,02/05/26,Sat,14:00,De Beers,Somerset West A,3,1,,Y,,
43256433,CTTLFA 2026,C2 - Second Reserve,,,SR-08- Bye,SR-04- Chelsea Bridgetown,02/05/26,Sat,14:00,Garlandale,Garlandale A,0,0,,Y,,
43256434,CTTLFA 2026,C2 - Second Reserve,,,SR-09- Goodwood United,SR-10- Hellenic,02/05/26,Sat,14:00,Goodwood,Hamilton Road A,5,1,,Y,,
43256436,CTTLFA 2026,C2 - Second Reserve,,,SR-12- Queens Park,SR-13- Varsity College,02/05/26,Sat,14:00,Queens Park,10 Dongel Road Milnerton,4,0,,Y,,
43256437,CTTLFA 2026,C2 - Second Reserve,,,SR-14- West End United,SR-01- Avendale Athletico,02/05/26,Sat,14:00,West End United,West End Park A,0,6,,Y,,
43256431,CTTLFA 2026,C2 - Second Reserve,,,SR-16- YSD Macassar,SR-03- Camps Bay,02/05/26,Sat,14:00,YSD Macassar,YSD Macassar A,2,1,,Y,,
43262747,CTTLFA 2026,G5 - Vets 050 B,,,G5-05- Everton United,G5-07- Hanover Park B,02/05/26,Sat,15:00,Heideveld Astro,Astro A,1,1,,Y,,
43575542,CTTLFA 2026,D4 - 6th Division,,,D4-08- Bothasig,D4-05- Kuilsriver,02/05/26,Sat,15:30,Bothasig,Abe Sher D,0,7,,Y,,
43575546,CTTLFA 2026,D4 - 6th Division,,,D4-12- Lansdowne,D4-03- De Beers,02/05/26,Sat,15:30,Lansdowne,Chukker Road A,4,2,,Y,,
43262742,CTTLFA 2026,G5 - Vets 050 B,,,G5-08- Lansdowne,G5-06- Green Point Salesians,02/05/26,Sat,15:30,Lansdowne,Chukker Road A,3,1,,Y,,
43575206,CTTLFA 2026,D1 - 3rd Division,,,D1-02- Bothasig,D1-07- Saxon Rovers,02/05/26,Sat,15:45,Bothasig,Abe Sher B,2,1,,Y,,
43575208,CTTLFA 2026,D1 - 3rd Division,,,D1-03- Durbanville,D1-10- Wynberg St Johns,02/05/26,Sat,15:45,Durbanville,Klazinga Park B,5,0,,Y,,
43575199,CTTLFA 2026,D1 - 3rd Division,,,D1-08- Table View,D1-06- Green Point Salesians,02/05/26,Sat,15:45,Table View,Table View A,2,0,,Y,,
43575203,CTTLFA 2026,D1 - 3rd Division,,,D1-09- C.R. Vasco Da Gama,D1-11- Shosholoza FC,02/05/26,Sat,15:45,Vasco da Gama,Da Gama Park C,3,0,Home Walkover,Y,,
43575412,CTTLFA 2026,D2 - 4th Division,,,D2-08- Table View,D2-02- Bothasig,02/05/26,Sat,15:45,Table View,Table View B,1,6,,Y,,
43575200,CTTLFA 2026,D3 - 5th Division,,,D3-01- Bothasig,D3-09- Tramway,02/05/26,Sat,15:45,Bothasig,Abe Sher C,2,1,,Y,,
43575202,CTTLFA 2026,D3 - 5th Division,,,D3-06- Mutual FC,D3-08- Table View,02/05/26,Sat,15:45,Mutual FC,Pinelands Oval B,1,2,,Y,,
43575204,CTTLFA 2026,D3 - 5th Division,,,D3-11- Hanover Park,D3-05-Bellville City,02/05/26,Sat,15:45,Hanover Park,Hanover Park B,0,3,Away Walkover,Y,,
43575917,CTTLFA 2026,E1- Vets 035,,,E1-05- Goodwood United,E1-02- Camps Bay,02/05/26,Sat,15:45,Goodwood,Hamilton Road B,3,0,Home Walkover,Y,,
43575916,CTTLFA 2026,E1- Vets 035,,,E1-06- Hanover Park,E1-04-FN Rangers,02/05/26,Sat,15:45,Hanover Park,Hanover Park A,1,2,,Y,,
43575919,CTTLFA 2026,E1- Vets 035,,,E1-08- Ruyterwacht,E1-11- C.R. Vasco Da Gama,02/05/26,Sat,15:45,Ruyterwacht,Stan Abbott,1,0,,Y,,
43575918,CTTLFA 2026,E1- Vets 035,,,E1-09- Bye,E1-07- Kensington,02/05/26,Sat,15:45,Bye,#1,0,0,,Y,,
43575803,CTTLFA 2026,E2- Vets 035 B,,,E2-06- FN Rangers B,E2-08- Everton United,02/05/26,Sat,15:45,FN Rangers,FNB Stadium C,7,0,,Y,,
43575805,CTTLFA 2026,E2- Vets 035 B,,,E2-11- Turfhall,E2-07- Meadowridge,02/05/26,Sat,15:45,Meadowridge,Meadowridge B,1,2,,Y,,
43262432,CTTLFA 2026,F1 - Vets 040 A,,,F1-04- FN Rangers,F1-05- Hanover Park,02/05/26,Sat,15:45,FN Rangers,FNB Stadium B,3,2,,Y,,
42990188,CTTLFA 2026,B1 - First Division,,,FD-02- Bothasig,FD-13- Tramway,02/05/26,Sat,15:45,Bothasig,Abe Sher A,3,2,,Y,,
42990185,CTTLFA 2026,B1 - First Division,,,FD-03- Brooklyn Superstars,FD-10- Ruyterwacht,02/05/26,Sat,15:45,Bayview Sports Complex,Brooklyn Bayview Sports Complex A,3,5,,Y,,
42990187,CTTLFA 2026,B1 - First Division,,,FD-05- JMI,FD-09- Northpine United,02/05/26,Sat,15:45,Norway Parks,Royal Road E,5,0,,Y,,
42990184,CTTLFA 2026,B1 - First Division,,,FD-12- Sunningdale City,FD-06- Kensington,02/05/26,Sat,15:45,Sunningdale City,Sunningdale A,2,1,,Y,,
43262903,CTTLFA 2026,G4 - Vets 050 A,,,G4-09- West End United A,G4-05- Holy Cross,02/05/26,Sat,15:45,West End United,West End Park B,3,0,,Y,,
42996899,CTTLFA 2026,A1 - Premier Division,,,PD-01- Durbanville,PD-12- UCT,02/05/26,Sat,15:45,Durbanville,Klazinga Park A,9,1,,Y,,
42996893,CTTLFA 2026,A1 - Premier Division,,,PD-03- Fish Hoek,PD-13- C.R. Vasco Da Gama,02/05/26,Sat,15:45,Fish Hoek,Fish Hoek A,4,1,,Y,,
42996896,CTTLFA 2026,A1 - Premier Division,,,PD-04- FN Rangers,PD-02- Edgemead G/W,02/05/26,Sat,15:45,FN Rangers,FNB Stadium A,0,2,,Y,,
42996895,CTTLFA 2026,A1 - Premier Division,,,PD-07- Holy Cross,PD-09- Rygersdal,02/05/26,Sat,15:45,Holy Cross,Voortrekker Road,2,2,,Y,,
42996894,CTTLFA 2026,A1 - Premier Division,,,PD-08- Norway Parks,PD-06- Hanover Park,02/05/26,Sat,15:45,Norway Parks,Royal Road A,25,0,,Y,,
42996898,CTTLFA 2026,A1 - Premier Division,,,PD-14- Wynberg St Johns,PD-05- Green Point Salesians,02/05/26,Sat,15:45,Wynberg st Johns,Wynberg A,0,4,,Y,,
43206613,CTTLFA 2026,C1 - Second Division,,,SD-05- Clyde Pinelands,SD-15- Young Bafana,02/05/26,Sat,15:45,Clyde Pinelands,Ringwood Drive A,1,2,,Y,,
43206499,CTTLFA 2026,C1 - Second Division,,,SD-06- De Beers,SD-07- FC Kapstadt,02/05/26,Sat,15:45,De Beers,Somerset West A,1,4,,Y,,
43206498,CTTLFA 2026,C1 - Second Division,,,SD-08- Bye,SD-04- Chelsea Bridgetown,02/05/26,Sat,15:45,Garlandale,Garlandale A,0,0,,Y,,
43206492,CTTLFA 2026,C1 - Second Division,,,SD-09- Goodwood United,SD-10- Hellenic,02/05/26,Sat,15:45,Goodwood,Hamilton Road A,1,3,,Y,,
43206497,CTTLFA 2026,C1 - Second Division,,,SD-12- Queens Park,SD-13- Varsity College,02/05/26,Sat,15:45,Queens Park,10 Dongel Road Milnerton,0,3,,Y,,
43206496,CTTLFA 2026,C1 - Second Division,,,SD-14- West End United,SD-01- Avendale Athletico,02/05/26,Sat,15:45,West End United,West End Park A,2,3,,Y,,
43206495,CTTLFA 2026,C1 - Second Division,,,SD-16- YSD Macassar,SD-03- Camps Bay,02/05/26,Sat,15:45,YSD Macassar,YSD Macassar A,0,3,,Y,,
43256968,CTTLFA 2026,O1 - Under 12 Premier One,,,O1-01- Camps Bay,O1-07- Hellenic,03/05/26,Sun,08:15,Camps Bay,Maidens Cove,0,7,,Y,,
43257394,CTTLFA 2026,O2 - Under 12 Premier Two,,,O2-06- Kuilsriver,O2-07- Meadowridge,03/05/26,Sun,08:15,Serepta Sports Ground,Serepta Sports Ground A,1,5,,Y,,
43257368,CTTLFA 2026,O2 - Under 12 Premier Two,,,O2-09- Shosholoza,O2-04- Fish Hoek,03/05/26,Sun,08:15,Pelican Heights Sports Ground,Pelican A,0,3,Away Walkover,Y,,
43256812,CTTLFA 2026,M1 - Under 14 Premier One,,,M1-01- Camps Bay,M1-07- Hellenic,03/05/26,Sun,09:30,Camps Bay,Maidens Cove,0,0,,Y,,
43257262,CTTLFA 2026,M2 - Under 14 Premier Two,,,M2-06- Kuilsriver,M2-07- Meadowridge,03/05/26,Sun,09:30,Serepta Sports Ground,Serepta Sports Ground A,5,2,,Y,,
43257236,CTTLFA 2026,M2 - Under 14 Premier Two,,,M2-09- Shosholoza,M2-04- Fish Hoek,03/05/26,Sun,09:30,Pelican Heights Sports Ground,Pelican A,0,3,Away Walkover,Y,,
43256656,CTTLFA 2026,K1 - Under 16 Premier One,,,K1-01- Camps Bay,K1-07- Hellenic,03/05/26,Sun,10:50,Camps Bay,Maidens Cove,0,0,,Y,,
43257103,CTTLFA 2026,K2 - Under 16 Premier Two,,,K2-09- Shosholoza,K2-04- Fish Hoek,03/05/26,Sun,10:50,Pelican Heights Sports Ground,Pelican A,0,4,,Y,,
42989813,CTTLFA 2026,I1 - Under 18 Premier One,,,I1-01- Camps Bay,I1-07- Hellenic,03/05/26,Sun,12:30,Camps Bay,Maidens Cove,0,2,,Y,,
43317261,CTTLFA 2026,H2 - Womens First Division,,,H2-11- Magic Ladies B,H2-03- Green Point Salesians B,03/05/26,Sun,13:00,Avenue De Mist,Ave De Mist - A,6,0,,Y,,
43575391,CTTLFA 2026,D2 - 4th Division,,,D2-11- Shosholoza FC,D2-05- Norway Parks,03/05/26,Sun,14:00,Pelican Heights Sports Ground,Pelican A,0,3,Away Walkover,Y,,
43575173,CTTLFA 2026,D1 - 3rd Division,,,D1-11- Shosholoza FC,D1-05- Garden Village,03/05/26,Sun,15:45,Pelican Heights Sports Ground,Pelican A,0,3,Away Walkover,Y,,
43575525,CTTLFA 2026,D4 - 6th Division,,,D4-02- Clyde Pinelands,D4-12- Lansdowne,05/05/26,Tue,20:00,Clyde Pinelands,Ringwood Drive B,0,3,,Y,,
43806351,CTTLFA 2026,G1 - Vets 045 A,,,G1-02-Edgemead G/W,G1-03- FN Rangers,06/05/26,Wed,19:30,Edgemead G/W,Edgemead A,2,2,,Y,,
43806346,CTTLFA 2026,G1 - Vets 045 A,,,G1-10- Holy Cross,G1-13- Stephanian Ottery,06/05/26,Wed,20:00,Holy Cross,Voortrekker Road,1,3,,Y,,
43575922,CTTLFA 2026,E1- Vets 035,,,E1-03- Clyde Pinelands,E1-05- Goodwood United,06/05/26,Wed,20:30,Clyde Pinelands,Ringwood Drive A,3,2,,Y,,
43575809,CTTLFA 2026,E2- Vets 035 B,,,E2-12- Clyde Pinelands B,E2-11- Turfhall,06/05/26,Wed,20:30,Clyde Pinelands,Ringwood Drive B,0,3,Away Walkover,Y,,
43574486,CTTLFA 2026,O7 - Under 12 Girls Premier One (9v9),,,O7-05- Meadowridge A,O7-08- Wynberg St Johns,07/05/26,Thu,18:30,Meadowridge,Meadowridge B,8,0,,Y,,
43257129,CTTLFA 2026,K2 - Under 16 Premier Two,,,K2-06- Kuilsriver,K2-07- Meadowridge,07/05/26,Thu,19:00,Serepta Sports Ground,Serepta Sports Ground A,1,4,,Y,,
43262758,CTTLFA 2026,G5 - Vets 050 B,,,G5-04- Edgemead G/W,G5-03- Durbanville,07/05/26,Thu,19:30,Edgemead G/W,Edgemead B,2,0,,Y,,
43257398,CTTLFA 2026,O2 - Under 12 Premier Two,,,O2-07- Meadowridge,O2-11- Sunningdale City,07/05/26,Thu,19:30,Meadowridge,Meadowridge A,0,3,,Y,,
43575552,CTTLFA 2026,D4 - 6th Division,,,D4-03- De Beers,D4-02- Clyde Pinelands,07/05/26,Thu,20:00,De Beers,Somerset West B,3,0,,Y,,
43806350,CTTLFA 2026,G1 - Vets 045 A,,,G1-04- Hanover Park,G1-08- Bothasig,07/05/26,Thu,20:00,Hanover Park,Hanover Park A,6,0,,Y,,
43262443,CTTLFA 2026,F1 - Vets 040 A,,,F1-01- Bellville City,F1-07- Rygersdal,07/05/26,Thu,20:30,Bellville City,PP Smit Stadium B,0,2,,Y,,
43262442,CTTLFA 2026,F1 - Vets 040 A,,,F1-05- Hanover Park,F1-02- Edgemead G/W,07/05/26,Thu,20:30,Hanover Park,Hanover Park B,1,5,,Y,,
43575682,CTTLFA 2026,F2 - Vets 040 B,,,F2-02- Bothasig,F2-11- Saxon Rovers,07/05/26,Thu,20:30,Bothasig,Abe Sher B,0,2,,Y,,
43575082,CTTLFA 2026,G6 - Vets O50 C,,,G6-08- Wynberg St Johns,G6-01- Avendale Athletico,08/05/26,Fri,19:00,Wynberg st Johns,Wynberg B,0,3,Away Walkover,Y,,
43806541,CTTLFA 2026,H1 - Womens Premier League,,,H1-04- Fish Hoek,H1-06- Green Point Salesians,08/05/26,Fri,19:00,Fish Hoek,Fish Hoek A,0,1,,Y,,
43806540,CTTLFA 2026,H1 - Womens Premier League,,,H1-09- Northpine United,H1-02- Bellville City,08/05/26,Fri,19:00,Northpine United,Central Park A,0,2,,Y,,
43806538,CTTLFA 2026,H1 - Womens Premier League,,,H1-12- Bye.,H1-08- Magic Ladies,08/05/26,Fri,19:00,YSD Macassar,YSD Macassar A,0,0,,Y,,
43317268,CTTLFA 2026,H2 - Womens First Division,,,H2-04- Kensington,H2-13- Hout Bay,08/05/26,Fri,19:00,Kensington,14 Avenue A,1,5,,Y,,
43317270,CTTLFA 2026,H2 - Womens First Division,,,H2-05- Kuilsriver,H2-06- Meadowridge,08/05/26,Fri,19:00,Serepta Sports Ground,Serepta Sports Ground A,0,7,,Y,,
43317271,CTTLFA 2026,H2 - Womens First Division,,,H2-07- Norway Parks,H2-09- Stephanian Ottery,08/05/26,Fri,19:00,Norway Parks,Royal Road A,1,0,,Y,,
43262441,CTTLFA 2026,F1 - Vets 040 A,,,F1-10- C.R. Vasco Da Gama,F1-08- Stephanian Ottery,08/05/26,Fri,19:30,Vasco da Gama,Da Gama Park A,2,0,,Y,,
43317269,CTTLFA 2026,H2 - Womens First Division,,,H2-02- Bothasig,H2-12- Hanover Park,08/05/26,Fri,19:30,Bothasig,Abe Sher A,1,1,,Y,,
43317272,CTTLFA 2026,H2 - Womens First Division,,,H2-03- Green Point Salesians B,H2-10- UCT B,08/05/26,Fri,19:30,Green Point,Green Point A,2,4,,Y,,
43575684,CTTLFA 2026,F2 - Vets 040 B,,,F2-01- Avendale Athletico,F2-12- Sunningdale City B,08/05/26,Fri,20:15,Chelsea,Hickory Road A,5,2,,Y,,
43575215,CTTLFA 2026,D3 - 5th Division,,,D3-09- Tramway,D3-04- Edgemead G/W,08/05/26,Fri,20:30,Tramway,Groenewald Park A,1,1,,Y,,
43575550,CTTLFA 2026,D4 - 6th Division,,,D4-06- Bye,D4-08- Bothasig,08/05/26,Fri,20:30,Queens Park,10 Dongel Road Milnerton,0,0,,Y,,
43575924,CTTLFA 2026,E1- Vets 035,,,E1-01- Avendale Athletico,E1-09- Bye,08/05/26,Fri,20:30,Chelsea,Hickory Road A,0,0,,Y,,
43575808,CTTLFA 2026,E2- Vets 035 B,,,E2-10- Wynberg St Johns,E2-01- Bellville City,08/05/26,Fri,20:30,Wynberg st Johns,Wynberg A,3,2,,Y,,
43262436,CTTLFA 2026,F1 - Vets 040 A,,,F1-03- Fish Hoek,F1-09- Sunningdale City,08/05/26,Fri,20:30,Fish Hoek,Fish Hoek A,2,0,,Y,,
43262440,CTTLFA 2026,F1 - Vets 040 A,,,F1-06- Norway Parks,F1-04- FN Rangers,08/05/26,Fri,20:30,Norway Parks,Royal Road A,0,6,,Y,,
43575685,CTTLFA 2026,F2 - Vets 040 B,,,F2-06- Kuilsriver,F2-05- Green Point Salesians,08/05/26,Fri,20:30,Serepta Sports Ground,Serepta Sports Ground A,4,1,,Y,,
43575683,CTTLFA 2026,F2 - Vets 040 B,,,F2-10- Jamestown United,F2-04- Goodwood United,08/05/26,Fri,20:30,Goodwood,Hamilton Road B,0,2,,Y,,
43256980,CTTLFA 2026,O1 - Under 12 Premier One,,,O1-05- FN Rangers,O1-03- De Beers,09/05/26,Sat,08:15,FN Rangers,FNB Stadium A,5,0,,Y,,
43256981,CTTLFA 2026,O1 - Under 12 Premier One,,,O1-08- Northpine United,O1-04- FC Kapstadt,09/05/26,Sat,08:15,Northpine United,Central Park A,0,5,,Y,,
43256982,CTTLFA 2026,O1 - Under 12 Premier One,,,O1-09- Norway Parks,O1-01- Camps Bay,09/05/26,Sat,08:15,Norway Parks,Royal Road A,3,0,,Y,,
43256983,CTTLFA 2026,O1 - Under 12 Premier One,,,O1-10- Rygersdal,O1-02- Cape Town Spurs,09/05/26,Sat,08:15,Cape Town Spurs,Ikamva A,5,1,,Y,,
43256984,CTTLFA 2026,O1 - Under 12 Premier One,,,O1-11- Table View,O1-07- Hellenic,09/05/26,Sat,08:15,Table View,Table View A,0,7,,Y,,
43256985,CTTLFA 2026,O1 - Under 12 Premier One,,,O1-12- CR Vasco Da Gama,O1-13- Wynberg St Johns,09/05/26,Sat,08:15,Vasco da Gama,Da Gama Park B,1,0,,Y,,
43257395,CTTLFA 2026,O2 - Under 12 Premier Two,,,O2-02- Durbanville,O2-10- Stephanian Ottery,09/05/26,Sat,08:15,Durbanville,Klazinga Park A,4,2,,Y,,
43257462,CTTLFA 2026,O2 - Under 12 Premier Two,,,O2-03- Edgemead G/W,O2-12- Young Bafana,09/05/26,Sat,08:15,Edgemead G/W,Edgemead A,2,5,,Y,,
43257396,CTTLFA 2026,O2 - Under 12 Premier Two,,,O2-04- Fish Hoek,O2-08- Saxon Rovers,09/05/26,Sat,08:15,Fish Hoek,Fish Hoek A,2,1,,Y,,
43257397,CTTLFA 2026,O2 - Under 12 Premier Two,,,O2-05- Kensington,O2-01- Clyde Pinelands,09/05/26,Sat,08:15,Kensington,14 Avenue A,1,1,,Y,,
43257463,CTTLFA 2026,O2 - Under 12 Premier Two,,,O2-06- Kuilsriver,O2-09- Shosholoza,09/05/26,Sat,08:15,Serepta Sports Ground,Serepta Sports Ground A,3,0,Home Walkover,Y,,
43260901,CTTLFA 2026,O3B - Under 12 Premier Three B,,,O3-05- Garden Village,O3-02- Bellville City,09/05/26,Sat,08:15,Garden Village,Alexander Road,0,3,,Y,,
43260902,CTTLFA 2026,O3B - Under 12 Premier Three B,,,O3-06- Goodwood United,O3-14- YSD Macassar,09/05/26,Sat,08:15,Goodwood,Hamilton Road A,2,5,,Y,,
43805243,CTTLFA 2026,O3 - Under 12 Premier Three,,,O3-08- Green Point Salesians,O3-07- Grass Boots,09/05/26,Sat,08:15,Green Point,Green Point A,4,5,,Y,,
43260903,CTTLFA 2026,O3B - Under 12 Premier Three B,,,O3-13- West End United,O3-03- Bothasig,09/05/26,Sat,08:15,West End United,West End Park A,0,10,,Y,,
43805244,CTTLFA 2026,O3 - Under 12 Premier Three,,,O3-16- Garlandale,O3-04- Chelsea Bridgetown,09/05/26,Sat,08:15,Garlandale,Garlandale A,5,0,,Y,,
43805245,CTTLFA 2026,O3 - Under 12 Premier Three,,,O3-17- Queens Park,O3-11- Ruyterwacht,09/05/26,Sat,08:15,Queens Park,10 Dongel Road Milnerton,4,1,,Y,,
43274231,CTTLFA 2026,O4 - Under 12 Division Four,,,O4-03- De Beers B.,O4-07- Rygersdal B,09/05/26,Sat,08:15,De Beers,Somerset West B,1,1,,Y,,
43274232,CTTLFA 2026,O4 - Under 12 Division Four,,,O4-04- FN Rangers B,O4-11- Wynberg St Johns B.,09/05/26,Sat,08:15,FN Rangers,FNB Stadium B,6,1,,Y,,
43274233,CTTLFA 2026,O4 - Under 12 Division Four,,,O4-06- Norway Parks B,O4-05- Northpine United B,09/05/26,Sat,08:15,Norway Parks,Royal Road D,6,1,,Y,,
43274227,CTTLFA 2026,O4 - Under 12 Division Four,,,O4-08- Saxon Rovers B,O4-01- Camps Bay B.,09/05/26,Sat,08:15,Saxon Rovers,Maitland B,7,0,,Y,,
43274229,CTTLFA 2026,O4 - Under 12 Division Four,,,O4-10- CR Vasco Da Gama B,O4-02- Cape Town Spurs B,09/05/26,Sat,08:15,Vasco da Gama,Da Gama Park C,4,0,,Y,,
43274225,CTTLFA 2026,O5 - Under 12 Division Five,,,O5-01- Bellville City B.,O5-11- Sunningdale City B,09/05/26,Sat,08:15,Bellville City,PP Smit Stadium B,1,8,,Y,,
43274226,CTTLFA 2026,O5 - Under 12 Division Five,,,O5-04- Durbanville B.,O5-02- Bothasig B,09/05/26,Sat,08:15,Durbanville,Klazinga Park B,0,1,,Y,,
43274234,CTTLFA 2026,O5 - Under 12 Division Five,,,O5-08- Kuilsriver B.,O5-06- Fish Hoek B.,09/05/26,Sat,08:15,Serepta Sports Ground,Serepta Sports Ground B,2,6,,Y,,
43274230,CTTLFA 2026,O5 - Under 12 Division Five,,,O5-09- Meadowridge B.,O5-03- Clyde Pinelands B,09/05/26,Sat,08:15,Meadowridge,Meadowridge B,7,0,,Y,,
43274228,CTTLFA 2026,O5 - Under 12 Division Five,,,O5-10- Stephanian Ottery B,O5-07- Goodwood United B,09/05/26,Sat,08:15,Stephanian Ottery,Stephanian Ottery A,15,0,,Y,,
43331099,CTTLFA 2026,O6 - Under 12 Division Six,,,O6-01- Bothasig C,O6-04- FC Kapstadt B,09/05/26,Sat,08:15,Bothasig,Abe Sher C,0,11,,Y,,
43331097,CTTLFA 2026,O6 - Under 12 Division Six,,,O6-05- Fish Hoek C,O6-03- Kensington B,09/05/26,Sat,08:15,Fish Hoek,Fish Hoek B,2,0,,Y,,
43331100,CTTLFA 2026,O6 - Under 12 Division Six,,,O6-08- Stephanian Ottery C,O6-07- Meadowridge C,09/05/26,Sat,08:15,Stephanian Ottery,Stephanian Ottery B,5,3,,Y,,
43574485,CTTLFA 2026,O7 - Under 12 Girls Premier One (9v9),,,O7-02- Bothasig,O7-04- Bye,09/05/26,Sat,08:15,Bothasig,Abe Sher D,0,0,,Y,,
43574487,CTTLFA 2026,O7 - Under 12 Girls Premier One (9v9),,,O7-03- Fish Hoek.,O7-06- Meadowridge B,09/05/26,Sat,08:15,Fish Hoek,Fish Hoek C,0,4,,Y,,
43574484,CTTLFA 2026,O7 - Under 12 Girls Premier One (9v9),,,O7-09- Hout Bay,O7-01- Bellville City,09/05/26,Sat,08:15,Chukker Sports Complex,#1,1,2,,Y,,
43806052,CTTLFA 2026,O8- Under 12 Division Seven,,,O8-04- Meadowridge D,O8-10- Garlandale B,09/05/26,Sat,08:15,Meadowridge,Meadowridge A,4,3,,Y,,
43256824,CTTLFA 2026,M1 - Under 14 Premier One,,,M1-05- FN Rangers,M1-03- De Beers,09/05/26,Sat,09:30,FN Rangers,FNB Stadium A,2,1,,Y,,
43256825,CTTLFA 2026,M1 - Under 14 Premier One,,,M1-08- Northpine United,M1-04- FC Kapstadt,09/05/26,Sat,09:30,Northpine United,Central Park A,0,1,,Y,,
43256826,CTTLFA 2026,M1 - Under 14 Premier One,,,M1-09- Norway Parks,M1-01- Camps Bay,09/05/26,Sat,09:30,Norway Parks,Royal Road A,6,0,,Y,,
43256827,CTTLFA 2026,M1 - Under 14 Premier One,,,M1-10- Rygersdal,M1-02- Cape Town Spurs,09/05/26,Sat,09:30,Cape Town Spurs,Ikamva A,4,3,,Y,,
43256828,CTTLFA 2026,M1 - Under 14 Premier One,,,M1-11- Table View,M1-07- Hellenic,09/05/26,Sat,09:30,Table View,Table View A,0,1,,Y,,
43256829,CTTLFA 2026,M1 - Under 14 Premier One,,,M1-12- CR Vasco Da Gama,M1-13- Wynberg St Johns,09/05/26,Sat,09:30,Vasco da Gama,Da Gama Park B,1,3,,Y,,
43257263,CTTLFA 2026,M2 - Under 14 Premier Two,,,M2-02- Durbanville,M2-10- Stephanian Ottery,09/05/26,Sat,09:30,Durbanville,Klazinga Park A,2,0,,Y,,
43257330,CTTLFA 2026,M2 - Under 14 Premier Two,,,M2-03- Edgemead G/W,M2-12- Young Bafana,09/05/26,Sat,09:30,Edgemead G/W,Edgemead A,0,2,,Y,,
43257264,CTTLFA 2026,M2 - Under 14 Premier Two,,,M2-04- Fish Hoek,M2-08- Saxon Rovers,09/05/26,Sat,09:30,Fish Hoek,Fish Hoek A,2,4,,Y,,
43257265,CTTLFA 2026,M2 - Under 14 Premier Two,,,M2-05- Kensington,M2-01- Clyde Pinelands,09/05/26,Sat,09:30,Kensington,14 Avenue A,1,2,,Y,,
43257331,CTTLFA 2026,M2 - Under 14 Premier Two,,,M2-06- Kuilsriver,M2-09- Shosholoza,09/05/26,Sat,09:30,Serepta Sports Ground,Serepta Sports Ground A,5,3,,Y,,
43257266,CTTLFA 2026,M2 - Under 14 Premier Two,,,M2-07- Meadowridge,M2-11- Sunningdale City,09/05/26,Sat,09:30,Meadowridge,Meadowridge A,6,2,,Y,,
43260843,CTTLFA 2026,M3B - Under 14 Premier Three B,,,M3-05- Garden Village,M3-02- Bellville City,09/05/26,Sat,09:30,Garden Village,Alexander Road,2,5,,Y,,
43260844,CTTLFA 2026,M3B - Under 14 Premier Three B,,,M3-06- Goodwood United,M3-14- YSD Macassar,09/05/26,Sat,09:30,Goodwood,Hamilton Road A,2,3,,Y,,
43805493,CTTLFA 2026,M3 - Under 14 Premier Three,,,M3-08- Green Point Salesians,M3-07- Grass Boots,09/05/26,Sat,09:30,Green Point,Green Point A,2,5,,Y,,
43260845,CTTLFA 2026,M3B - Under 14 Premier Three B,,,M3-13- West End United,M3-03- Bothasig,09/05/26,Sat,09:30,West End United,West End Park A,1,5,,Y,,
43805494,CTTLFA 2026,M3 - Under 14 Premier Three,,,M3-16- Garlandale,M3-04- Chelsea Bridgetown,09/05/26,Sat,09:30,Garlandale,Garlandale A,1,5,,Y,,
43805495,CTTLFA 2026,M3 - Under 14 Premier Three,,,M3-17- Queens Park,M3-11- Ruyterwacht,09/05/26,Sat,09:30,Queens Park,10 Dongel Road Milnerton,1,1,,Y,,
43279149,CTTLFA 2026,M4 - Under 14 Division Four,,,M4-03- De Beers B.,M4-07- Rygersdal B,09/05/26,Sat,09:30,De Beers,Somerset West B,1,3,,Y,,
43279150,CTTLFA 2026,M4 - Under 14 Division Four,,,M4-04- FN Rangers B,M4-11- Wynberg St Johns B.,09/05/26,Sat,09:30,FN Rangers,FNB Stadium B,3,0,,Y,,
43279151,CTTLFA 2026,M4 - Under 14 Division Four,,,M4-06- Norway Parks B,M4-05- Northpine United B,09/05/26,Sat,09:30,Norway Parks,Royal Road D,2,1,,Y,,
43279152,CTTLFA 2026,M4 - Under 14 Division Four,,,M4-08- Saxon Rovers B.,M4-01- Camps Bay B.,09/05/26,Sat,09:30,Saxon Rovers,Maitland B,3,1,,Y,,
43279153,CTTLFA 2026,M4 - Under 14 Division Four,,,M4-10- CR Vasco Da Gama B,M4-02- Cape Town Spurs B,09/05/26,Sat,09:30,Vasco da Gama,Da Gama Park C,7,1,,Y,,
43279485,CTTLFA 2026,M5 - Under 14 Division Five,,,M5-01- Bellville City B.,M5-11- Sunningdale City B,09/05/26,Sat,09:30,Bellville City,PP Smit Stadium B,0,6,,Y,,
43279486,CTTLFA 2026,M5 - Under 14 Division Five,,,M5-04- Durbanville B.,M5-02- Bothasig B,09/05/26,Sat,09:30,Durbanville,Klazinga Park B,4,3,,Y,,
43279487,CTTLFA 2026,M5 - Under 14 Division Five,,,M5-08- Kuilsriver B.,M5-06- Fish Hoek B.,09/05/26,Sat,09:30,Serepta Sports Ground,Serepta Sports Ground B,13,1,,Y,,
43279489,CTTLFA 2026,M5 - Under 14 Division Five,,,M5-10- Stephanian Ottery B,M5-07- Goodwood United B,09/05/26,Sat,09:30,Stephanian Ottery,Stephanian Ottery A,3,3,,Y,,
43272853,CTTLFA 2026,M6 - Under 14 Division Six,,,M6-02- Brooklyn Superstars,M6-01- Shosholoza B,09/05/26,Sat,09:30,Bayview Sports Complex,Brooklyn Bayview Sports Complex A,3,0,Home Walkover,Y,,
43272854,CTTLFA 2026,M6 - Under 14 Division Six,,,M6-07- Hellenic B,M6-03- Bye,09/05/26,Sat,09:30,Hellenic,Tygerhof Sports Complex A,0,0,,Y,,
43806265,CTTLFA 2026,M7 - Under 14 Division Seven,,,M7-03- Meadowridge C,M7-08- Wynberg St Johns C,09/05/26,Sat,09:30,Meadowridge,Meadowridge B,3,3,,Y,,
43806268,CTTLFA 2026,M7 - Under 14 Division Seven,,,M7-04- Northpine United C,M7-09- Durbanville C,09/05/26,Sat,09:30,Northpine United,Central Park B,4,0,,Y,,
43806264,CTTLFA 2026,M7 - Under 14 Division Seven,,,M7-07- Table View C,M7-01- Bothasig C,09/05/26,Sat,09:30,Table View,Table View C,3,2,,Y,,
43574587,CTTLFA 2026,M8 - Under 14 Girls Premier One,,,M8-02- Bothasig,M8-04- Fish Hoek,09/05/26,Sat,09:30,Bothasig,Abe Sher C,0,11,,Y,,
43574584,CTTLFA 2026,M8 - Under 14 Girls Premier One,,,M8-06- Norway Parks,M8-03- Camps Bay,09/05/26,Sat,09:30,Norway Parks,Royal Road B,0,5,,Y,,
43574585,CTTLFA 2026,M8 - Under 14 Girls Premier One,,,M8-09- Stephanian Ottery,M8-12- Hout Bay,09/05/26,Sat,09:30,Stephanian Ottery,Stephanian Ottery B,3,0,Home Walkover,Y,,
43574586,CTTLFA 2026,M8 - Under 14 Girls Premier One,,,M8-11- Wynberg St Johns,M8-01- Bellville City,09/05/26,Sat,09:30,Wynberg st Johns,Wynberg C,0,8,,Y,,
43806153,CTTLFA 2026,M9- Under 14 Division Eight,,,M9-03- Edgemead G/W D,M9-08- Table View D,09/05/26,Sat,09:30,Edgemead G/W,Edgemead B,4,0,,Y,,
43806154,CTTLFA 2026,M9- Under 14 Division Eight,,,M9-07- Bye,M9-04- Tramway,09/05/26,Sat,09:30,Bye,#1,0,0,,Y,,
43806151,CTTLFA 2026,M9- Under 14 Division Eight,,,M9-09- Garlandale B,M9-06- Northpine United D,09/05/26,Sat,09:30,Garlandale,Garlandale B,3,0,Home Walkover,Y,,
43806053,CTTLFA 2026,O8- Under 12 Division Seven,,,O8-01- Tramway,O8-06- Rygersdal C,09/05/26,Sat,09:30,Tramway,Groenewald Park A,3,5,,Y,,
43806055,CTTLFA 2026,O8- Under 12 Division Seven,,,O8-09- Lansdowne,O8-07- Tramway B,09/05/26,Sat,09:30,Lansdowne,Chukker Road A,0,3,Away Walkover,Y,,
43806830,CTTLFA 2026,K7 - Under 16 Girls Premier One,,,K7-01- Badgers,K7-03- Bothasig,09/05/26,Sat,10:00,Badgers FC,Oranjezicht A,3,0,Home Walkover,Y,,
43256668,CTTLFA 2026,K1 - Under 16 Premier One,,,K1-05- FN Rangers,K1-03- De Beers,09/05/26,Sat,10:50,FN Rangers,FNB Stadium A,3,0,,Y,,
43256669,CTTLFA 2026,K1 - Under 16 Premier One,,,K1-08- Northpine United,K1-04- FC Kapstadt,09/05/26,Sat,10:50,Northpine United,Central Park A,1,2,,Y,,
43256670,CTTLFA 2026,K1 - Under 16 Premier One,,,K1-09- Norway Parks,K1-01- Camps Bay,09/05/26,Sat,10:50,Norway Parks,Royal Road A,2,0,,Y,,
43256671,CTTLFA 2026,K1 - Under 16 Premier One,,,K1-10- Rygersdal,K1-02- Cape Town Spurs,09/05/26,Sat,10:50,Cape Town Spurs,Ikamva A,3,1,,Y,,
43256672,CTTLFA 2026,K1 - Under 16 Premier One,,,K1-11- Table View,K1-07- Hellenic,09/05/26,Sat,10:50,Table View,Table View A,0,2,,Y,,
43256673,CTTLFA 2026,K1 - Under 16 Premier One,,,K1-12- CR Vasco Da Gama,K1-13- Wynberg St Johns,09/05/26,Sat,10:50,Vasco da Gama,Da Gama Park B,2,0,,Y,,
43257130,CTTLFA 2026,K2 - Under 16 Premier Two,,,K2-02- Durbanville,K2-10- Stephanian Ottery,09/05/26,Sat,10:50,Durbanville,Klazinga Park A,6,2,,Y,,
43257197,CTTLFA 2026,K2 - Under 16 Premier Two,,,K2-03- Edgemead G/W,K2-12- Young Bafana,09/05/26,Sat,10:50,Edgemead G/W,Edgemead A,0,6,,Y,,
43257131,CTTLFA 2026,K2 - Under 16 Premier Two,,,K2-04- Fish Hoek,K2-08- Saxon Rovers,09/05/26,Sat,10:50,Fish Hoek,Fish Hoek A,1,2,,Y,,
43257132,CTTLFA 2026,K2 - Under 16 Premier Two,,,K2-05- Kensington,K2-01- Clyde Pinelands,09/05/26,Sat,10:50,Kensington,14 Avenue A,0,3,,Y,,
43257198,CTTLFA 2026,K2 - Under 16 Premier Two,,,K2-06- Kuilsriver,K2-09- Shosholoza,09/05/26,Sat,10:50,Serepta Sports Ground,Serepta Sports Ground A,4,1,,Y,,
43257133,CTTLFA 2026,K2 - Under 16 Premier Two,,,K2-07- Meadowridge,K2-11- Sunningdale City,09/05/26,Sat,10:50,Meadowridge,Meadowridge A,3,1,,Y,,
43260787,CTTLFA 2026,K3B - Under 16 Premier Three B,,,K3-05- Garden Village,K3-02- Bellville City,09/05/26,Sat,10:50,Garden Village,Alexander Road,0,3,Away Walkover,Y,,
43260788,CTTLFA 2026,K3B - Under 16 Premier Three B,,,K3-06- Goodwood United,K3-14- YSD Macassar,09/05/26,Sat,10:50,Goodwood,Hamilton Road A,3,1,,Y,,
43805257,CTTLFA 2026,K3 - Under 16 Premier Three,,,K3-08- Green Point Salesians,K3-07- Grass Boots,09/05/26,Sat,10:50,Green Point,Green Point A,2,1,,Y,,
43260789,CTTLFA 2026,K3B - Under 16 Premier Three B,,,K3-13- West End United,K3-03- Bothasig,09/05/26,Sat,10:50,West End United,West End Park A,0,0,,Y,,
43805258,CTTLFA 2026,K3 - Under 16 Premier Three,,,K3-16- Garlandale,K3-04- Chelsea Bridgetown,09/05/26,Sat,10:50,Garlandale,Garlandale A,1,6,,Y,,
43805259,CTTLFA 2026,K3 - Under 16 Premier Three,,,K3-17- Queens Park,K3-11- Ruyterwacht,09/05/26,Sat,10:50,Queens Park,10 Dongel Road Milnerton,4,1,,Y,,
43279260,CTTLFA 2026,K4 - Under 16 Division Four,,,K4-03- De Beers B.,K4-07- Rygersdal B,09/05/26,Sat,10:50,De Beers,Somerset West B,2,4,,Y,,
43279261,CTTLFA 2026,K4 - Under 16 Division Four,,,K4-04- FN Rangers B,K4-11- Wynberg St Johns B.,09/05/26,Sat,10:50,FN Rangers,FNB Stadium B,1,2,,Y,,
43279262,CTTLFA 2026,K4 - Under 16 Division Four,,,K4-06- Norway Parks B,K4-05- Northpine United B,09/05/26,Sat,10:50,Norway Parks,Royal Road D,3,0,,Y,,
43279263,CTTLFA 2026,K4 - Under 16 Division Four,,,K4-08- Saxon Rovers B,K4-01- Bye,09/05/26,Sat,10:50,Saxon Rovers,Maitland B,0,0,,Y,,
43279264,CTTLFA 2026,K4 - Under 16 Division Four,,,K4-10- CR Vasco Da Gama B,K4-02- Cape Town Spurs B,09/05/26,Sat,10:50,Vasco da Gama,Da Gama Park C,2,2,,Y,,
43279375,CTTLFA 2026,K5 - Under 16 Division Five,,,K5-01- Bellville City B.,K5-11- Sunningdale City B,09/05/26,Sat,10:50,Bellville City,PP Smit Stadium B,1,3,,Y,,
43279376,CTTLFA 2026,K5 - Under 16 Division Five,,,K5-04- Durbanville B.,K5-02- Bothasig B,09/05/26,Sat,10:50,Durbanville,Klazinga Park B,2,2,,Y,,
43279377,CTTLFA 2026,K5 - Under 16 Division Five,,,K5-08- Kuilsriver B.,K5-06- Fish Hoek B.,09/05/26,Sat,10:50,Serepta Sports Ground,Serepta Sports Ground B,0,3,Away Walkover,Y,,
43279379,CTTLFA 2026,K5 - Under 16 Division Five,,,K5-10- Stephanian Ottery B,K5-07- Goodwood United B,09/05/26,Sat,10:50,Stephanian Ottery,Stephanian Ottery A,10,0,,Y,,
43805744,CTTLFA 2026,K6 - Under 16 Division Six,,,K6-03- Brooklyn Superstars,K6-05- JMI,09/05/26,Sat,10:50,Bayview Sports Complex,Brooklyn Bayview Sports Complex A,5,3,,Y,,
43805715,CTTLFA 2026,K6 - Under 16 Division Six,,,K6-09- Table View C,K6-11- Kensington B,09/05/26,Sat,10:50,Table View,Table View C,3,1,,Y,,
43806829,CTTLFA 2026,K7 - Under 16 Girls Premier One,,,K7-06- Fish Hoek,K7-05- Clyde Pinelands,09/05/26,Sat,10:50,Fish Hoek,Fish Hoek B,3,0,,Y,,
43806828,CTTLFA 2026,K7 - Under 16 Girls Premier One,,,K7-09- Bye.,K7-15- Norway Parks,09/05/26,Sat,10:50,Northpine United,Central Park B,0,0,,Y,,
43806825,CTTLFA 2026,K7 - Under 16 Girls Premier One,,,K7-11- Bye.,K7-14- Nova Generation,09/05/26,Sat,10:50,Bye,#1,0,0,,Y,,
43805719,CTTLFA 2026,K8- Under 16 Division Seven,,,K8-10- Lansdowne,K8-01- Bothasig D,09/05/26,Sat,10:50,Lansdowne,Chukker Road A,3,0,Home Walkover,Y,,
43805718,CTTLFA 2026,K8- Under 16 Division Seven,,,K8-11- Bye,K8-08- Table View D,09/05/26,Sat,10:50,Bye,#1,0,0,,Y,,
43272852,CTTLFA 2026,M6 - Under 14 Division Six,,,M6-04- Kensington B,M6-05- Edgemead G/W C,09/05/26,Sat,10:50,Kensington,14 Avenue B,2,6,,Y,,
43574588,CTTLFA 2026,M8 - Under 14 Girls Premier One,,,M8-05- Meadowridge,M8-07- Rygersdal,09/05/26,Sat,10:50,Meadowridge,Meadowridge B,0,5,,Y,,
43806054,CTTLFA 2026,O8- Under 12 Division Seven,,,O8-02- Durbanville C,O8-08- Wynberg St Johns C,09/05/26,Sat,11:00,Durbanville,Klazinga Park C,1,2,,Y,,
43317267,CTTLFA 2026,H2 - Womens First Division,,,H2-01- Badgers B.,H2-08- Saxon Rovers,09/05/26,Sat,12:00,Badgers FC,Oranjezicht A,4,1,,Y,,
42989827,CTTLFA 2026,I1 - Under 18 Premier One,,,I1-05- FN Rangers,I1-03- De Beers,09/05/26,Sat,12:30,FN Rangers,FNB Stadium A,4,1,,Y,,
42989823,CTTLFA 2026,I1 - Under 18 Premier One,,,I1-08- Northpine United,I1-04- FC Kapstadt,09/05/26,Sat,12:30,Northpine United,Central Park A,2,0,,Y,,
42989824,CTTLFA 2026,I1 - Under 18 Premier One,,,I1-09- Norway Parks,I1-01- Camps Bay,09/05/26,Sat,12:30,Norway Parks,Royal Road A,1,0,,Y,,
42989822,CTTLFA 2026,I1 - Under 18 Premier One,,,I1-10- Rygersdal,I1-02- Cape Town Spurs,09/05/26,Sat,12:30,Cape Town Spurs,Ikamva A,1,5,,Y,,
42989826,CTTLFA 2026,I1 - Under 18 Premier One,,,I1-11- Table View,I1-07- Hellenic,09/05/26,Sat,12:30,Table View,Table View A,1,0,,Y,,
42989825,CTTLFA 2026,I1 - Under 18 Premier One,,,I1-12- CR Vasco Da Gama,I1-13- Wynberg St Johns,09/05/26,Sat,12:30,Vasco da Gama,Da Gama Park B,8,1,,Y,,
42990013,CTTLFA 2026,I2 - Under 18 Premier Two,,,I2-02- Durbanville,I2-10- Stephanian Ottery,09/05/26,Sat,12:30,Durbanville,Klazinga Park A,5,1,,Y,,
42990079,CTTLFA 2026,I2 - Under 18 Premier Two,,,I2-03- Edgemead G/W,I2-12- Young Bafana,09/05/26,Sat,12:30,Edgemead G/W,Edgemead A,0,1,,Y,,
42990014,CTTLFA 2026,I2 - Under 18 Premier Two,,,I2-04- Fish Hoek,I2-08- Saxon Rovers,09/05/26,Sat,12:30,Fish Hoek,Fish Hoek A,2,4,,Y,,
42990011,CTTLFA 2026,I2 - Under 18 Premier Two,,,I2-05- Kensington,I2-01- Clyde Pinelands,09/05/26,Sat,12:30,Kensington,14 Avenue A,1,0,,Y,,
42990080,CTTLFA 2026,I2 - Under 18 Premier Two,,,I2-06- Kuilsriver,I2-09- Shosholoza,09/05/26,Sat,12:30,Serepta Sports Ground,Serepta Sports Ground A,1,4,,Y,,
42990010,CTTLFA 2026,I2 - Under 18 Premier Two,,,I2-07- Meadowridge,I2-11- Sunningdale City,09/05/26,Sat,12:30,Meadowridge,Meadowridge A,1,0,,Y,,
43206924,CTTLFA 2026,I3B - Under 18 Premier Three B,,,I3-05- Garden Village,I3-02- Bellville City,09/05/26,Sat,12:30,Garden Village,Alexander Road,6,2,,Y,,
43206925,CTTLFA 2026,I3B - Under 18 Premier Three B,,,I3-06- Goodwood United,I3-14- YSD Macassar,09/05/26,Sat,12:30,Goodwood,Hamilton Road A,1,2,,Y,,
43804788,CTTLFA 2026,I3 - Under 18 Premier Three,,,I3-08- Green Point Salesians,I3-07- Grass Boots,09/05/26,Sat,12:30,Green Point,Green Point A,3,0,,Y,,
43206927,CTTLFA 2026,I3B - Under 18 Premier Three B,,,I3-13- West End United,I3-03- Bothasig,09/05/26,Sat,12:30,West End United,West End Park A,3,2,,Y,,
43804787,CTTLFA 2026,I3 - Under 18 Premier Three,,,I3-16- Garlandale,I3-04- Chelsea Bridgetown,09/05/26,Sat,12:30,Garlandale,Garlandale A,2,2,,Y,,
43804789,CTTLFA 2026,I3 - Under 18 Premier Three,,,I3-17- Queens Park,I3-11- Ruyterwacht,09/05/26,Sat,12:30,Queens Park,10 Dongel Road Milnerton,1,4,,Y,,
43275148,CTTLFA 2026,I4 - Under 18 Division Four,,,I4-01- Bothasig B,I4-07- Saxon Rovers B,09/05/26,Sat,12:30,Bothasig,Abe Sher A,3,1,,Y,,
43275147,CTTLFA 2026,I4 - Under 18 Division Four,,,I4-08- Table View B,I4-03- FN Rangers B,09/05/26,Sat,12:30,Table View,Table View C,3,0,Home Walkover,Y,,
43275146,CTTLFA 2026,I4 - Under 18 Division Four,,,I4-09- CR Vasco Da Gama B,I4-02- Cape Town Spurs B,09/05/26,Sat,12:30,Vasco da Gama,Da Gama Park C,5,0,,Y,,
43275144,CTTLFA 2026,I4 - Under 18 Division Four,,,I4-10- Wynberg St Johns B.,I4-05- Norway Parks B,09/05/26,Sat,12:30,Wynberg st Johns,Wynberg B,1,2,,Y,,
43805531,CTTLFA 2026,I5 - Under 18 Division Five,,,I5-02- Clyde Pinelands B,I5-05- Fish Hoek B.,09/05/26,Sat,12:30,Clyde Pinelands,Ringwood Drive B,5,1,,Y,,
43805529,CTTLFA 2026,I5 - Under 18 Division Five,,,I5-04- Edgemead G/W B.,I5-07- Meadowridge B.,09/05/26,Sat,12:30,Edgemead G/W,Edgemead B,2,2,,Y,,
43805530,CTTLFA 2026,I5 - Under 18 Division Five,,,I5-06- JMI,I5-01- Bothasig C,09/05/26,Sat,12:30,Norway Parks,Royal Road E,12,0,,Y,,
43805533,CTTLFA 2026,I5 - Under 18 Division Five,,,I5-08- Ruyterwacht B,I5-03- Durbanville B.,09/05/26,Sat,12:30,Ruyterwacht,Stan Abbot B,0,1,,Y,,
43805532,CTTLFA 2026,I5 - Under 18 Division Five,,,I5-10- Bellville City B,I5-11- Tramway,09/05/26,Sat,12:30,Bellville City,PP Smit Stadium B,0,3,Away Walkover,Y,,
43279378,CTTLFA 2026,K5 - Under 16 Division Five,,,K5-09- Meadowridge B.,K5-03- Clyde Pinelands B,09/05/26,Sat,12:30,Meadowridge,Meadowridge B,1,0,,Y,,
43805829,CTTLFA 2026,K8- Under 16 Division Seven,,,K8-04- Fish Hoek C.,K8-09- YMO FC,09/05/26,Sat,12:30,Fish Hoek,Fish Hoek C,3,0,Home Walkover,Y,,
43805720,CTTLFA 2026,K8- Under 16 Division Seven,,,K8-06- Northpine United C,K8-03- Edgemead G/W C,09/05/26,Sat,12:30,Northpine United,Central Park B,0,0,,Y,,
43575217,CTTLFA 2026,D1 - 3rd Division,,,D1-07- Saxon Rovers,D1-09- C.R. Vasco Da Gama,09/05/26,Sat,14:00,Saxon Rovers,Maitland F,1,4,,Y,,
43575418,CTTLFA 2026,D2 - 4th Division,,,D2-03- Edgemead G/W,D2-01- Avendale Athletico,09/05/26,Sat,14:00,Edgemead G/W,Edgemead A,5,1,,Y,,
43575420,CTTLFA 2026,D2 - 4th Division,,,D2-06- Ruyterwacht,D2-12- Kensington,09/05/26,Sat,14:00,Ruyterwacht,Stan Abbot B,2,0,,Y,,
43575415,CTTLFA 2026,D2 - 4th Division,,,D2-07- Rygersdal,D2-02- Bothasig,09/05/26,Sat,14:00,Bothasig,Abe Sher A,1,1,,Y,,
43575416,CTTLFA 2026,D2 - 4th Division,,,D2-09- C.R. Vasco Da Gama,D2-08- Table View,09/05/26,Sat,14:00,Vasco da Gama,Da Gama Park B,1,0,,Y,,
43575417,CTTLFA 2026,D2 - 4th Division,,,D2-10- Wynberg St Johns,D2-11- Shosholoza FC,09/05/26,Sat,14:00,Wynberg st Johns,Wynberg B,8,1,,Y,,
43575210,CTTLFA 2026,D3 - 5th Division,,,D3-03- Durbanville,D3-02- Clyde Pinelands,09/05/26,Sat,14:00,Durbanville,Klazinga Park B,0,4,,Y,,
43575218,CTTLFA 2026,D3 - 5th Division,,,D3-05-Bellville City,D3-07- Northpine United,09/05/26,Sat,14:00,Bellville City,PP Smit Stadium B,0,4,,Y,,
43575209,CTTLFA 2026,D3 - 5th Division,,,D3-08- Table View,D3-01- Bothasig,09/05/26,Sat,14:00,Table View,Table View B,5,1,,Y,,
43575548,CTTLFA 2026,D4 - 6th Division,,,D4-05- Kuilsriver,D4-10- Sunningdale City,09/05/26,Sat,14:00,Serepta Sports Ground,Serepta Sports Ground B,3,0,,Y,,
43575551,CTTLFA 2026,D4 - 6th Division,,,D4-11- Edgemead G/W,D4-12- Lansdowne,09/05/26,Sat,14:00,Edgemead G/W,Edgemead D,1,3,,Y,,
43256271,CTTLFA 2026,B2 - First Reserve,,,FR-01- Bellville City FC,FR-08- Meadowridge,09/05/26,Sat,14:00,Bellville City,PP Smit Stadium A,2,1,,Y,,
43256272,CTTLFA 2026,B2 - First Reserve,,,FR-06- Kensington,FR-11- Stephanian Ottery,09/05/26,Sat,14:00,Kensington,14 Avenue A,5,0,,Y,,
43256273,CTTLFA 2026,B2 - First Reserve,,,FR-07- Kuilsriver,FR-05- JMI,09/05/26,Sat,14:00,Serepta Sports Ground,Serepta Sports Ground A,6,1,,Y,,
43256274,CTTLFA 2026,B2 - First Reserve,,,FR-09- Northpine United,FR-04- Garden Village,09/05/26,Sat,14:00,Northpine United,Central Park A,2,4,,Y,,
43256275,CTTLFA 2026,B2 - First Reserve,,,FR-10- Ruyterwacht,FR-02- Bothasig,09/05/26,Sat,14:00,Ruyterwacht,Stan Abbott,1,2,,Y,,
43256276,CTTLFA 2026,B2 - First Reserve,,,FR-13- Tramway,FR-12- Sunningdale City,09/05/26,Sat,14:00,Tramway,Groenewald Park A,1,4,,Y,,
43806348,CTTLFA 2026,G1 - Vets 045 A,,,G1-05- Meadowridge,G1-06- Saxon Rovers,09/05/26,Sat,14:00,Meadowridge,Meadowridge A,0,2,,Y,,
43806352,CTTLFA 2026,G1 - Vets 045 A,,,G1-11- Lansdowne,G1-12- Table View,09/05/26,Sat,14:00,Lansdowne,Chukker Road A,2,3,,Y,,
43806347,CTTLFA 2026,G1 - Vets 045 A,,,G1-13- Stephanian Ottery,G1-07- Tramway,09/05/26,Sat,14:00,Stephanian Ottery,Stephanian Ottery A,0,3,Away Walkover,Y,,
43262908,CTTLFA 2026,G4 - Vets 050 A,,,G4-04- Hanover Park,G4-08- Tramway,09/05/26,Sat,14:00,Hanover Park,Hanover Park B,2,0,,Y,,
43262848,CTTLFA 2026,G5 - Vets 050 B,,,G5-01- Bothasig,G5-05- Everton United,09/05/26,Sat,14:00,Bothasig,Abe Sher D,4,0,,Y,,
43262751,CTTLFA 2026,G5 - Vets 050 B,,,G5-02- Bye.,G5-09- Meadowridge,09/05/26,Sat,14:00,Bye,#1,0,0,,Y,,
43575079,CTTLFA 2026,G6 - Vets O50 C,,,G6-04- Stephanian Ottery B,G6-02- Hanover Park C,09/05/26,Sat,14:00,Stephanian Ottery,Stephanian Ottery C,1,1,,Y,,
43575080,CTTLFA 2026,G6 - Vets O50 C,,,G6-05- Table View,G6-06- Tramway B,09/05/26,Sat,14:00,Table View,Table View C,2,10,,Y,,
43575081,CTTLFA 2026,G6 - Vets O50 C,,,G6-09- YMO FC,G6-11- Bye,09/05/26,Sat,14:00,YMO FC,Upper Cambridge A,0,0,,Y,,
43806539,CTTLFA 2026,H1 - Womens Premier League,,,H1-01- Badgers,H1-05- FN Rangers,09/05/26,Sat,14:00,Badgers FC,Oranjezicht A,2,2,,Y,,
43256090,CTTLFA 2026,A2 - Premier Reserve,,,PR-01- Durbanville,PR-04- FN Rangers,09/05/26,Sat,14:00,Durbanville,Klazinga Park A,4,3,,Y,,
43256092,CTTLFA 2026,A2 - Premier Reserve,,,PR-06- Hanover Park,PR-02- Edgemead G/W,09/05/26,Sat,14:00,Hanover Park,Hanover Park A,0,5,,Y,,
43256093,CTTLFA 2026,A2 - Premier Reserve,,,PR-09- Rygersdal,PR-10- Saxon Rovers,09/05/26,Sat,14:00,Saxon Rovers,Maitland A,1,1,,Y,,
43256094,CTTLFA 2026,A2 - Premier Reserve,,,PR-11- Table View,PR-03- Fish Hoek,09/05/26,Sat,14:00,Table View,Table View A,3,0,Home Walkover,Y,,
43256095,CTTLFA 2026,A2 - Premier Reserve,,,PR-12- UCT,PR-14- Wynberg St Johns,09/05/26,Sat,14:00,U C T,U C T,3,2,,Y,,
43256096,CTTLFA 2026,A2 - Premier Reserve,,,PR-13- C.R. Vasco Da Gama,PR-08- Norway Parks,09/05/26,Sat,14:00,Vasco da Gama,Da Gama Park A,7,1,,Y,,
43256439,CTTLFA 2026,C2 - Second Reserve,,,SR-01- Avendale Athletico,SR-10- Hellenic,09/05/26,Sat,14:00,Avendale Athletico,Field Crescent A,2,3,,Y,,
43256441,CTTLFA 2026,C2 - Second Reserve,,,SR-04- Chelsea Bridgetown,SR-11- Mutual FC,09/05/26,Sat,14:00,Chelsea,Hickory Road A,3,2,,Y,,
43256442,CTTLFA 2026,C2 - Second Reserve,,,SR-05- Clyde Pinelands,SR-08- Bye,09/05/26,Sat,14:00,Clyde Pinelands,Ringwood Drive A,0,0,,Y,,
43256440,CTTLFA 2026,C2 - Second Reserve,,,SR-06- De Beers,SR-02- Barmsley Spurs,09/05/26,Sat,14:00,De Beers,Somerset West A,5,1,,Y,,
43256444,CTTLFA 2026,C2 - Second Reserve,,,SR-09- Goodwood United,SR-15- Young Bafana,09/05/26,Sat,14:00,Goodwood,Hamilton Road A,1,0,,Y,,
43256443,CTTLFA 2026,C2 - Second Reserve,,,SR-12- Queens Park,SR-07- FC Kapstadt,09/05/26,Sat,14:00,Queens Park,10 Dongel Road Milnerton,2,1,,Y,,
43256445,CTTLFA 2026,C2 - Second Reserve,,,SR-13- Varsity College,SR-03- Camps Bay,09/05/26,Sat,14:00,Avenue De Mist,Ave De Mist - A,1,2,,Y,,
43256446,CTTLFA 2026,C2 - Second Reserve,,,SR-16- YSD Macassar,SR-14- West End United,09/05/26,Sat,14:00,YSD Macassar,YSD Macassar A,2,2,,Y,,
43575811,CTTLFA 2026,E2- Vets 035 B,,,E2-08- Everton United,E2-13- Cape Town Spurs,09/05/26,Sat,15:30,Heideveld Sports Complex,#1,3,0,Home Walkover,Y,,
43262757,CTTLFA 2026,G5 - Vets 050 B,,,G5-07- Hanover Park B,G5-08- Lansdowne,09/05/26,Sat,15:30,Hanover Park,Hanover Park B,3,0,,Y,,
43575211,CTTLFA 2026,D1 - 3rd Division,,,D1-01- Bellville City FC,D1-08- Table View,09/05/26,Sat,15:45,Bellville City,PP Smit Stadium B,1,3,,Y,,
43575213,CTTLFA 2026,D1 - 3rd Division,,,D1-10- Wynberg St Johns,D1-04- Edgemead G/W,09/05/26,Sat,15:45,Wynberg st Johns,Wynberg B,2,2,,Y,,
43575216,CTTLFA 2026,D1 - 3rd Division,,,D1-11- Shosholoza FC,D1-03- Durbanville,09/05/26,Sat,15:45,Pelican Heights Sports Ground,Pelican A,0,12,,Y,,
43575419,CTTLFA 2026,D2 - 4th Division,,,D2-04- Fish Hoek,D2-05- Norway Parks,09/05/26,Sat,15:45,Fish Hoek,Fish Hoek B,3,0,Home Walkover,Y,,
43575214,CTTLFA 2026,D3 - 5th Division,,,D3-10- C.R. Vasco Da Gama,D3-11- Hanover Park,09/05/26,Sat,15:45,Vasco da Gama,Da Gama Park C,3,0,,Y,,
43575923,CTTLFA 2026,E1- Vets 035,,,E1-02- Camps Bay,E1-08- Ruyterwacht,09/05/26,Sat,15:45,Camps Bay,Camps Bay A,3,1,,Y,,
43575920,CTTLFA 2026,E1- Vets 035,,,E1-04-FN Rangers,E1-07- Kensington,09/05/26,Sat,15:45,FN Rangers,FNB Stadium C,1,1,,Y,,
43575810,CTTLFA 2026,E2- Vets 035 B,,,E2-07- Meadowridge,E2-06- FN Rangers B,09/05/26,Sat,15:45,Meadowridge,Meadowridge A,1,1,,Y,,
43575812,CTTLFA 2026,E2- Vets 035 B,,,E2-09- Tramway,E2-03- Green Point Salesians,09/05/26,Sat,15:45,Tramway,Groenewald Park B,0,7,,Y,,
43575681,CTTLFA 2026,F2 - Vets 040 B,,,F2-03- Garlandale,F2-08- Kensington,09/05/26,Sat,15:45,Garlandale,Garlandale B,2,9,,Y,,
43575680,CTTLFA 2026,F2 - Vets 040 B,,,F2-07- Bye,F2-09- Wynberg St Johns,09/05/26,Sat,15:45,Bye,#1,0,0,,Y,,
42990193,CTTLFA 2026,B1 - First Division,,,FD-01- Bellville City FC,FD-08- Meadowridge,09/05/26,Sat,15:45,Bellville City,PP Smit Stadium A,2,0,,Y,,
42990194,CTTLFA 2026,B1 - First Division,,,FD-06- Kensington,FD-11- Stephanian Ottery,09/05/26,Sat,15:45,Kensington,14 Avenue A,1,2,,Y,,
42990191,CTTLFA 2026,B1 - First Division,,,FD-07- Kuilsriver,FD-05- JMI,09/05/26,Sat,15:45,Serepta Sports Ground,Serepta Sports Ground A,2,2,,Y,,
42990189,CTTLFA 2026,B1 - First Division,,,FD-09- Northpine United,FD-04- Garden Village,09/05/26,Sat,15:45,Northpine United,Central Park A,0,0,,Y,,
42990190,CTTLFA 2026,B1 - First Division,,,FD-10- Ruyterwacht,FD-02- Bothasig,09/05/26,Sat,15:45,Ruyterwacht,Stan Abbott,2,2,,Y,,
42990192,CTTLFA 2026,B1 - First Division,,,FD-13- Tramway,FD-12- Sunningdale City,09/05/26,Sat,15:45,Tramway,Groenewald Park A,1,3,,Y,,
43262752,CTTLFA 2026,G5 - Vets 050 B,,,G5-10- West End United B,G5-06- Green Point Salesians,09/05/26,Sat,15:45,West End United,West End Park B,3,4,,Y,,
42996900,CTTLFA 2026,A1 - Premier Division,,,PD-01- Durbanville,PD-04- FN Rangers,09/05/26,Sat,15:45,Durbanville,Klazinga Park A,2,0,,Y,,
42996904,CTTLFA 2026,A1 - Premier Division,,,PD-06- Hanover Park,PD-02- Edgemead G/W,09/05/26,Sat,15:45,Hanover Park,Hanover Park A,2,2,,Y,,
42996906,CTTLFA 2026,A1 - Premier Division,,,PD-09- Rygersdal,PD-10- Saxon Rovers,09/05/26,Sat,15:45,Saxon Rovers,Maitland A,0,0,,Y,,
42996902,CTTLFA 2026,A1 - Premier Division,,,PD-11- Table View,PD-03- Fish Hoek,09/05/26,Sat,15:45,Table View,Table View A,1,1,,Y,,
42996905,CTTLFA 2026,A1 - Premier Division,,,PD-12- UCT,PD-14- Wynberg St Johns,09/05/26,Sat,15:45,U C T,U C T,0,1,,Y,,
42996901,CTTLFA 2026,A1 - Premier Division,,,PD-13- C.R. Vasco Da Gama,PD-08- Norway Parks,09/05/26,Sat,15:45,Vasco da Gama,Da Gama Park A,1,0,,Y,,
43206502,CTTLFA 2026,C1 - Second Division,,,SD-01- Avendale Athletico,SD-10- Hellenic,09/05/26,Sat,15:45,Avendale Athletico,Field Crescent A,2,2,,Y,,
43206507,CTTLFA 2026,C1 - Second Division,,,SD-04- Chelsea Bridgetown,SD-11- Mutual FC,09/05/26,Sat,15:45,Chelsea,Hickory Road A,1,2,,Y,,
43206505,CTTLFA 2026,C1 - Second Division,,,SD-05- Clyde Pinelands,SD-08- Bye,09/05/26,Sat,15:45,Clyde Pinelands,Ringwood Drive A,0,0,,Y,,
43206500,CTTLFA 2026,C1 - Second Division,,,SD-06- De Beers,SD-02- Barmsley Spurs,09/05/26,Sat,15:45,De Beers,Somerset West A,2,5,,Y,,
43206501,CTTLFA 2026,C1 - Second Division,,,SD-09- Goodwood United,SD-15- Young Bafana,09/05/26,Sat,15:45,Goodwood,Hamilton Road A,1,2,,Y,,
43206503,CTTLFA 2026,C1 - Second Division,,,SD-12- Queens Park,SD-07- FC Kapstadt,09/05/26,Sat,15:45,Queens Park,10 Dongel Road Milnerton,0,3,,Y,,
43206504,CTTLFA 2026,C1 - Second Division,,,SD-13- Varsity College,SD-03- Camps Bay,09/05/26,Sat,15:45,Avenue De Mist,Ave De Mist - A,2,4,,Y,,
43206506,CTTLFA 2026,C1 - Second Division,,,SD-16- YSD Macassar,SD-14- West End United,09/05/26,Sat,15:45,YSD Macassar,YSD Macassar A,0,0,,Y,,
43575212,CTTLFA 2026,D1 - 3rd Division,,,D1-06- Green Point Salesians,D1-02- Bothasig,09/05/26,Sat,18:00,Green Point,Green Point A,1,1,,Y,,
43256451,CTTLFA 2026,C2 - Second Reserve,,,SR-10- Hellenic,SR-16- YSD Macassar,10/05/26,Sun,14:00,Hellenic,Tygerhof Sports Complex A,3,0,,Y,,
43256453,CTTLFA 2026,C2 - Second Reserve,,,SR-12- Queens Park,SR-02- Barmsley Spurs,10/05/26,Sun,14:00,Queens Park,10 Dongel Road Milnerton,6,0,,Y,,
43206515,CTTLFA 2026,C1 - Second Division,,,SD-12- Queens Park,SD-02- Barmsley Spurs,10/05/26,Sun,15:45,Queens Park,10 Dongel Road Milnerton,0,3,,Y,,
43317277,CTTLFA 2026,H2 - Womens First Division,,,H2-10- UCT B,H2-11- Magic Ladies B,13/05/26,Wed,19:00,U C T,U C T,1,5,,Y,,
43317273,CTTLFA 2026,H2 - Womens First Division,,,H2-12- Hanover Park,H2-01- Badgers B.,13/05/26,Wed,19:00,Hanover Park,Hanover Park A,1,0,,Y,,
43806436,CTTLFA 2026,G1 - Vets 045 A,,,G1-01- De Beers,G1-10- Holy Cross,13/05/26,Wed,20:00,De Beers,Somerset West A,0,4,,Y,,
43575690,CTTLFA 2026,F2 - Vets 040 B,,,F2-05- Green Point Salesians,F2-02- Bothasig,14/05/26,Thu,20:15,Green Point,Green Point A,3,1,,Y,,
43575687,CTTLFA 2026,F2 - Vets 040 B,,,F2-08- Kensington,F2-01- Avendale Athletico,15/05/26,Fri,19:00,Kensington,14 Avenue A,2,5,,Y,,
43575686,CTTLFA 2026,F2 - Vets 040 B,,,F2-12- Sunningdale City B,F2-06- Kuilsriver,15/05/26,Fri,19:00,Sunningdale City,Sunningdale B,5,4,,Y,,
43256364,CTTLFA 2026,B2 - First Reserve,,,FR-08- Meadowridge,FR-07- Kuilsriver,15/05/26,Fri,19:00,Meadowridge,Meadowridge A,1,1,,Y,,
43575087,CTTLFA 2026,G6 - Vets O50 C,,,G6-11- Bye,G6-05- Table View,15/05/26,Fri,19:00,Bye,#1,0,0,,Y,,
43806564,CTTLFA 2026,H1 - Womens Premier League,,,H1-02- Bellville City,H1-05- FN Rangers,15/05/26,Fri,19:00,Bellville City,PP Smit Stadium C,1,6,,Y,,
43806566,CTTLFA 2026,H1 - Womens Premier League,,,H1-09- Northpine United,H1-03- Clyde Pinelands,15/05/26,Fri,19:00,Northpine United,Central Park A,1,1,,Y,,
43317283,CTTLFA 2026,H2 - Womens First Division,,,H2-03- Green Point Salesians B,H2-12- Hanover Park,15/05/26,Fri,19:00,Green Point,Green Point A,0,1,,Y,,
43317279,CTTLFA 2026,H2 - Womens First Division,,,H2-07- Norway Parks,H2-04- Kensington,15/05/26,Fri,19:00,Norway Parks,Royal Road A,1,1,,Y,,
43575815,CTTLFA 2026,E2- Vets 035 B,,,E2-01- Bellville City,E2-08- Everton United,15/05/26,Fri,19:30,Bellville City,PP Smit Stadium C,5,1,,Y,,
43262452,CTTLFA 2026,F1 - Vets 040 A,,,F1-09- Sunningdale City,F1-10- C.R. Vasco Da Gama,15/05/26,Fri,19:30,Sunningdale City,Sunningdale A,1,4,,Y,,
43262910,CTTLFA 2026,G4 - Vets 050 A,,,G4-08- Tramway,G4-05- Holy Cross,15/05/26,Fri,19:30,Tramway,Groenewald Park A,3,2,,Y,,
43262761,CTTLFA 2026,G5 - Vets 050 B,,,G5-03- Durbanville,G5-02- Bye.,15/05/26,Fri,19:30,Durbanville,Klazinga Park A,0,0,,Y,,
43317280,CTTLFA 2026,H2 - Womens First Division,,,H2-02- Bothasig,H2-09- Stephanian Ottery,15/05/26,Fri,19:30,Bothasig,Abe Sher A,10,0,,Y,,
43806363,CTTLFA 2026,G1 - Vets 045 A,,,G1-12- Table View,G1-02-Edgemead G/W,15/05/26,Fri,20:00,Table View,Table View A,4,0,,Y,,
43575221,CTTLFA 2026,D3 - 5th Division,,,D3-07- Northpine United,D3-10- C.R. Vasco Da Gama,15/05/26,Fri,20:30,Northpine United,Central Park A,4,0,,Y,,
43575557,CTTLFA 2026,D4 - 6th Division,,,D4-10- Sunningdale City,D4-06- Bye,15/05/26,Fri,20:30,Sunningdale City,Sunningdale B,0,0,,Y,,
43575928,CTTLFA 2026,E1- Vets 035,,,E1-07- Kensington,E1-11- C.R. Vasco Da Gama,15/05/26,Fri,20:30,Kensington,14 Avenue A,1,2,,Y,,
43575817,CTTLFA 2026,E2- Vets 035 B,,,E2-03- Green Point Salesians,E2-10- Wynberg St Johns,15/05/26,Fri,20:30,Green Point,Green Point A,5,1,,Y,,
43262447,CTTLFA 2026,F1 - Vets 040 A,,,F1-01- Bellville City,F1-05- Hanover Park,15/05/26,Fri,20:30,Bellville City,PP Smit Stadium C,1,4,,Y,,
42990282,CTTLFA 2026,B1 - First Division,,,FD-08- Meadowridge,FD-07- Kuilsriver,15/05/26,Fri,20:30,Meadowridge,Meadowridge A,0,1,,Y,,
43890456,CTTLFA 2026,,U/12 Premier One Knockout 2026,,O1-05- FN Rangers,O1-11- Table View,16/05/26,Sat,08:15,FN Rangers,FNB Stadium A,9,1,,Y,,
43890455,CTTLFA 2026,,U/12 Premier One Knockout 2026,,O1-06- Hanover Park,O1-03- De Beers,16/05/26,Sat,08:15,Hanover Park,Hanover Park A,0,3,,Y,,
43890453,CTTLFA 2026,,U/12 Premier One Knockout 2026,,O1-09- Norway Parks,O1-01- Camps Bay,16/05/26,Sat,08:15,Norway Parks,Royal Road A,2,0,,Y,,
43890418,CTTLFA 2026,,U/12 Premier Two Knockout 2026,,O2-01- Clyde Pinelands,O2-11- Sunningdale City,16/05/26,Sat,08:15,Clyde Pinelands,Ringwood Drive A,0,7,,Y,,
43890417,CTTLFA 2026,,U/12 Premier Two Knockout 2026,,O2-04- Fish Hoek,O2-02- Durbanville,16/05/26,Sat,08:15,Fish Hoek,Fish Hoek A,1,1,,Y,,
43890419,CTTLFA 2026,,U/12 Premier Two Knockout 2026,,O2-06- Kuilsriver,O2-03- Edgemead G/W,16/05/26,Sat,08:15,Serepta Sports Ground,Serepta Sports Ground A,2,7,,Y,,
43890420,CTTLFA 2026,,U/12 Premier Two Knockout 2026,,O2-08- Saxon Rovers,O2-12- Young Bafana,16/05/26,Sat,08:15,Saxon Rovers,Maitland A,2,2,,Y,,
43890411,CTTLFA 2026,,U/12 Premier Three B Knockout 2026,,O3-03- Bothasig,O3-13- West End United,16/05/26,Sat,08:15,Bothasig,Abe Sher A,3,0,Home Walkover,Y,,
43890413,CTTLFA 2026,,U/12 Premier Three B Knockout 2026,,O3-06- Goodwood United,O3-09- Holy Cross,16/05/26,Sat,08:15,Goodwood,Hamilton Road A,2,2,,Y,,
43890415,CTTLFA 2026,,U/12 Premier Three Knockout 2026,,O3-07- Grass Boots,O3-01- Avendale Athletico,16/05/26,Sat,08:15,Grass Boots,"Van Riebeeck Park, Sidmouth Road A",5,1,,Y,,
43890414,CTTLFA 2026,,U/12 Premier Three Knockout 2026,,O3-08- Green Point Salesians,O3-11- Ruyterwacht,16/05/26,Sat,08:15,Green Point,Green Point A,3,1,,Y,,
43890412,CTTLFA 2026,,U/12 Premier Three B Knockout 2026,,O3-14- YSD Macassar,O3-15- Mutual FC,16/05/26,Sat,08:15,YSD Macassar,YSD Macassar A,8,0,,Y,,
43890405,CTTLFA 2026,,U/12 Division Four Knockout 2026,,O4-01- Camps Bay B.,O4-02- Cape Town Spurs B,16/05/26,Sat,08:15,Camps Bay,"Symmonds Field, Camps Bay Drive",0,3,,Y,,
43890406,CTTLFA 2026,,U/12 Division Four Knockout 2026,,O4-05- Northpine United B,O4-04- FN Rangers B,16/05/26,Sat,08:15,Northpine United,Central Park A,1,4,,Y,,
43890407,CTTLFA 2026,,U/12 Division Four Knockout 2026,,O4-08- Saxon Rovers B,O4-10- CR Vasco Da Gama B,16/05/26,Sat,08:15,Saxon Rovers,Maitland B,3,4,,Y,,
43890401,CTTLFA 2026,,U/12 Division Five Knockout 2026,,O5-02- Bothasig B,O5-09- Meadowridge B.,16/05/26,Sat,08:15,Bothasig,Abe Sher D,7,3,,Y,,
43890400,CTTLFA 2026,,U/12 Division Five Knockout 2026,,O5-10- Stephanian Ottery B,O5-03- Clyde Pinelands B,16/05/26,Sat,08:15,Stephanian Ottery,Stephanian Ottery A,10,0,,Y,,
43890402,CTTLFA 2026,,U/12 Division Five Knockout 2026,,O5-11- Sunningdale City B,O5-01- Bellville City B.,16/05/26,Sat,08:15,Sunningdale City,Sunningdale A,8,0,,Y,,
43890394,CTTLFA 2026,,U/12 Girls Premier Knockout 2026,,O7-05- Meadowridge A,O7-02- Bothasig,16/05/26,Sat,08:15,Meadowridge,Meadowridge A,12,0,,Y,,
43890395,CTTLFA 2026,,U/12 Girls Premier Knockout 2026,,O7-06- Meadowridge B,O7-03- Fish Hoek.,16/05/26,Sat,08:15,Meadowridge,Meadowridge B,0,0,,Y,,
43890393,CTTLFA 2026,,U/12 Girls Premier Knockout 2026,,O7-08- Wynberg St Johns,O7-04- Bye,16/05/26,Sat,08:15,Wynberg st Johns,Wynberg C,3,0,,Y,,
43890382,CTTLFA 2026,,U/12 Division Seven Knockout 2026,,O8-10- Garlandale B,O8-08- Wynberg St Johns C,16/05/26,Sat,08:15,Garlandale,Garlandale A,1,4,,Y,,
43890416,CTTLFA 2026,,U/12 Premier Three Knockout 2026,,O3-04- Chelsea Bridgetown,O3-16- Garlandale,16/05/26,Sat,08:30,Chelsea,Hickory Road A,4,1,,Y,,
43806063,CTTLFA 2026,O8- Under 12 Division Seven,,,O8-05- Norway Parks C,O8-02- Durbanville C,16/05/26,Sat,09:00,Norway Parks,Royal Road C,5,1,,Y,,
43806851,CTTLFA 2026,K7 - Under 16 Girls Premier One,,,K7-06- Fish Hoek,K7-02- Bellville City,16/05/26,Sat,09:30,Fish Hoek,Fish Hoek C,1,0,,Y,,
43890501,CTTLFA 2026,,U/14 Premier One Knockout 2026,,M1-01- Camps Bay,M1-10- Rygersdal,16/05/26,Sat,09:30,Camps Bay,Camps Bay A,2,5,,Y,,
43890499,CTTLFA 2026,,U/14 Premier One Knockout 2026,,M1-02- Cape Town Spurs,M1-13- Wynberg St Johns,16/05/26,Sat,09:30,Cape Town Spurs,Ikamva A,3,1,,Y,,
43890498,CTTLFA 2026,,U/14 Premier One Knockout 2026,,M1-04- FC Kapstadt,M1-11- Table View,16/05/26,Sat,09:30,FC Kapstadt,Hartleyvale D,1,1,,Y,,
43890502,CTTLFA 2026,,U/14 Premier One Knockout 2026,,M1-06- Hanover Park,M1-03- De Beers,16/05/26,Sat,09:30,Hanover Park,Hanover Park A,6,1,,Y,,
43890500,CTTLFA 2026,,U/14 Premier One Knockout 2026,,M1-09- Norway Parks,M1-05- FN Rangers,16/05/26,Sat,09:30,Norway Parks,Royal Road A,1,1,,Y,,
43890493,CTTLFA 2026,,U/14 Premier Two Knockout 2026,,M2-02- Durbanville,M2-07- Meadowridge,16/05/26,Sat,09:30,Durbanville,Klazinga Park A,2,1,,Y,,
43890494,CTTLFA 2026,,U/14 Premier Two Knockout 2026,,M2-05- Kensington,M2-09- Shosholoza,16/05/26,Sat,09:30,Kensington,14 Avenue A,2,1,,Y,,
43890492,CTTLFA 2026,,U/14 Premier Two Knockout 2026,,M2-06- Kuilsriver,M2-01- Clyde Pinelands,16/05/26,Sat,09:30,Serepta Sports Ground,Serepta Sports Ground A,3,1,,Y,,
43890495,CTTLFA 2026,,U/14 Premier Two Knockout 2026,,M2-12- Young Bafana,M2-04- Fish Hoek,16/05/26,Sat,09:30,Young Bafana,YB Arena A,6,1,,Y,,
43890491,CTTLFA 2026,,U/14 Premier Three Knockout 2026,,M3-01- Avendale Athletico,M3-04- Chelsea Bridgetown,16/05/26,Sat,09:30,Avendale Athletico,Field Crescent A,1,4,,Y,,
43890486,CTTLFA 2026,,U/14 Premier Three B Knockout 2026,,M3-03- Bothasig,M3-14- YSD Macassar,16/05/26,Sat,09:30,Bothasig,Abe Sher A,4,4,,Y,,
43890488,CTTLFA 2026,,U/14 Premier Three B Knockout 2026,,M3-05- Garden Village,M3-06- Goodwood United,16/05/26,Sat,09:30,Garden Village,Alexander Road,2,8,,Y,,
43890489,CTTLFA 2026,,U/14 Premier Three Knockout 2026,,M3-07- Grass Boots,M3-11- Ruyterwacht,16/05/26,Sat,09:30,Grass Boots,"Van Riebeeck Park, Sidmouth Road A",1,2,,Y,,
43890487,CTTLFA 2026,,U/14 Premier Three B Knockout 2026,,M3-09- Holy Cross,M3-13- West End United,16/05/26,Sat,09:30,Holy Cross,Holy Cross School A,3,0,Home Walkover,Y,,
43890490,CTTLFA 2026,,U/14 Premier Three Knockout 2026,,M3-17- Queens Park,M3-16- Garlandale,16/05/26,Sat,09:30,Queens Park,10 Dongel Road Milnerton,3,1,,Y,,
43890482,CTTLFA 2026,,U/14 Division Four Knockout 2026,,M4-03- De Beers B.,M4-01- Camps Bay B.,16/05/26,Sat,09:30,De Beers,Somerset West A,6,1,,Y,,
43890480,CTTLFA 2026,,U/14 Division Four Knockout 2026,,M4-04- FN Rangers B,M4-09- Table View B,16/05/26,Sat,09:30,FN Rangers,FNB Stadium B,3,1,,Y,,
43890476,CTTLFA 2026,,U/14 Division Five Knockout 2026,,M5-07- Goodwood United B,M5-11- Sunningdale City B,16/05/26,Sat,09:30,Goodwood,Hamilton Road B,0,4,,Y,,
43890475,CTTLFA 2026,,U/14 Division Five Knockout 2026,,M5-09- Meadowridge B.,M5-06- Fish Hoek B.,16/05/26,Sat,09:30,Meadowridge,Meadowridge B,4,1,,Y,,
43890477,CTTLFA 2026,,U/14 Division Five Knockout 2026,,M5-10- Stephanian Ottery B,M5-02- Bothasig B,16/05/26,Sat,09:30,Stephanian Ottery,Stephanian Ottery A,0,5,,Y,,
43890471,CTTLFA 2026,,U/14 Division Six Knockout 2026,,M6-09- JMI,M6-01- Shosholoza B,16/05/26,Sat,09:30,Norway Parks,Royal Road E,3,0,Home Walkover,Y,,
43890467,CTTLFA 2026,,U/14 Division Seven Knockout 2026,,M7-06- Sunningdale City C.,M7-05- Rygersdal C,16/05/26,Sat,09:30,Sunningdale City,Sunningdale A,1,5,,Y,,
43890464,CTTLFA 2026,,U/14 Girls Premier Knockout 2026,,M8-04- Fish Hoek,M8-01- Bellville City,16/05/26,Sat,09:30,Fish Hoek,Fish Hoek A,6,0,,Y,,
43574569,CTTLFA 2026,M8 - Under 14 Girls Premier One,,,M8-09- Stephanian Ottery,M8-05- Meadowridge,16/05/26,Sat,09:30,Stephanian Ottery,Stephanian Ottery B,2,3,,Y,,
43890463,CTTLFA 2026,,U/14 Girls Premier Knockout 2026,,M8-12- Hout Bay,M8-07- Rygersdal,16/05/26,Sat,09:30,Chukker Sports Complex,#1,4,3,,Y,,
43890459,CTTLFA 2026,,U/14 Division Eight Knockout 2026,,M9-06- Northpine United D,M9-07- Bye,16/05/26,Sat,09:30,Northpine United,Central Park B,3,0,,Y,,
43890454,CTTLFA 2026,,U/12 Premier One Knockout 2026,,O1-02- Cape Town Spurs,O1-10- Rygersdal,16/05/26,Sat,09:30,Cape Town Spurs,Ikamva C,1,3,,Y,,
43256961,CTTLFA 2026,O1 - Under 12 Premier One,,,O1-12- CR Vasco Da Gama,O1-08- Northpine United,16/05/26,Sat,09:30,Vasco da Gama,Da Gama Park B,4,1,,Y,,
43890410,CTTLFA 2026,,U/12 Premier Three B Knockout 2026,,O3-02- Bellville City,O3-05- Garden Village,16/05/26,Sat,09:30,Bellville City,PP Smit Stadium B,3,0,Home Walkover,Y,,
43890392,CTTLFA 2026,,U/12 Girls Premier Knockout 2026,,O7-01- Bellville City,O7-09- Hout Bay,16/05/26,Sat,09:30,Bellville City,PP Smit Stadium C,3,0,Home Walkover,Y,,
43890381,CTTLFA 2026,,U/12 Division Seven Knockout 2026,,O8-04- Meadowridge D,O8-09- Lansdowne,16/05/26,Sat,09:30,Meadowridge,Meadowridge A,1,3,,Y,,
43890513,CTTLFA 2026,,U/16 Girls Premier Knockout 2026,,K7-01- Badgers,K7-08- Meadowridge,16/05/26,Sat,10:00,Badgers FC,Oranjezicht A,0,4,,Y,,
43890556,CTTLFA 2026,,U/16 Premier Three Knockout 2026,,K3-04- Chelsea Bridgetown,K3-01- Avendale Athletico,16/05/26,Sat,10:30,Chelsea,Hickory Road A,5,0,,Y,,
43890567,CTTLFA 2026,,U/16 Premier One Knockout 2026,,K1-04- FC Kapstadt,K1-01- Camps Bay,16/05/26,Sat,10:50,FC Kapstadt,Hartleyvale D,2,3,,Y,,
43890565,CTTLFA 2026,,U/16 Premier One Knockout 2026,,K1-08- Northpine United,K1-07- Hellenic,16/05/26,Sat,10:50,Northpine United,Central Park A,0,2,,Y,,
43890568,CTTLFA 2026,,U/16 Premier One Knockout 2026,,K1-09- Norway Parks,K1-03- De Beers,16/05/26,Sat,10:50,Norway Parks,Royal Road A,1,1,,Y,,
43890564,CTTLFA 2026,,U/16 Premier One Knockout 2026,,K1-11- Table View,K1-12- CR Vasco Da Gama,16/05/26,Sat,10:50,Table View,Table View A,1,1,,Y,,
43890559,CTTLFA 2026,,U/16 Premier Two Knockout 2026,,K2-04- Fish Hoek,K2-03- Edgemead G/W,16/05/26,Sat,10:50,Fish Hoek,Fish Hoek A,0,2,,Y,,
43890560,CTTLFA 2026,,U/16 Premier Two Knockout 2026,,K2-05- Kensington,K2-07- Meadowridge,16/05/26,Sat,10:50,Kensington,14 Avenue A,1,5,,Y,,
43890561,CTTLFA 2026,,U/16 Premier Two Knockout 2026,,K2-06- Kuilsriver,K2-02- Durbanville,16/05/26,Sat,10:50,Serepta Sports Ground,Serepta Sports Ground A,0,5,,Y,,
43890562,CTTLFA 2026,,U/16 Premier Two Knockout 2026,,K2-11- Sunningdale City,K2-12- Young Bafana,16/05/26,Sat,10:50,Sunningdale City,Sunningdale A,4,2,,Y,,
43890553,CTTLFA 2026,,U/16 Premier Three B Knockout 2026,,K3-03- Bothasig,K3-09- Holy Cross,16/05/26,Sat,10:50,Bothasig,Abe Sher A,1,4,,Y,,
43890555,CTTLFA 2026,,U/16 Premier Three B Knockout 2026,,K3-05- Garden Village,K3-13- West End United,16/05/26,Sat,10:50,Garden Village,Alexander Road,2,5,,Y,,
43890554,CTTLFA 2026,,U/16 Premier Three B Knockout 2026,,K3-06- Goodwood United,K3-14- YSD Macassar,16/05/26,Sat,10:50,Goodwood,Hamilton Road A,2,3,,Y,,
43890557,CTTLFA 2026,,U/16 Premier Three Knockout 2026,,K3-08- Green Point Salesians,K3-07- Grass Boots,16/05/26,Sat,10:50,Green Point,Green Point A,5,2,,Y,,
43890558,CTTLFA 2026,,U/16 Premier Three Knockout 2026,,K3-11- Ruyterwacht,K3-16- Garlandale,16/05/26,Sat,10:50,Ruyterwacht,Stan Abbott,7,1,,Y,,
43890532,CTTLFA 2026,,U/16 Division Four Knockout 2026,,K4-03- De Beers B.,K4-01- Bye,16/05/26,Sat,10:50,De Beers,Somerset West A,3,0,,Y,,
43890534,CTTLFA 2026,,U/16 Division Four Knockout 2026,,K4-06- Norway Parks B,K4-04- FN Rangers B,16/05/26,Sat,10:50,Norway Parks,Royal Road B,2,3,,Y,,
43890533,CTTLFA 2026,,U/16 Division Four Knockout 2026,,K4-09- Table View B.,K4-05- Northpine United B,16/05/26,Sat,10:50,Table View,Table View B,1,0,,Y,,
43890527,CTTLFA 2026,,U/16 Division Five Knockout 2026,,K5-03- Clyde Pinelands B,K5-07- Goodwood United B,16/05/26,Sat,10:50,Clyde Pinelands,Ringwood Drive A,4,1,,Y,,
43890529,CTTLFA 2026,,U/16 Division Five Knockout 2026,,K5-05- Edgemead G/W B.,K5-08- Kuilsriver B.,16/05/26,Sat,10:50,Edgemead G/W,Edgemead C,1,1,,Y,,
43890528,CTTLFA 2026,,U/16 Division Five Knockout 2026,,K5-06- Fish Hoek B.,K5-09- Meadowridge B.,16/05/26,Sat,10:50,Fish Hoek,Fish Hoek B,3,0,,Y,,
43890524,CTTLFA 2026,,U/16 Division Six Knockout 2026,,K6-02- Bothasig C,K6-10- Shosholoza B,16/05/26,Sat,10:50,Bothasig,Abe Sher D,3,7,,Y,,
43890523,CTTLFA 2026,,U/16 Division Six Knockout 2026,,K6-09- Table View C,K6-06- Meadowridge C,16/05/26,Sat,10:50,Table View,Table View C,1,6,,Y,,
43890510,CTTLFA 2026,,U/16 Girls Premier Knockout 2026,,K7-04- Camps Bay,K7-03- Bothasig,16/05/26,Sat,10:50,Camps Bay,Camps Bay A,9,0,,Y,,
43890509,CTTLFA 2026,,U/16 Girls Premier Knockout 2026,,K7-11- Bye.,K7-05- Clyde Pinelands,16/05/26,Sat,10:50,Bye,#1,0,3,,Y,,
43890512,CTTLFA 2026,,U/16 Girls Premier Knockout 2026,,K7-14- Nova Generation,K7-13- Wynberg St Johns,16/05/26,Sat,10:50,Nova Generations,Generations Sandown Institute,1,1,,Y,,
43890511,CTTLFA 2026,,U/16 Girls Premier Knockout 2026,,K7-15- Norway Parks,K7-09- Bye.,16/05/26,Sat,10:50,Norway Parks,Royal Road C,3,0,,Y,,
43890506,CTTLFA 2026,,U/16 Division Seven Knockout 2026,,K8-01- Bothasig D,K8-07- Rygersdal C,16/05/26,Sat,10:50,Bothasig,Abe Sher C,2,3,,Y,,
43890505,CTTLFA 2026,,U/16 Division Seven Knockout 2026,,K8-05- Meadowridge D,K8-09- YMO FC,16/05/26,Sat,10:50,Meadowridge,Meadowridge A,2,4,,Y,,
43256805,CTTLFA 2026,M1 - Under 14 Premier One,,,M1-12- CR Vasco Da Gama,M1-08- Northpine United,16/05/26,Sat,10:50,Vasco da Gama,Da Gama Park B,3,2,,Y,,
43890481,CTTLFA 2026,,U/14 Division Four Knockout 2026,,M4-02- Cape Town Spurs B,M4-06- Norway Parks B,16/05/26,Sat,10:50,Cape Town Spurs,Ikamva A,1,1,,Y,,
43331088,CTTLFA 2026,O6 - Under 12 Division Six,,,O6-07- Meadowridge C,O6-04- FC Kapstadt B,16/05/26,Sat,10:50,Meadowridge,Meadowridge B,0,14,,Y,,
43317282,CTTLFA 2026,H2 - Womens First Division,,,H2-01- Badgers B.,H2-06- Meadowridge,16/05/26,Sat,12:00,Badgers FC,Oranjezicht A,3,0,,Y,,
43890578,CTTLFA 2026,,U/18 Premier Three B Knockout 2026,,I3-09- Holy Cross,I3-05- Garden Village,16/05/26,Sat,12:00,Holy Cross,Holy Cross School A,1,2,,Y,,
43890601,CTTLFA 2026,,U/18 Premier One Knockout 2026,,I1-01- Camps Bay,I1-08- Northpine United,16/05/26,Sat,12:30,Camps Bay,Camps Bay A,2,3,,Y,,
43890604,CTTLFA 2026,,U/18 Premier One Knockout 2026,,I1-03- De Beers,I1-12- CR Vasco Da Gama,16/05/26,Sat,12:30,De Beers,Somerset West A,1,4,,Y,,
43890602,CTTLFA 2026,,U/18 Premier One Knockout 2026,,I1-04- FC Kapstadt,I1-10- Rygersdal,16/05/26,Sat,12:30,FC Kapstadt,Hartleyvale D,2,0,,Y,,
43890605,CTTLFA 2026,,U/18 Premier One Knockout 2026,,I1-06- Hanover Park,I1-02- Cape Town Spurs,16/05/26,Sat,12:30,Hanover Park,Hanover Park A,0,3,,Y,,
43890603,CTTLFA 2026,,U/18 Premier One Knockout 2026,,I1-09- Norway Parks,I1-13- Wynberg St Johns,16/05/26,Sat,12:30,Norway Parks,Royal Road A,0,0,,Y,,
43890587,CTTLFA 2026,,U/18 Premier Two Knockout 2026,,I2-06- Kuilsriver,I2-07- Meadowridge,16/05/26,Sat,12:30,Serepta Sports Ground,Serepta Sports Ground A,2,2,,Y,,
43890585,CTTLFA 2026,,U/18 Premier Two Knockout 2026,,I2-11- Sunningdale City,I2-08- Saxon Rovers,16/05/26,Sat,12:30,Sunningdale City,Sunningdale A,0,2,,Y,,
43890588,CTTLFA 2026,,U/18 Premier Two Knockout 2026,,I2-12- Young Bafana,I2-05- Kensington,16/05/26,Sat,12:30,Young Bafana,YB Arena A,1,3,,Y,,
43890583,CTTLFA 2026,,U/18 Premier Three Knockout 2026,,I3-01- Avendale Athletico,I3-17- Queens Park,16/05/26,Sat,12:30,Avendale Athletico,Field Crescent A,1,4,,Y,,
43890579,CTTLFA 2026,,U/18 Premier Three B Knockout 2026,,I3-02- Bellville City,I3-15- Mutual FC,16/05/26,Sat,12:30,Bellville City,PP Smit Stadium A,1,2,,Y,,
43890581,CTTLFA 2026,,U/18 Premier Three B Knockout 2026,,I3-03- Bothasig,I3-13- West End United,16/05/26,Sat,12:30,Bothasig,Abe Sher A,0,0,,Y,,
43890584,CTTLFA 2026,,U/18 Premier Three Knockout 2026,,I3-08- Green Point Salesians,I3-07- Grass Boots,16/05/26,Sat,12:30,Green Point,Green Point A,6,1,,Y,,
43890580,CTTLFA 2026,,U/18 Premier Three B Knockout 2026,,I3-14- YSD Macassar,I3-06- Goodwood United,16/05/26,Sat,12:30,YSD Macassar,YSD Macassar A,4,2,,Y,,
43890582,CTTLFA 2026,,U/18 Premier Three Knockout 2026,,I3-16- Garlandale,I3-11- Ruyterwacht,16/05/26,Sat,12:30,Garlandale,Garlandale A,1,5,,Y,,
43890574,CTTLFA 2026,,U/18 Division Four Knockout 2026,,I4-06- Rygersdal B.,I4-07- Saxon Rovers B,16/05/26,Sat,12:30,Rygersdal,Zwaanswyk High School,1,3,,Y,,
43890575,CTTLFA 2026,,U/18 Division Four Knockout 2026,,I4-09- CR Vasco Da Gama B,I4-08- Table View B,16/05/26,Sat,12:30,Vasco da Gama,Da Gama Park B,6,1,,Y,,
43890570,CTTLFA 2026,,U/18 Division Five Knockout 2026,,I5-05- Fish Hoek B.,I5-04- Edgemead G/W B.,16/05/26,Sat,12:30,Fish Hoek,Fish Hoek A,1,0,,Y,,
43890571,CTTLFA 2026,,U/18 Division Five Knockout 2026,,I5-10- Bellville City B,I5-01- Bothasig C,16/05/26,Sat,12:30,Bellville City,PP Smit Stadium B,1,1,,Y,,
43890522,CTTLFA 2026,,U/16 Division Six Knockout 2026,,K6-01- Bye.,K6-07- Ruyterwacht B,16/05/26,Sat,12:30,Chelsea,Hickory Road A,0,3,,Y,,
43890504,CTTLFA 2026,,U/16 Division Seven Knockout 2026,,K8-04- Fish Hoek C.,K8-08- Table View D,16/05/26,Sat,12:30,Fish Hoek,Fish Hoek B,5,2,,Y,,
43575224,CTTLFA 2026,D1 - 3rd Division,,,D1-08- Table View,D1-05- Garden Village,16/05/26,Sat,14:00,Table View,Table View A,2,1,,Y,,
43575426,CTTLFA 2026,D2 - 4th Division,,,D2-02- Bothasig,D2-10- Wynberg St Johns,16/05/26,Sat,14:00,Bothasig,Abe Sher B,2,2,,Y,,
43575422,CTTLFA 2026,D2 - 4th Division,,,D2-05- Norway Parks,D2-06- Ruyterwacht,16/05/26,Sat,14:00,Norway Parks,Royal Road D,0,2,,Y,,
43575424,CTTLFA 2026,D2 - 4th Division,,,D2-08- Table View,D2-07- Rygersdal,16/05/26,Sat,14:00,Table View,Table View B,0,7,,Y,,
43575423,CTTLFA 2026,D2 - 4th Division,,,D2-11- Shosholoza FC,D2-04- Fish Hoek,16/05/26,Sat,14:00,Pelican Heights Sports Ground,Pelican A,0,2,,Y,,
43575425,CTTLFA 2026,D2 - 4th Division,,,D2-12- Kensington,D2-03- Edgemead G/W,16/05/26,Sat,14:00,Kensington,14 Avenue B,0,2,,Y,,
43575223,CTTLFA 2026,D3 - 5th Division,,,D3-04- Edgemead G/W,D3-08- Table View,16/05/26,Sat,14:00,Edgemead G/W,Link Way Field,1,0,,Y,,
43575558,CTTLFA 2026,D4 - 6th Division,,,D4-02- Clyde Pinelands,D4-11- Edgemead G/W,16/05/26,Sat,14:00,Clyde Pinelands,Ringwood Drive B,1,2,,Y,,
43262453,CTTLFA 2026,F1 - Vets 040 A,,,F1-02- Edgemead G/W,F1-06- Norway Parks,16/05/26,Sat,14:00,Edgemead G/W,Edgemead C,1,0,,Y,,
43575688,CTTLFA 2026,F2 - Vets 040 B,,,F2-11- Saxon Rovers,F2-07- Bye,16/05/26,Sat,14:00,Saxon Rovers,Maitland F,0,0,,Y,,
43256285,CTTLFA 2026,B2 - First Reserve,,,FR-04- Garden Village,FR-06- Kensington,16/05/26,Sat,14:00,Garden Village,Alexander Road,1,5,,Y,,
43256286,CTTLFA 2026,B2 - First Reserve,,,FR-09- Northpine United,FR-01- Bellville City FC,16/05/26,Sat,14:00,Northpine United,Central Park A,0,3,,Y,,
43256287,CTTLFA 2026,B2 - First Reserve,,,FR-10- Ruyterwacht,FR-11- Stephanian Ottery,16/05/26,Sat,14:00,Ruyterwacht,Stan Abbott,0,0,,Y,,
43256288,CTTLFA 2026,B2 - First Reserve,,,FR-13- Tramway,FR-05- JMI,16/05/26,Sat,14:00,Tramway,Groenewald Park A,1,2,,Y,,
43806361,CTTLFA 2026,G1 - Vets 045 A,,,G1-05- Meadowridge,G1-11- Lansdowne,16/05/26,Sat,14:00,Meadowridge,Meadowridge A,1,4,,Y,,
43806354,CTTLFA 2026,G1 - Vets 045 A,,,G1-07- Tramway,G1-09- Garden Village,16/05/26,Sat,14:00,Tramway,Groenewald Park B,5,0,,Y,,
43806362,CTTLFA 2026,G1 - Vets 045 A,,,G1-13- Stephanian Ottery,G1-03- FN Rangers,16/05/26,Sat,14:00,Stephanian Ottery,Stephanian Ottery B,3,1,,Y,,
43262912,CTTLFA 2026,G4 - Vets 050 A,,,G4-02- Fish Hoek,G4-07- Stephanian Ottery,16/05/26,Sat,14:00,Fish Hoek,Fish Hoek B,2,2,,Y,,
43262909,CTTLFA 2026,G4 - Vets 050 A,,,G4-09- West End United A,G4-06- Rygersdal,16/05/26,Sat,14:00,West End United,West End Park B,2,1,,Y,,
43262763,CTTLFA 2026,G5 - Vets 050 B,,,G5-08- Lansdowne,G5-05- Everton United,16/05/26,Sat,14:00,Lansdowne,Chukker Road A,1,1,,Y,,
43262764,CTTLFA 2026,G5 - Vets 050 B,,,G5-09- Meadowridge,G5-06- Green Point Salesians,16/05/26,Sat,14:00,Meadowridge,Meadowridge B,0,0,,Y,,
43575086,CTTLFA 2026,G6 - Vets O50 C,,,G6-01- Avendale Athletico,G6-04- Stephanian Ottery B,16/05/26,Sat,14:00,Avendale Athletico,Field Crescent A,2,0,,Y,,
43575088,CTTLFA 2026,G6 - Vets O50 C,,,G6-06- Tramway B,G6-08- Wynberg St Johns,16/05/26,Sat,14:00,Tramway,Groenewald Park A,7,2,,Y,,
43575084,CTTLFA 2026,G6 - Vets O50 C,,,G6-10- Saxon Rovers,G6-09- YMO FC,16/05/26,Sat,14:00,Saxon Rovers,Maitland B,3,1,,Y,,
43806565,CTTLFA 2026,H1 - Womens Premier League,,,H1-01- Badgers,H1-04- Fish Hoek,16/05/26,Sat,14:00,Badgers FC,Oranjezicht A,3,0,,Y,,
43256097,CTTLFA 2026,A2 - Premier Reserve,,,PR-02- Edgemead G/W,PR-13- C.R. Vasco Da Gama,16/05/26,Sat,14:00,Edgemead G/W,Edgemead A,3,2,,Y,,
43256098,CTTLFA 2026,A2 - Premier Reserve,,,PR-03- Fish Hoek,PR-09- Rygersdal,16/05/26,Sat,14:00,Fish Hoek,Fish Hoek A,1,0,,Y,,
43256099,CTTLFA 2026,A2 - Premier Reserve,,,PR-04- FN Rangers,PR-06- Hanover Park,16/05/26,Sat,14:00,FN Rangers,FNB Stadium A,3,0,,Y,,
43256101,CTTLFA 2026,A2 - Premier Reserve,,,PR-08- Norway Parks,PR-11- Table View,16/05/26,Sat,14:00,Norway Parks,Royal Road A,2,4,,Y,,
43256102,CTTLFA 2026,A2 - Premier Reserve,,,PR-10- Saxon Rovers,PR-05- Green Point Salesians,16/05/26,Sat,14:00,Saxon Rovers,Maitland A,0,0,,Y,,
43256455,CTTLFA 2026,C2 - Second Reserve,,,SR-02- Barmsley Spurs,SR-03- Camps Bay,16/05/26,Sat,14:00,Chelsea,Hickory Road A,0,5,,Y,,
43256457,CTTLFA 2026,C2 - Second Reserve,,,SR-05- Clyde Pinelands,SR-06- De Beers,16/05/26,Sat,14:00,Clyde Pinelands,Ringwood Drive A,2,0,,Y,,
43256458,CTTLFA 2026,C2 - Second Reserve,,,SR-07- FC Kapstadt,SR-14- West End United,16/05/26,Sat,14:00,FC Kapstadt,Hartleyvale D,0,1,,Y,,
43256459,CTTLFA 2026,C2 - Second Reserve,,,SR-08- Bye,SR-09- Goodwood United,16/05/26,Sat,14:00,Garlandale,Garlandale A,0,0,,Y,,
43256456,CTTLFA 2026,C2 - Second Reserve,,,SR-12- Queens Park,SR-04- Chelsea Bridgetown,16/05/26,Sat,14:00,Queens Park,10 Dongel Road Milnerton,8,1,,Y,,
43256460,CTTLFA 2026,C2 - Second Reserve,,,SR-13- Varsity College,SR-10- Hellenic,16/05/26,Sat,14:00,Avenue De Mist,Ave De Mist - A,3,2,,Y,,
43256461,CTTLFA 2026,C2 - Second Reserve,,,SR-15- Young Bafana,SR-11- Mutual FC,16/05/26,Sat,14:00,Young Bafana,YB Arena A,3,0,,Y,,
43256462,CTTLFA 2026,C2 - Second Reserve,,,SR-16- YSD Macassar,SR-01- Avendale Athletico,16/05/26,Sat,14:00,YSD Macassar,YSD Macassar A,5,3,,Y,,
43575421,CTTLFA 2026,D2 - 4th Division,,,D2-01- Avendale Athletico,D2-09- C.R. Vasco Da Gama,16/05/26,Sat,15:30,Avendale Athletico,Field Crescent A,4,1,,Y,,
43575556,CTTLFA 2026,D4 - 6th Division,,,D4-08- Bothasig,D4-04- Holy Cross,16/05/26,Sat,15:30,Bothasig,Abe Sher A,3,6,,Y,,
43262450,CTTLFA 2026,F1 - Vets 040 A,,,F1-04- FN Rangers,F1-03- Fish Hoek,16/05/26,Sat,15:30,Saxon Rovers,Maitland B,17,0,,Y,,
43575228,CTTLFA 2026,D1 - 3rd Division,,,D1-02- Bothasig,D1-01- Bellville City FC,16/05/26,Sat,15:45,Bothasig,Abe Sher B,4,1,,Y,,
43575219,CTTLFA 2026,D1 - 3rd Division,,,D1-04- Edgemead G/W,D1-11- Shosholoza FC,16/05/26,Sat,15:45,Edgemead G/W,Edgemead C,3,0,,Y,,
43575225,CTTLFA 2026,D1 - 3rd Division,,,D1-09- C.R. Vasco Da Gama,D1-06- Green Point Salesians,16/05/26,Sat,15:45,Vasco da Gama,Da Gama Park B,4,2,,Y,,
43575226,CTTLFA 2026,D3 - 5th Division,,,D3-01- Bothasig,D3-06- Mutual FC,16/05/26,Sat,15:45,Bothasig,Abe Sher C,1,2,,Y,,
43575220,CTTLFA 2026,D3 - 5th Division,,,D3-02- Clyde Pinelands,D3-05-Bellville City,16/05/26,Sat,15:45,Clyde Pinelands,Ringwood Drive B,2,2,,Y,,
43575222,CTTLFA 2026,D3 - 5th Division,,,D3-11- Hanover Park,D3-09- Tramway,16/05/26,Sat,15:45,Hanover Park,Hanover Park B,0,2,,Y,,
43575559,CTTLFA 2026,D4 - 6th Division,,,D4-12- Lansdowne,D4-05- Kuilsriver,16/05/26,Sat,15:45,Lansdowne,Chukker Road A,0,1,,Y,,
43575925,CTTLFA 2026,E1- Vets 035,,,E1-05- Goodwood United,E1-01- Avendale Athletico,16/05/26,Sat,15:45,Goodwood,Hamilton Road B,0,0,,Y,,
43575927,CTTLFA 2026,E1- Vets 035,,,E1-06- Hanover Park,E1-02- Camps Bay,16/05/26,Sat,15:45,Hanover Park,Hanover Park A,3,1,,Y,,
43575929,CTTLFA 2026,E1- Vets 035,,,E1-08- Ruyterwacht,E1-03- Clyde Pinelands,16/05/26,Sat,15:45,Ruyterwacht,Stan Abbot B,3,0,Home Walkover,Y,,
43575926,CTTLFA 2026,E1- Vets 035,,,E1-09- Bye,E1-04-FN Rangers,16/05/26,Sat,15:45,Bye,#1,0,0,,Y,,
43575816,CTTLFA 2026,E2- Vets 035 B,,,E2-06- FN Rangers B,E2-12- Clyde Pinelands B,16/05/26,Sat,15:45,FN Rangers,FNB Stadium C,10,1,,Y,,
43575814,CTTLFA 2026,E2- Vets 035 B,,,E2-13- Cape Town Spurs,E2-07- Meadowridge,16/05/26,Sat,15:45,Cape Town Spurs,Ikamva A,0,3,Away Walkover,Y,,
43575691,CTTLFA 2026,F2 - Vets 040 B,,,F2-04- Goodwood United,F2-03- Garlandale,16/05/26,Sat,15:45,Goodwood,Hamilton Road B,12,2,,Y,,
42990206,CTTLFA 2026,B1 - First Division,,,FD-04- Garden Village,FD-06- Kensington,16/05/26,Sat,15:45,Garden Village,Alexander Road,2,3,,Y,,
42990204,CTTLFA 2026,B1 - First Division,,,FD-09- Northpine United,FD-01- Bellville City FC,16/05/26,Sat,15:45,Northpine United,Central Park A,1,1,,Y,,
42990205,CTTLFA 2026,B1 - First Division,,,FD-10- Ruyterwacht,FD-11- Stephanian Ottery,16/05/26,Sat,15:45,Ruyterwacht,Stan Abbott,1,1,,Y,,
42990202,CTTLFA 2026,B1 - First Division,,,FD-13- Tramway,FD-05- JMI,16/05/26,Sat,15:45,Tramway,Groenewald Park A,1,2,,Y,,
43262759,CTTLFA 2026,G5 - Vets 050 B,,,G5-10- West End United B,G5-07- Hanover Park B,16/05/26,Sat,15:45,West End United,West End Park B,1,4,,Y,,
42996912,CTTLFA 2026,A1 - Premier Division,,,PD-02- Edgemead G/W,PD-13- C.R. Vasco Da Gama,16/05/26,Sat,15:45,Edgemead G/W,Edgemead A,2,0,,Y,,
42996907,CTTLFA 2026,A1 - Premier Division,,,PD-03- Fish Hoek,PD-09- Rygersdal,16/05/26,Sat,15:45,Fish Hoek,Fish Hoek A,3,2,,Y,,
42996908,CTTLFA 2026,A1 - Premier Division,,,PD-04- FN Rangers,PD-06- Hanover Park,16/05/26,Sat,15:45,FN Rangers,FNB Stadium A,0,4,,Y,,
42996913,CTTLFA 2026,A1 - Premier Division,,,PD-08- Norway Parks,PD-11- Table View,16/05/26,Sat,15:45,Norway Parks,Royal Road A,0,0,,Y,,
42996910,CTTLFA 2026,A1 - Premier Division,,,PD-10- Saxon Rovers,PD-05- Green Point Salesians,16/05/26,Sat,15:45,Saxon Rovers,Maitland A,2,3,,Y,,
43206518,CTTLFA 2026,C1 - Second Division,,,SD-02- Barmsley Spurs,SD-03- Camps Bay,16/05/26,Sat,15:45,Chelsea,Hickory Road A,2,3,,Y,,
43206522,CTTLFA 2026,C1 - Second Division,,,SD-05- Clyde Pinelands,SD-06- De Beers,16/05/26,Sat,15:45,Clyde Pinelands,Ringwood Drive A,2,0,,Y,,
43206519,CTTLFA 2026,C1 - Second Division,,,SD-07- FC Kapstadt,SD-14- West End United,16/05/26,Sat,15:45,FC Kapstadt,Hartleyvale D,4,1,,Y,,
43206516,CTTLFA 2026,C1 - Second Division,,,SD-08- Bye,SD-09- Goodwood United,16/05/26,Sat,15:45,Garlandale,Garlandale A,0,0,,Y,,
43206521,CTTLFA 2026,C1 - Second Division,,,SD-12- Queens Park,SD-04- Chelsea Bridgetown,16/05/26,Sat,15:45,Queens Park,10 Dongel Road Milnerton,2,0,,Y,,
43206523,CTTLFA 2026,C1 - Second Division,,,SD-13- Varsity College,SD-10- Hellenic,16/05/26,Sat,15:45,Avenue De Mist,Ave De Mist - A,7,2,,Y,,
43206520,CTTLFA 2026,C1 - Second Division,,,SD-15- Young Bafana,SD-11- Mutual FC,16/05/26,Sat,15:45,Young Bafana,YB Arena A,4,3,,Y,,
43206517,CTTLFA 2026,C1 - Second Division,,,SD-16- YSD Macassar,SD-01- Avendale Athletico,16/05/26,Sat,15:45,YSD Macassar,YSD Macassar A,1,2,,Y,,
43257376,CTTLFA 2026,O2 - Under 12 Premier Two,,,O2-12- Young Bafana,O2-09- Shosholoza,17/05/26,Sun,08:15,Young Bafana,YB Arena A,13,0,,Y,,
43274287,CTTLFA 2026,O4 - Under 12 Division Four,,,O4-01- Camps Bay B.,O4-07- Rygersdal B,17/05/26,Sun,08:15,Camps Bay,Maidens Cove,0,6,,Y,,
43257244,CTTLFA 2026,M2 - Under 14 Premier Two,,,M2-12- Young Bafana,M2-09- Shosholoza,17/05/26,Sun,09:30,Young Bafana,YB Arena A,5,0,,Y,,
43279154,CTTLFA 2026,M4 - Under 14 Division Four,,,M4-01- Camps Bay B.,M4-07- Rygersdal B,17/05/26,Sun,09:30,Camps Bay,Maidens Cove,1,8,,Y,,
43257385,CTTLFA 2026,O2 - Under 12 Premier Two,,,O2-04- Fish Hoek,O2-11- Sunningdale City,17/05/26,Sun,10:00,Fish Hoek,Fish Hoek A,0,7,,Y,,
43256986,CTTLFA 2026,O1 - Under 12 Premier One,,,O1-04- FC Kapstadt,O1-01- Camps Bay,17/05/26,Sun,10:40,FC Kapstadt,Generation Schools Sandown Institute,3,1,,Y,,
43257125,CTTLFA 2026,K2 - Under 16 Premier Two,,,K2-03- Edgemead G/W,K2-04- Fish Hoek,17/05/26,Sun,10:50,Edgemead G/W,Edgemead A,1,3,,Y,,
43257111,CTTLFA 2026,K2 - Under 16 Premier Two,,,K2-12- Young Bafana,K2-09- Shosholoza,17/05/26,Sun,10:50,Young Bafana,YB Arena A,4,1,,Y,,
43279265,CTTLFA 2026,K4 - Under 16 Division Four,,,K4-01- Bye,K4-07- Rygersdal B,17/05/26,Sun,10:50,Bye,#1,0,0,,Y,,
43279372,CTTLFA 2026,K5 - Under 16 Division Five,,,K5-05- Edgemead G/W B.,K5-08- Kuilsriver B.,17/05/26,Sun,10:50,Edgemead G/W,Edgemead B,3,0,,Y,,
43272849,CTTLFA 2026,M6 - Under 14 Division Six,,,M6-07- Hellenic B,M6-01- Shosholoza B,17/05/26,Sun,10:50,Hellenic,Tygerhof Sports Complex A,5,3,,Y,,
43256830,CTTLFA 2026,M1 - Under 14 Premier One,,,M1-04- FC Kapstadt,M1-01- Camps Bay,17/05/26,Sun,11:55,FC Kapstadt,Generation Schools Sandown Institute,5,3,,Y,,
43806832,CTTLFA 2026,K7 - Under 16 Girls Premier One,,,K7-04- Camps Bay,K7-06- Fish Hoek,17/05/26,Sun,12:30,Camps Bay,Maidens Cove,5,1,,Y,,
43317281,CTTLFA 2026,H2 - Womens First Division,,,H2-11- Magic Ladies B,H2-08- Saxon Rovers,17/05/26,Sun,13:00,Avenue De Mist,Ave De Mist - A,2,1,,Y,,
43256674,CTTLFA 2026,K1 - Under 16 Premier One,,,K1-04- FC Kapstadt,K1-01- Camps Bay,17/05/26,Sun,13:15,FC Kapstadt,Generation Schools Sandown Institute,1,5,,Y,,
43317275,CTTLFA 2026,H2 - Womens First Division,,,H2-09- Stephanian Ottery,H2-05- Kuilsriver,17/05/26,Sun,14:00,Stephanian Ottery,Stephanian Ottery A,3,2,,Y,,
43256145,CTTLFA 2026,A2 - Premier Reserve,,,PR-02- Edgemead G/W,PR-07- Holy Cross,17/05/26,Sun,14:00,Edgemead G/W,Edgemead A,2,1,,Y,,
43256078,CTTLFA 2026,A2 - Premier Reserve,,,PR-09- Rygersdal,PR-14- Wynberg St Johns,17/05/26,Sun,14:00,Rygersdal,Allenby Drive Sports Complex,0,1,,Y,,
43256400,CTTLFA 2026,C2 - Second Reserve,,,SR-05- Clyde Pinelands,SR-07- FC Kapstadt,17/05/26,Sun,14:00,Clyde Pinelands,Ringwood Drive A,3,0,,Y,,
43256412,CTTLFA 2026,C2 - Second Reserve,,,SR-08- Bye,SR-13- Varsity College,17/05/26,Sun,14:00,Garlandale,Garlandale A,0,0,,Y,,
43256411,CTTLFA 2026,C2 - Second Reserve,,,SR-12- Queens Park,SR-10- Hellenic,17/05/26,Sun,14:00,Queens Park,10 Dongel Road Milnerton,4,1,,Y,,
43256413,CTTLFA 2026,C2 - Second Reserve,,,SR-14- West End United,SR-03- Camps Bay,17/05/26,Sun,14:00,West End United,West End Park A,2,1,,Y,,
43806529,CTTLFA 2026,H1 - Womens Premier League,,,H1-08- Magic Ladies,H1-02- Bellville City,17/05/26,Sun,15:00,Avenue De Mist,Ave De Mist - A,10,2,,Y,,
42996959,CTTLFA 2026,A1 - Premier Division,,,PD-02- Edgemead G/W,PD-07- Holy Cross,17/05/26,Sun,15:45,Edgemead G/W,Edgemead A,3,0,,Y,,
42996887,CTTLFA 2026,A1 - Premier Division,,,PD-09- Rygersdal,PD-14- Wynberg St Johns,17/05/26,Sun,15:45,Rygersdal,Allenby Drive Sports Complex,0,5,,Y,,
43206463,CTTLFA 2026,C1 - Second Division,,,SD-05- Clyde Pinelands,SD-07- FC Kapstadt,17/05/26,Sun,15:45,Clyde Pinelands,Ringwood Drive A,4,1,,Y,,
43206471,CTTLFA 2026,C1 - Second Division,,,SD-08- Bye,SD-13- Varsity College,17/05/26,Sun,15:45,Garlandale,Garlandale A,0,0,,Y,,
43206475,CTTLFA 2026,C1 - Second Division,,,SD-12- Queens Park,SD-10- Hellenic,17/05/26,Sun,15:45,Queens Park,10 Dongel Road Milnerton,1,0,,Y,,
43206468,CTTLFA 2026,C1 - Second Division,,,SD-14- West End United,SD-03- Camps Bay,17/05/26,Sun,15:45,West End United,West End Park A,0,2,,Y,,
43575554,CTTLFA 2026,D4 - 6th Division,,,D4-09- Stephanian Ottery,D4-03- De Beers,18/05/26,Mon,20:00,Stephanian Ottery,Stephanian Ottery A,6,2,,Y,,
43890586,CTTLFA 2026,,U/18 Premier Two Knockout 2026,,I2-09- Shosholoza,I2-03- Edgemead G/W,19/05/26,Tue,18:00,Edgemead G/W,Edgemead A,2,2,,Y,,
43256267,CTTLFA 2026,B2 - First Reserve,,,FR-04- Garden Village,FR-01- Bellville City FC,19/05/26,Tue,19:00,Garden Village,Alexander Road,0,2,,Y,,
43256269,CTTLFA 2026,B2 - First Reserve,,,FR-11- Stephanian Ottery,FR-07- Kuilsriver,19/05/26,Tue,19:00,Stephanian Ottery,Stephanian Ottery A,2,2,,Y,,
43256104,CTTLFA 2026,A2 - Premier Reserve,,,PR-01- Durbanville,PR-07- Holy Cross,19/05/26,Tue,19:00,Durbanville,Klazinga Park A,2,1,,Y,,
43256105,CTTLFA 2026,A2 - Premier Reserve,,,PR-05- Green Point Salesians,PR-03- Fish Hoek,19/05/26,Tue,19:00,Green Point,Green Point A,3,0,,Y,,
43256106,CTTLFA 2026,A2 - Premier Reserve,,,PR-09- Rygersdal,PR-08- Norway Parks,19/05/26,Tue,19:00,Norway Parks,Royal Road A,2,4,,Y,,
43256108,CTTLFA 2026,A2 - Premier Reserve,,,PR-12- UCT,PR-10- Saxon Rovers,19/05/26,Tue,19:00,U C T,U C T,0,3,,Y,,
43256109,CTTLFA 2026,A2 - Premier Reserve,,,PR-13- C.R. Vasco Da Gama,PR-06- Hanover Park,19/05/26,Tue,19:00,Vasco da Gama,Da Gama Park A,1,0,,Y,,
43256110,CTTLFA 2026,A2 - Premier Reserve,,,PR-14- Wynberg St Johns,PR-04- FN Rangers,19/05/26,Tue,19:00,Wynberg st Johns,Wynberg A,1,4,,Y,,
42990183,CTTLFA 2026,B1 - First Division,,,FD-04- Garden Village,FD-01- Bellville City FC,19/05/26,Tue,20:30,Garden Village,Alexander Road,3,3,,Y,,
42990186,CTTLFA 2026,B1 - First Division,,,FD-11- Stephanian Ottery,FD-07- Kuilsriver,19/05/26,Tue,20:30,Stephanian Ottery,Stephanian Ottery A,1,0,,Y,,
42996916,CTTLFA 2026,A1 - Premier Division,,,PD-01- Durbanville,PD-07- Holy Cross,19/05/26,Tue,20:30,Durbanville,Klazinga Park A,3,2,,Y,,
42996915,CTTLFA 2026,A1 - Premier Division,,,PD-05- Green Point Salesians,PD-03- Fish Hoek,19/05/26,Tue,20:30,Green Point,Green Point A,5,0,,Y,,
42996920,CTTLFA 2026,A1 - Premier Division,,,PD-09- Rygersdal,PD-08- Norway Parks,19/05/26,Tue,20:30,Norway Parks,Royal Road A,2,0,,Y,,
42996917,CTTLFA 2026,A1 - Premier Division,,,PD-12- UCT,PD-10- Saxon Rovers,19/05/26,Tue,20:30,U C T,U C T,0,1,,Y,,
42996919,CTTLFA 2026,A1 - Premier Division,,,PD-13- C.R. Vasco Da Gama,PD-06- Hanover Park,19/05/26,Tue,20:30,Vasco da Gama,Da Gama Park A,3,0,,Y,,
42996918,CTTLFA 2026,A1 - Premier Division,,,PD-14- Wynberg St Johns,PD-04- FN Rangers,19/05/26,Tue,20:30,Wynberg st Johns,Wynberg A,1,2,,Y,,
42989864,CTTLFA 2026,I1 - Under 18 Premier One,,,I1-04- FC Kapstadt,I1-01- Camps Bay,20/05/26,Wed,18:30,FC Kapstadt,Hartleyvale D,2,1,,Y,,
43256277,CTTLFA 2026,B2 - First Reserve,,,FR-02- Bothasig,FR-03- Brooklyn Superstars,20/05/26,Wed,19:00,Bothasig,Abe Sher A,1,3,,Y,,
43806353,CTTLFA 2026,G1 - Vets 045 A,,,G1-12- Table View,G1-05- Meadowridge,20/05/26,Wed,19:00,Table View,Table View A,3,0,Home Walkover,Y,,
43575804,CTTLFA 2026,E2- Vets 035 B,,,E2-02- Durbanville,E2-12- Clyde Pinelands B,20/05/26,Wed,20:00,Durbanville,Klazinga Park A,9,0,,Y,,
42990197,CTTLFA 2026,B1 - First Division,,,FD-02- Bothasig,FD-03- Brooklyn Superstars,20/05/26,Wed,20:30,Bothasig,Abe Sher A,3,0,,Y,,
43262768,CTTLFA 2026,G5 - Vets 050 B,,,G5-01- Bothasig,G5-04- Edgemead G/W,21/05/26,Thu,19:00,Bothasig,Abe Sher A,4,1,,Y,,
43960324,CTTLFA 2026,,CTTLFA O/40 A Division Knock Out 2026,,F1-10- C.R. Vasco Da Gama,F1-01- Bellville City,21/05/26,Thu,20:00,Vasco da Gama,Da Gama Park A,4,0,,Y,,
43960315,CTTLFA 2026,,CTTLFA O/45 A Division Knock Out 2026,,G1-04- Hanover Park,G1-10- Holy Cross,21/05/26,Thu,20:00,Hanover Park,Hanover Park A,7,1,,Y,,
43262895,CTTLFA 2026,G4 - Vets 050 A,,,G4-06- Rygersdal,G4-04- Hanover Park,21/05/26,Thu,20:30,Hanover Park,Hanover Park B,1,2,,Y,,
43574489,CTTLFA 2026,O7 - Under 12 Girls Premier One (9v9),,,O7-06- Meadowridge B,O7-09- Hout Bay,22/05/26,Fri,18:30,Meadowridge,Meadowridge B,1,2,,Y,,
43960343,CTTLFA 2026,,CTTLFA Womans Premier League Knock Out 2026,,H1-04- Fish Hoek,H1-05- FN Rangers,22/05/26,Fri,19:00,Fish Hoek,Fish Hoek A,2,3,,Y,,
43960337,CTTLFA 2026,,CTTLFA Womans First Division Knock Out 2026,,H2-04- Kensington,H2-02- Bothasig,22/05/26,Fri,19:00,Kensington,14 Avenue A,3,4,,Y,,
43960340,CTTLFA 2026,,CTTLFA Womans First Division Knock Out 2026,,H2-05- Kuilsriver,H2-12- Hanover Park,22/05/26,Fri,19:00,Serepta Sports Ground,Serepta Sports Ground A,0,3,,Y,,
43960341,CTTLFA 2026,,CTTLFA Womans First Division Knock Out 2026,,H2-07- Norway Parks,H2-08- Saxon Rovers,22/05/26,Fri,19:00,Norway Parks,Royal Road A,1,4,,Y,,
43806563,CTTLFA 2026,H1 - Womens Premier League,,,H1-12- Bye.,H1-06- Green Point Salesians,22/05/26,Fri,19:30,YSD Macassar,YSD Macassar A,0,0,,Y,,
43960349,CTTLFA 2026,,CTTLFA 6th Division Knock Out 2026,,D4-06- Bye,D4-03- De Beers,22/05/26,Fri,20:00,Queens Park,10 Dongel Road Milnerton,4,1,,Y,,
43960320,CTTLFA 2026,,CTTLFA O/40 B Division Knock Out 2026,,F2-09- Wynberg St Johns,F2-02- Bothasig,22/05/26,Fri,20:00,Wynberg st Johns,Wynberg A,0,0,,Y,,
43806355,CTTLFA 2026,G1 - Vets 045 A,,,G1-08- Bothasig,G1-13- Stephanian Ottery,22/05/26,Fri,20:00,Bothasig,Abe Sher A,0,5,,Y,,
43960307,CTTLFA 2026,,CTTLFA O/50 A Division Knock Out 2026,,G4-02- Fish Hoek,G4-08- Tramway,22/05/26,Fri,20:30,Fish Hoek,Fish Hoek A,0,1,,Y,,
43574491,CTTLFA 2026,O7 - Under 12 Girls Premier One (9v9),,,O7-03- Fish Hoek.,O7-08- Wynberg St Johns,23/05/26,Sat,08:00,Fish Hoek,Fish Hoek A,4,1,,Y,,
43256989,CTTLFA 2026,O1 - Under 12 Premier One,,,O1-03- De Beers,O1-08- Northpine United,23/05/26,Sat,08:15,De Beers,Somerset West A,1,4,,Y,,
43256990,CTTLFA 2026,O1 - Under 12 Premier One,,,O1-04- FC Kapstadt,O1-06- Hanover Park,23/05/26,Sat,08:15,FC Kapstadt,Hartleyvale D,6,1,,Y,,
43256991,CTTLFA 2026,O1 - Under 12 Premier One,,,O1-07- Hellenic,O1-10- Rygersdal,23/05/26,Sat,08:15,Hellenic,Tygerhof Sports Complex A,2,2,,Y,,
43256992,CTTLFA 2026,O1 - Under 12 Premier One,,,O1-13- Wynberg St Johns,O1-05- FN Rangers,23/05/26,Sat,08:15,Wynberg st Johns,Wynberg A,0,4,,Y,,
43257401,CTTLFA 2026,O2 - Under 12 Premier Two,,,O2-01- Clyde Pinelands,O2-04- Fish Hoek,23/05/26,Sat,08:15,Clyde Pinelands,Ringwood Drive A,1,2,,Y,,
43257402,CTTLFA 2026,O2 - Under 12 Premier Two,,,O2-03- Edgemead G/W,O2-07- Meadowridge,23/05/26,Sat,08:15,Edgemead G/W,Edgemead A,0,0,,Y,,
43257403,CTTLFA 2026,O2 - Under 12 Premier Two,,,O2-05- Kensington,O2-02- Durbanville,23/05/26,Sat,08:15,Kensington,14 Avenue A,1,3,,Y,,
43257404,CTTLFA 2026,O2 - Under 12 Premier Two,,,O2-06- Kuilsriver,O2-10- Stephanian Ottery,23/05/26,Sat,08:15,Serepta Sports Ground,Serepta Sports Ground A,0,3,,Y,,
43257405,CTTLFA 2026,O2 - Under 12 Premier Two,,,O2-08- Saxon Rovers,O2-12- Young Bafana,23/05/26,Sat,08:15,Saxon Rovers,Maitland A,0,1,,Y,,
43257406,CTTLFA 2026,O2 - Under 12 Premier Two,,,O2-11- Sunningdale City,O2-09- Shosholoza,23/05/26,Sat,08:15,Sunningdale City,Sunningdale A,7,0,,Y,,
43805154,CTTLFA 2026,O3 - Under 12 Premier Three,,,O3-01- Avendale Athletico,O3-17- Queens Park,23/05/26,Sat,08:15,Avendale Athletico,Field Crescent A,0,4,,Y,,
43260905,CTTLFA 2026,O3B - Under 12 Premier Three B,,,O3-02- Bellville City,O3-15- Mutual FC,23/05/26,Sat,08:15,Bellville City,PP Smit Stadium A,3,1,,Y,,
43260906,CTTLFA 2026,O3B - Under 12 Premier Three B,,,O3-03- Bothasig,O3-06- Goodwood United,23/05/26,Sat,08:15,Bothasig,Abe Sher A,4,0,,Y,,
43805149,CTTLFA 2026,O3 - Under 12 Premier Three,,,O3-04- Chelsea Bridgetown,O3-08- Green Point Salesians,23/05/26,Sat,08:15,Chelsea,Hickory Road A,2,0,,Y,,
43260907,CTTLFA 2026,O3B - Under 12 Premier Three B,,,O3-09- Holy Cross,O3-05- Garden Village,23/05/26,Sat,08:15,Holy Cross,Holy Cross School A,3,0,Home Walkover,Y,,
43260908,CTTLFA 2026,O3B - Under 12 Premier Three B,,,O3-14- YSD Macassar,O3-13- West End United,23/05/26,Sat,08:15,YSD Macassar,YSD Macassar A,10,0,,Y,,
43274236,CTTLFA 2026,O4 - Under 12 Division Four,,,O4-02- Cape Town Spurs B,O4-03- De Beers B.,23/05/26,Sat,08:15,Cape Town Spurs,Ikamva D,3,0,,Y,,
43274241,CTTLFA 2026,O4 - Under 12 Division Four,,,O4-05- Northpine United B,O4-09- Table View B,23/05/26,Sat,08:15,Northpine United,Central Park A,2,1,,Y,,
43274237,CTTLFA 2026,O4 - Under 12 Division Four,,,O4-07- Rygersdal B,O4-04- FN Rangers B,23/05/26,Sat,08:15,Rygersdal,Zwaanswyk High School,2,7,,Y,,
43274242,CTTLFA 2026,O4 - Under 12 Division Four,,,O4-11- Wynberg St Johns B.,O4-08- Saxon Rovers B,23/05/26,Sat,08:15,Wynberg st Johns,Wynberg B,5,0,,Y,,
43274243,CTTLFA 2026,O5 - Under 12 Division Five,,,O5-02- Bothasig B,O5-09- Meadowridge B.,23/05/26,Sat,08:15,Bothasig,Abe Sher B,3,6,,Y,,
43274244,CTTLFA 2026,O5 - Under 12 Division Five,,,O5-03- Clyde Pinelands B,O5-01- Bellville City B.,23/05/26,Sat,08:15,Clyde Pinelands,Ringwood Drive B,6,5,,Y,,
43274239,CTTLFA 2026,O5 - Under 12 Division Five,,,O5-06- Fish Hoek B.,O5-05- Edgemead G/W B.,23/05/26,Sat,08:15,Fish Hoek,Fish Hoek A,3,3,,Y,,
43274240,CTTLFA 2026,O5 - Under 12 Division Five,,,O5-07- Goodwood United B,O5-04- Durbanville B.,23/05/26,Sat,08:15,Goodwood,Hamilton Road B,0,6,,Y,,
43274238,CTTLFA 2026,O5 - Under 12 Division Five,,,O5-11- Sunningdale City B,O5-08- Kuilsriver B.,23/05/26,Sat,08:15,Sunningdale City,Sunningdale B,8,2,,Y,,
43331104,CTTLFA 2026,O6 - Under 12 Division Six,,,O6-02- Brooklyn Superstars,O6-01- Bothasig C,23/05/26,Sat,08:15,Bayview Sports Complex,Brooklyn Bayview Sports Complex A,14,0,,Y,,
43331101,CTTLFA 2026,O6 - Under 12 Division Six,,,O6-03- Kensington B,O6-06- Grass Boots B,23/05/26,Sat,08:15,Kensington,14 Avenue B,0,3,,Y,,
43331138,CTTLFA 2026,O6 - Under 12 Division Six,,,O6-05- Fish Hoek C,O6-04- FC Kapstadt B,23/05/26,Sat,08:15,Fish Hoek,Fish Hoek B,0,8,,Y,,
43574490,CTTLFA 2026,O7 - Under 12 Girls Premier One (9v9),,,O7-01- Bellville City,O7-02- Bothasig,23/05/26,Sat,08:15,Bellville City,PP Smit Stadium C,2,1,,Y,,
43806057,CTTLFA 2026,O8- Under 12 Division Seven,,,O8-06- Rygersdal C,O8-09- Lansdowne,23/05/26,Sat,08:15,Lansdowne,Chukker Road A,0,3,Away Walkover,Y,,
43806058,CTTLFA 2026,O8- Under 12 Division Seven,,,O8-07- Tramway B,O8-10- Garlandale B,23/05/26,Sat,08:15,Tramway,Groenewald Park B,10,0,,Y,,
43256832,CTTLFA 2026,M1 - Under 14 Premier One,,,M1-02- Cape Town Spurs,M1-12- CR Vasco Da Gama,23/05/26,Sat,09:30,Cape Town Spurs,Ikamva A,4,0,,Y,,
43256833,CTTLFA 2026,M1 - Under 14 Premier One,,,M1-03- De Beers,M1-08- Northpine United,23/05/26,Sat,09:30,De Beers,Somerset West A,0,5,,Y,,
43256834,CTTLFA 2026,M1 - Under 14 Premier One,,,M1-04- FC Kapstadt,M1-06- Hanover Park,23/05/26,Sat,09:30,FC Kapstadt,Hartleyvale D,1,1,,Y,,
43256835,CTTLFA 2026,M1 - Under 14 Premier One,,,M1-07- Hellenic,M1-10- Rygersdal,23/05/26,Sat,09:30,Hellenic,Tygerhof Sports Complex A,3,3,,Y,,
43256836,CTTLFA 2026,M1 - Under 14 Premier One,,,M1-13- Wynberg St Johns,M1-05- FN Rangers,23/05/26,Sat,09:30,Wynberg st Johns,Wynberg A,1,2,,Y,,
43257269,CTTLFA 2026,M2 - Under 14 Premier Two,,,M2-01- Clyde Pinelands,M2-04- Fish Hoek,23/05/26,Sat,09:30,Clyde Pinelands,Ringwood Drive A,3,2,,Y,,
43257270,CTTLFA 2026,M2 - Under 14 Premier Two,,,M2-03- Edgemead G/W,M2-07- Meadowridge,23/05/26,Sat,09:30,Edgemead G/W,Edgemead A,3,0,,Y,,
43257271,CTTLFA 2026,M2 - Under 14 Premier Two,,,M2-05- Kensington,M2-02- Durbanville,23/05/26,Sat,09:30,Kensington,14 Avenue A,0,4,,Y,,
43257272,CTTLFA 2026,M2 - Under 14 Premier Two,,,M2-06- Kuilsriver,M2-10- Stephanian Ottery,23/05/26,Sat,09:30,Serepta Sports Ground,Serepta Sports Ground A,7,0,,Y,,
43257273,CTTLFA 2026,M2 - Under 14 Premier Two,,,M2-08- Saxon Rovers,M2-12- Young Bafana,23/05/26,Sat,09:30,Saxon Rovers,Maitland A,1,4,,Y,,
43257274,CTTLFA 2026,M2 - Under 14 Premier Two,,,M2-11- Sunningdale City,M2-09- Shosholoza,23/05/26,Sat,09:30,Sunningdale City,Sunningdale A,1,1,,Y,,
43805475,CTTLFA 2026,M3 - Under 14 Premier Three,,,M3-01- Avendale Athletico,M3-17- Queens Park,23/05/26,Sat,09:30,Avendale Athletico,Field Crescent A,2,3,,Y,,
43260847,CTTLFA 2026,M3B - Under 14 Premier Three B,,,M3-02- Bellville City,M3-15- Mutual FC,23/05/26,Sat,09:30,Bellville City,PP Smit Stadium A,9,2,,Y,,
43260848,CTTLFA 2026,M3B - Under 14 Premier Three B,,,M3-03- Bothasig,M3-06- Goodwood United,23/05/26,Sat,09:30,Bothasig,Abe Sher A,4,1,,Y,,
43805470,CTTLFA 2026,M3 - Under 14 Premier Three,,,M3-04- Chelsea Bridgetown,M3-08- Green Point Salesians,23/05/26,Sat,09:30,Chelsea,Hickory Road A,2,4,,Y,,
43260849,CTTLFA 2026,M3B - Under 14 Premier Three B,,,M3-09- Holy Cross,M3-05- Garden Village,23/05/26,Sat,09:30,Holy Cross,Holy Cross School A,7,2,,Y,,
43260850,CTTLFA 2026,M3B - Under 14 Premier Three B,,,M3-14- YSD Macassar,M3-13- West End United,23/05/26,Sat,09:30,YSD Macassar,YSD Macassar A,15,1,,Y,,
43279155,CTTLFA 2026,M4 - Under 14 Division Four,,,M4-01- Camps Bay B.,M4-06- Norway Parks B,23/05/26,Sat,09:30,Camps Bay,Camps Bay A,3,6,,Y,,
43279156,CTTLFA 2026,M4 - Under 14 Division Four,,,M4-02- Cape Town Spurs B,M4-03- De Beers B.,23/05/26,Sat,09:30,Cape Town Spurs,Ikamva C,3,3,,Y,,
43279157,CTTLFA 2026,M4 - Under 14 Division Four,,,M4-05- Northpine United B,M4-09- Table View B,23/05/26,Sat,09:30,Northpine United,Central Park A,3,2,,Y,,
43279158,CTTLFA 2026,M4 - Under 14 Division Four,,,M4-07- Rygersdal B,M4-04- FN Rangers B,23/05/26,Sat,09:30,Rygersdal,Zwaanswyk High School,2,1,,Y,,
43279159,CTTLFA 2026,M4 - Under 14 Division Four,,,M4-11- Wynberg St Johns B.,M4-08- Saxon Rovers B.,23/05/26,Sat,09:30,Wynberg st Johns,Wynberg B,1,2,,Y,,
43279490,CTTLFA 2026,M5 - Under 14 Division Five,,,M5-02- Bothasig B,M5-09- Meadowridge B.,23/05/26,Sat,09:30,Bothasig,Abe Sher B,5,1,,Y,,
43279491,CTTLFA 2026,M5 - Under 14 Division Five,,,M5-03- Clyde Pinelands B,M5-01- Bellville City B.,23/05/26,Sat,09:30,Clyde Pinelands,Ringwood Drive B,3,1,,Y,,
43279492,CTTLFA 2026,M5 - Under 14 Division Five,,,M5-06- Fish Hoek B.,M5-05- Edgemead G/W B.,23/05/26,Sat,09:30,Fish Hoek,Fish Hoek A,0,11,,Y,,
43279493,CTTLFA 2026,M5 - Under 14 Division Five,,,M5-07- Goodwood United B,M5-04- Durbanville B.,23/05/26,Sat,09:30,Goodwood,Hamilton Road A,0,10,,Y,,
43279494,CTTLFA 2026,M5 - Under 14 Division Five,,,M5-11- Sunningdale City B,M5-08- Kuilsriver B.,23/05/26,Sat,09:30,Sunningdale City,Sunningdale B,1,0,,Y,,
43272856,CTTLFA 2026,M6 - Under 14 Division Six,,,M6-01- Shosholoza B,M6-06- FC Kapstadt B,23/05/26,Sat,09:30,Pelican Heights Sports Ground,Pelican A,0,3,Away Walkover,Y,,
43272859,CTTLFA 2026,M6 - Under 14 Division Six,,,M6-05- Edgemead G/W C,M6-07- Hellenic B,23/05/26,Sat,09:30,Edgemead G/W,Edgemead C,1,1,,Y,,
43272858,CTTLFA 2026,M6 - Under 14 Division Six,,,M6-09- JMI,M6-04- Kensington B,23/05/26,Sat,09:30,Norway Parks,Royal Road E,3,2,,Y,,
43806164,CTTLFA 2026,M7 - Under 14 Division Seven,,,M7-01- Bothasig C,M7-10- Lansdowne,23/05/26,Sat,09:30,Bothasig,Abe Sher C,3,4,,Y,,
43574591,CTTLFA 2026,M8 - Under 14 Girls Premier One,,,M8-01- Bellville City,M8-09- Stephanian Ottery,23/05/26,Sat,09:30,Bellville City,PP Smit Stadium B,0,1,,Y,,
43574593,CTTLFA 2026,M8 - Under 14 Girls Premier One,,,M8-04- Fish Hoek,M8-11- Wynberg St Johns,23/05/26,Sat,09:30,Fish Hoek,Fish Hoek B,6,0,,Y,,
43574592,CTTLFA 2026,M8 - Under 14 Girls Premier One,,,M8-07- Rygersdal,M8-02- Bothasig,23/05/26,Sat,09:30,Bothasig,Abe Sher D,3,0,,Y,,
43574589,CTTLFA 2026,M8 - Under 14 Girls Premier One,,,M8-12- Hout Bay,M8-06- Norway Parks,23/05/26,Sat,09:30,Chukker Sports Complex,#1,3,2,,Y,,
43806158,CTTLFA 2026,M9- Under 14 Division Eight,,,M9-06- Northpine United D,M9-05- Meadowridge D,23/05/26,Sat,09:30,Northpine United,Central Park B,5,0,,Y,,
43331103,CTTLFA 2026,O6 - Under 12 Division Six,,,O6-07- Meadowridge C,O6-09- Holy Cross B,23/05/26,Sat,09:30,Meadowridge,Meadowridge A,1,3,,Y,,
43574488,CTTLFA 2026,O7 - Under 12 Girls Premier One (9v9),,,O7-04- Bye,O7-05- Meadowridge A,23/05/26,Sat,09:30,Bye,#1,0,0,,Y,,
43806840,CTTLFA 2026,K7 - Under 16 Girls Premier One,,,K7-01- Badgers,K7-14- Nova Generation,23/05/26,Sat,10:00,Badgers FC,Oranjezicht A,0,0,,Y,,
43256677,CTTLFA 2026,K1 - Under 16 Premier One,,,K1-03- De Beers,K1-08- Northpine United,23/05/26,Sat,10:50,De Beers,Somerset West A,4,3,,Y,,
43256678,CTTLFA 2026,K1 - Under 16 Premier One,,,K1-04- FC Kapstadt,K1-06- Hanover Park,23/05/26,Sat,10:50,FC Kapstadt,Hartleyvale D,2,0,,Y,,
43256679,CTTLFA 2026,K1 - Under 16 Premier One,,,K1-07- Hellenic,K1-10- Rygersdal,23/05/26,Sat,10:50,Hellenic,Tygerhof Sports Complex A,3,4,,Y,,
43256680,CTTLFA 2026,K1 - Under 16 Premier One,,,K1-13- Wynberg St Johns,K1-05- FN Rangers,23/05/26,Sat,10:50,Wynberg st Johns,Wynberg A,1,4,,Y,,
43257136,CTTLFA 2026,K2 - Under 16 Premier Two,,,K2-01- Clyde Pinelands,K2-04- Fish Hoek,23/05/26,Sat,10:50,Clyde Pinelands,Ringwood Drive A,1,3,,Y,,
43257137,CTTLFA 2026,K2 - Under 16 Premier Two,,,K2-03- Edgemead G/W,K2-07- Meadowridge,23/05/26,Sat,10:50,Edgemead G/W,Edgemead A,2,4,,Y,,
43257138,CTTLFA 2026,K2 - Under 16 Premier Two,,,K2-05- Kensington,K2-02- Durbanville,23/05/26,Sat,10:50,Kensington,14 Avenue A,1,7,,Y,,
43257139,CTTLFA 2026,K2 - Under 16 Premier Two,,,K2-06- Kuilsriver,K2-10- Stephanian Ottery,23/05/26,Sat,10:50,Serepta Sports Ground,Serepta Sports Ground A,1,4,,Y,,
43257140,CTTLFA 2026,K2 - Under 16 Premier Two,,,K2-08- Saxon Rovers,K2-12- Young Bafana,23/05/26,Sat,10:50,Saxon Rovers,Maitland A,2,1,,Y,,
43257141,CTTLFA 2026,K2 - Under 16 Premier Two,,,K2-11- Sunningdale City,K2-09- Shosholoza,23/05/26,Sat,10:50,Sunningdale City,Sunningdale A,5,1,,Y,,
43805155,CTTLFA 2026,K3 - Under 16 Premier Three,,,K3-01- Avendale Athletico,K3-17- Queens Park,23/05/26,Sat,10:50,Avendale Athletico,Field Crescent A,0,5,,Y,,
43260791,CTTLFA 2026,K3B - Under 16 Premier Three B,,,K3-02- Bellville City,K3-15- Mutual FC,23/05/26,Sat,10:50,Bellville City,PP Smit Stadium A,7,2,,Y,,
43260792,CTTLFA 2026,K3B - Under 16 Premier Three B,,,K3-03- Bothasig,K3-06- Goodwood United,23/05/26,Sat,10:50,Bothasig,Abe Sher A,3,0,,Y,,
43805152,CTTLFA 2026,K3 - Under 16 Premier Three,,,K3-04- Chelsea Bridgetown,K3-08- Green Point Salesians,23/05/26,Sat,10:50,Chelsea,Hickory Road A,4,3,,Y,,
43260793,CTTLFA 2026,K3B - Under 16 Premier Three B,,,K3-09- Holy Cross,K3-05- Garden Village,23/05/26,Sat,10:50,Holy Cross,Voortrekker Road,4,0,,Y,,
43260794,CTTLFA 2026,K3B - Under 16 Premier Three B,,,K3-14- YSD Macassar,K3-13- West End United,23/05/26,Sat,10:50,YSD Macassar,YSD Macassar A,1,0,,Y,,
43279267,CTTLFA 2026,K4 - Under 16 Division Four,,,K4-02- Cape Town Spurs B,K4-03- De Beers B.,23/05/26,Sat,10:50,Cape Town Spurs,Ikamva C,5,0,,Y,,
43279268,CTTLFA 2026,K4 - Under 16 Division Four,,,K4-05- Northpine United B,K4-09- Table View B.,23/05/26,Sat,10:50,Northpine United,Central Park A,6,4,,Y,,
43279269,CTTLFA 2026,K4 - Under 16 Division Four,,,K4-07- Rygersdal B,K4-04- FN Rangers B,23/05/26,Sat,10:50,Rygersdal,Zwaanswyk High School,2,4,,Y,,
43279270,CTTLFA 2026,K4 - Under 16 Division Four,,,K4-11- Wynberg St Johns B.,K4-08- Saxon Rovers B,23/05/26,Sat,10:50,Wynberg st Johns,Wynberg B,5,0,,Y,,
43279380,CTTLFA 2026,K5 - Under 16 Division Five,,,K5-02- Bothasig B,K5-09- Meadowridge B.,23/05/26,Sat,10:50,Bothasig,Abe Sher B,3,1,,Y,,
43279381,CTTLFA 2026,K5 - Under 16 Division Five,,,K5-03- Clyde Pinelands B,K5-01- Bellville City B.,23/05/26,Sat,10:50,Clyde Pinelands,Ringwood Drive B,2,2,,Y,,
43279382,CTTLFA 2026,K5 - Under 16 Division Five,,,K5-06- Fish Hoek B.,K5-05- Edgemead G/W B.,23/05/26,Sat,10:50,Fish Hoek,Fish Hoek A,0,0,,Y,,
43279383,CTTLFA 2026,K5 - Under 16 Division Five,,,K5-07- Goodwood United B,K5-04- Durbanville B.,23/05/26,Sat,10:50,Goodwood,Hamilton Road B,1,1,,Y,,
43805922,CTTLFA 2026,K6 - Under 16 Division Six,,,K6-02- Bothasig C,K6-05- JMI,23/05/26,Sat,10:50,Bothasig,Abe Sher C,3,9,,Y,,
43805732,CTTLFA 2026,K6 - Under 16 Division Six,,,K6-06- Meadowridge C,K6-09- Table View C,23/05/26,Sat,10:50,Meadowridge,Meadowridge A,6,0,,Y,,
43805733,CTTLFA 2026,K6 - Under 16 Division Six,,,K6-07- Ruyterwacht B,K6-04- Holy Cross B,23/05/26,Sat,10:50,Ruyterwacht,Stan Abbot B,0,6,,Y,,
43805727,CTTLFA 2026,K6 - Under 16 Division Six,,,K6-11- Kensington B,K6-10- Shosholoza B,23/05/26,Sat,10:50,Kensington,14 Avenue B,2,0,,Y,,
43806837,CTTLFA 2026,K7 - Under 16 Girls Premier One,,,K7-06- Fish Hoek,K7-15- Norway Parks,23/05/26,Sat,10:50,Fish Hoek,Fish Hoek B,2,0,,Y,,
43806839,CTTLFA 2026,K7 - Under 16 Girls Premier One,,,K7-08- Meadowridge,K7-04- Camps Bay,23/05/26,Sat,10:50,Meadowridge,Meadowridge B,1,7,,Y,,
43806838,CTTLFA 2026,K7 - Under 16 Girls Premier One,,,K7-09- Bye.,K7-02- Bellville City,23/05/26,Sat,10:50,Bye,#1,0,0,,Y,,
43806842,CTTLFA 2026,K7 - Under 16 Girls Premier One,,,K7-13- Wynberg St Johns,K7-11- Bye.,23/05/26,Sat,10:50,Wynberg st Johns,Wynberg C,0,0,,Y,,
43805726,CTTLFA 2026,K8- Under 16 Division Seven,,,K8-03- Edgemead G/W C,K8-11- Bye,23/05/26,Sat,10:50,Edgemead G/W,Edgemead B,0,0,,Y,,
43805734,CTTLFA 2026,K8- Under 16 Division Seven,,,K8-08- Table View D,K8-10- Lansdowne,23/05/26,Sat,10:50,Table View,Table View A,3,0,Home Walkover,Y,,
43272857,CTTLFA 2026,M6 - Under 14 Division Six,,,M6-03- Bye,M6-02- Brooklyn Superstars,23/05/26,Sat,10:50,Bye,#1,0,0,,Y,,
43806152,CTTLFA 2026,M7 - Under 14 Division Seven,,,M7-06- Sunningdale City C.,M7-09- Durbanville C,23/05/26,Sat,10:50,Sunningdale City,Sunningdale B,2,3,,Y,,
43960339,CTTLFA 2026,,CTTLFA Womans First Division Knock Out 2026,,H2-01- Badgers B.,H2-06- Meadowridge,23/05/26,Sat,12:00,Badgers FC,Oranjezicht A,1,1,,Y,,
42989829,CTTLFA 2026,I1 - Under 18 Premier One,,,I1-02- Cape Town Spurs,I1-12- CR Vasco Da Gama,23/05/26,Sat,12:30,Cape Town Spurs,Ikamva A,0,1,,Y,,
42989831,CTTLFA 2026,I1 - Under 18 Premier One,,,I1-03- De Beers,I1-08- Northpine United,23/05/26,Sat,12:30,De Beers,Somerset West A,1,2,,Y,,
42989832,CTTLFA 2026,I1 - Under 18 Premier One,,,I1-04- FC Kapstadt,I1-06- Hanover Park,23/05/26,Sat,12:30,FC Kapstadt,Hartleyvale D,2,1,,Y,,
42989830,CTTLFA 2026,I1 - Under 18 Premier One,,,I1-07- Hellenic,I1-10- Rygersdal,23/05/26,Sat,12:30,Hellenic,Tygerhof Sports Complex A,2,0,,Y,,
42989833,CTTLFA 2026,I1 - Under 18 Premier One,,,I1-13- Wynberg St Johns,I1-05- FN Rangers,23/05/26,Sat,12:30,Wynberg st Johns,Wynberg A,1,2,,Y,,
42990020,CTTLFA 2026,I2 - Under 18 Premier Two,,,I2-01- Clyde Pinelands,I2-04- Fish Hoek,23/05/26,Sat,12:30,Clyde Pinelands,Ringwood Drive A,3,0,,Y,,
42990017,CTTLFA 2026,I2 - Under 18 Premier Two,,,I2-03- Edgemead G/W,I2-07- Meadowridge,23/05/26,Sat,12:30,Edgemead G/W,Edgemead A,1,2,,Y,,
42990016,CTTLFA 2026,I2 - Under 18 Premier Two,,,I2-05- Kensington,I2-02- Durbanville,23/05/26,Sat,12:30,Kensington,14 Avenue A,3,1,,Y,,
42990018,CTTLFA 2026,I2 - Under 18 Premier Two,,,I2-06- Kuilsriver,I2-10- Stephanian Ottery,23/05/26,Sat,12:30,Serepta Sports Ground,Serepta Sports Ground A,3,1,,Y,,
42990019,CTTLFA 2026,I2 - Under 18 Premier Two,,,I2-08- Saxon Rovers,I2-12- Young Bafana,23/05/26,Sat,12:30,Saxon Rovers,Maitland A,2,0,,Y,,
43804775,CTTLFA 2026,I3 - Under 18 Premier Three,,,I3-01- Avendale Athletico,I3-17- Queens Park,23/05/26,Sat,12:30,Avendale Athletico,Field Crescent A,0,4,,Y,,
43206930,CTTLFA 2026,I3B - Under 18 Premier Three B,,,I3-02- Bellville City,I3-15- Mutual FC,23/05/26,Sat,12:30,Bellville City,PP Smit Stadium A,1,1,,Y,,
43206931,CTTLFA 2026,I3B - Under 18 Premier Three B,,,I3-03- Bothasig,I3-06- Goodwood United,23/05/26,Sat,12:30,Bothasig,Abe Sher A,3,2,,Y,,
43804771,CTTLFA 2026,I3 - Under 18 Premier Three,,,I3-04- Chelsea Bridgetown,I3-08- Green Point Salesians,23/05/26,Sat,12:30,Chelsea,Hickory Road A,2,4,,Y,,
43206929,CTTLFA 2026,I3B - Under 18 Premier Three B,,,I3-09- Holy Cross,I3-05- Garden Village,23/05/26,Sat,12:30,Holy Cross,Voortrekker Road,2,3,,Y,,
43206928,CTTLFA 2026,I3B - Under 18 Premier Three B,,,I3-14- YSD Macassar,I3-13- West End United,23/05/26,Sat,12:30,YSD Macassar,YSD Macassar A,0,1,,Y,,
43275086,CTTLFA 2026,I4 - Under 18 Division Four,,,I4-01- Bothasig B,I4-03- FN Rangers B,23/05/26,Sat,12:30,Bothasig,Abe Sher B,2,3,,Y,,
43275087,CTTLFA 2026,I4 - Under 18 Division Four,,,I4-02- Cape Town Spurs B,I4-04- Northpine United B,23/05/26,Sat,12:30,Cape Town Spurs,Ikamva C,0,0,,Y,,
43275085,CTTLFA 2026,I4 - Under 18 Division Four,,,I4-06- Rygersdal B.,I4-10- Wynberg St Johns B.,23/05/26,Sat,12:30,Rygersdal,Zwaanswyk High School,2,3,,Y,,
43275088,CTTLFA 2026,I4 - Under 18 Division Four,,,I4-07- Saxon Rovers B,I4-08- Table View B,23/05/26,Sat,12:30,Saxon Rovers,Maitland B,2,2,,Y,,
43275084,CTTLFA 2026,I4 - Under 18 Division Four,,,I4-09- CR Vasco Da Gama B,I4-05- Norway Parks B,23/05/26,Sat,12:30,Vasco da Gama,Da Gama Park B,2,1,,Y,,
43805583,CTTLFA 2026,I5 - Under 18 Division Five,,,I5-02- Clyde Pinelands B,I5-07- Meadowridge B.,23/05/26,Sat,12:30,Clyde Pinelands,Ringwood Drive B,2,1,,Y,,
43805581,CTTLFA 2026,I5 - Under 18 Division Five,,,I5-04- Edgemead G/W B.,I5-03- Durbanville B.,23/05/26,Sat,12:30,Edgemead G/W,Edgemead B,0,3,,Y,,
43805580,CTTLFA 2026,I5 - Under 18 Division Five,,,I5-06- JMI,I5-11- Tramway,23/05/26,Sat,12:30,Norway Parks,Royal Road E,2,2,,Y,,
43805582,CTTLFA 2026,I5 - Under 18 Division Five,,,I5-08- Ruyterwacht B,I5-01- Bothasig C,23/05/26,Sat,12:30,Ruyterwacht,Stan Abbot B,8,1,,Y,,
43805579,CTTLFA 2026,I5 - Under 18 Division Five,,,I5-10- Bellville City B,I5-05- Fish Hoek B.,23/05/26,Sat,12:30,Bellville City,PP Smit Stadium B,0,3,Away Walkover,Y,,
43279266,CTTLFA 2026,K4 - Under 16 Division Four,,,K4-01- Bye,K4-06- Norway Parks B,23/05/26,Sat,12:30,Bye,#1,0,0,,Y,,
43279384,CTTLFA 2026,K5 - Under 16 Division Five,,,K5-11- Sunningdale City B,K5-08- Kuilsriver B.,23/05/26,Sat,12:30,Sunningdale City,Sunningdale B,1,0,,Y,,
43805730,CTTLFA 2026,K8- Under 16 Division Seven,,,K8-01- Bothasig D,K8-07- Rygersdal C,23/05/26,Sat,12:30,Bothasig,Abe Sher C,1,5,,Y,,
43805728,CTTLFA 2026,K8- Under 16 Division Seven,,,K8-04- Fish Hoek C.,K8-02- Durbanville C,23/05/26,Sat,12:30,Fish Hoek,Fish Hoek B,3,0,Home Walkover,Y,,
43574473,CTTLFA 2026,O7 - Under 12 Girls Premier One (9v9),,,O7-05- Meadowridge A,O7-09- Hout Bay,23/05/26,Sat,12:30,Meadowridge,Meadowridge B,6,0,,Y,,
43960364,CTTLFA 2026,,CTTLFA 3rd Division Knock Out 2026,,D1-02- Bothasig,D1-08- Table View,23/05/26,Sat,14:00,Bothasig,Abe Sher C,5,6,,Y,,
43960360,CTTLFA 2026,,CTTLFA 4th Division Knock Out 2026,,D2-01- Avendale Athletico,D2-04- Fish Hoek,23/05/26,Sat,14:00,Avendale Athletico,Field Crescent A,3,1,,Y,,
43960361,CTTLFA 2026,,CTTLFA 4th Division Knock Out 2026,,D2-06- Ruyterwacht,D2-10- Wynberg St Johns,23/05/26,Sat,14:00,Ruyterwacht,Stan Abbott,5,4,,Y,,
43960359,CTTLFA 2026,,CTTLFA 4th Division Knock Out 2026,,D2-08- Table View,D2-12- Kensington,23/05/26,Sat,14:00,Table View,Table View B,0,1,,Y,,
43960355,CTTLFA 2026,,CTTLFA 5th Division Knock Out 2026,,D3-02- Clyde Pinelands,D3-06- Mutual FC,23/05/26,Sat,14:00,Clyde Pinelands,Ringwood Drive A,7,2,,Y,,
43960354,CTTLFA 2026,,CTTLFA 5th Division Knock Out 2026,,D3-04- Edgemead G/W,D3-11- Hanover Park,23/05/26,Sat,14:00,Edgemead G/W,Edgemead C,3,0,,Y,,
43575185,CTTLFA 2026,D3 - 5th Division,,,D3-08- Table View,D3-09- Tramway,23/05/26,Sat,14:00,Table View,Table View B,4,1,,Y,,
43960356,CTTLFA 2026,,CTTLFA 5th Division Knock Out 2026,,D3-10- C.R. Vasco Da Gama,D3-03- Durbanville,23/05/26,Sat,14:00,Vasco da Gama,Da Gama Park B,2,1,,Y,,
43960350,CTTLFA 2026,,CTTLFA 6th Division Knock Out 2026,,D4-10- Sunningdale City,D4-05- Kuilsriver,23/05/26,Sat,14:00,Sunningdale City,Sunningdale B,1,1,,Y,,
43960352,CTTLFA 2026,,CTTLFA 6th Division Knock Out 2026,,D4-11- Edgemead G/W,D4-08- Bothasig,23/05/26,Sat,14:00,Edgemead G/W,Edgemead D,5,4,,Y,,
43960333,CTTLFA 2026,,CTTLFA O/35 A Division Knock Out 2026,,E1-08- Ruyterwacht,E1-09- Bye,23/05/26,Sat,14:00,Ruyterwacht,Stan Abbot B,3,0,,Y,,
43960327,CTTLFA 2026,,CTTLFA O/35 B Division Knock Out 2026,,E2-01- Bellville City,E2-02- Durbanville,23/05/26,Sat,14:00,Bellville City,PP Smit Stadium C,2,3,,Y,,
43960323,CTTLFA 2026,,CTTLFA O/40 A Division Knock Out 2026,,F1-07- Rygersdal,F1-06- Norway Parks,23/05/26,Sat,14:00,Norway Parks,Royal Road B,5,3,,Y,,
43960318,CTTLFA 2026,,CTTLFA O/40 B Division Knock Out 2026,,F2-07- Bye,F2-12- Sunningdale City B,23/05/26,Sat,14:00,Bye,#1,0,3,,Y,,
43960317,CTTLFA 2026,,CTTLFA O/40 B Division Knock Out 2026,,F2-11- Saxon Rovers,F2-05- Green Point Salesians,23/05/26,Sat,14:00,Saxon Rovers,Maitland B,2,0,,Y,,
43960386,CTTLFA 2026,,CTTLFA First Reserves Knock Out 2026,,FR-01- Bellville City FC,FR-11- Stephanian Ottery,23/05/26,Sat,14:00,Bellville City,PP Smit Stadium A,2,2,,Y,,
43960389,CTTLFA 2026,,CTTLFA First Reserves Knock Out 2026,,FR-02- Bothasig,FR-13- Tramway,23/05/26,Sat,14:00,Bothasig,Abe Sher A,4,1,,Y,,
43960387,CTTLFA 2026,,CTTLFA First Reserves Knock Out 2026,,FR-03- Brooklyn Superstars,FR-10- Ruyterwacht,23/05/26,Sat,14:00,Bayview Sports Complex,Brooklyn Bayview Sports Complex A,1,0,,Y,,
43960385,CTTLFA 2026,,CTTLFA First Reserves Knock Out 2026,,FR-05- JMI,FR-09- Northpine United,23/05/26,Sat,14:00,Norway Parks,Royal Road E,4,2,,Y,,
43960388,CTTLFA 2026,,CTTLFA First Reserves Knock Out 2026,,FR-07- Kuilsriver,FR-04- Garden Village,23/05/26,Sat,14:00,Serepta Sports Ground,Serepta Sports Ground A,6,0,,Y,,
43960314,CTTLFA 2026,,CTTLFA O/45 A Division Knock Out 2026,,G1-01- De Beers,G1-03- FN Rangers,23/05/26,Sat,14:00,De Beers,Somerset West A,0,4,,Y,,
43960313,CTTLFA 2026,,CTTLFA O/45 A Division Knock Out 2026,,G1-09- Garden Village,G1-02-Edgemead G/W,23/05/26,Sat,14:00,Garden Village,Alexander Road,2,4,,Y,,
43960312,CTTLFA 2026,,CTTLFA O/45 A Division Knock Out 2026,,G1-11- Lansdowne,G1-06- Saxon Rovers,23/05/26,Sat,14:00,Lansdowne,Chukker Road A,3,0,,Y,,
43262893,CTTLFA 2026,G4 - Vets 050 A,,,G4-07- Stephanian Ottery,G4-05- Holy Cross,23/05/26,Sat,14:00,Stephanian Ottery,Stephanian Ottery A,2,1,,Y,,
43960304,CTTLFA 2026,,CTTLFA O/50 B Division Knock Out 2026,,G5-09- Meadowridge,G5-07- Hanover Park B,23/05/26,Sat,14:00,Meadowridge,Meadowridge B,0,1,,Y,,
43960303,CTTLFA 2026,,CTTLFA O/50 B Division Knock Out 2026,,G5-10- West End United B,G5-05- Everton United,23/05/26,Sat,14:00,West End United,West End Park B,0,0,,Y,,
43575085,CTTLFA 2026,G6 - Vets O50 C,,,G6-02- Hanover Park C,G6-03- West End United C,23/05/26,Sat,14:00,Hanover Park,Hanover Park A,3,3,,Y,,
43960299,CTTLFA 2026,,CTTLFA O/50 C Division Knock Out 2026,,G6-04- Stephanian Ottery B,G6-10- Saxon Rovers,23/05/26,Sat,14:00,Stephanian Ottery,Stephanian Ottery B,1,0,,Y,,
43960300,CTTLFA 2026,,CTTLFA O/50 C Division Knock Out 2026,,G6-11- Bye,G6-06- Tramway B,23/05/26,Sat,14:00,Bye,#1,0,3,,Y,,
43960344,CTTLFA 2026,,CTTLFA Womans Premier League Knock Out 2026,,H1-01- Badgers,H1-08- Magic Ladies,23/05/26,Sat,14:00,Badgers FC,Oranjezicht A,1,3,,Y,,
43960398,CTTLFA 2026,,CTTLFA Premier Reserves Knock Out 2026,,PR-01- Durbanville,PR-04- FN Rangers,23/05/26,Sat,14:00,Durbanville,Klazinga Park A,6,3,,Y,,
43960397,CTTLFA 2026,,CTTLFA Premier Reserves Knock Out 2026,,PR-03- Fish Hoek,PR-12- UCT,23/05/26,Sat,14:00,Fish Hoek,Fish Hoek A,3,0,,Y,,
43960396,CTTLFA 2026,,CTTLFA Premier Reserves Knock Out 2026,,PR-07- Holy Cross,PR-06- Hanover Park,23/05/26,Sat,14:00,Holy Cross,Voortrekker Road,3,1,,Y,,
43960400,CTTLFA 2026,,CTTLFA Premier Reserves Knock Out 2026,,PR-08- Norway Parks,PR-13- C.R. Vasco Da Gama,23/05/26,Sat,14:00,Norway Parks,Royal Road A,0,2,,Y,,
43960399,CTTLFA 2026,,CTTLFA Premier Reserves Knock Out 2026,,PR-10- Saxon Rovers,PR-09- Rygersdal,23/05/26,Sat,14:00,Saxon Rovers,Maitland A,2,3,,Y,,
43960401,CTTLFA 2026,,CTTLFA Premier Reserves Knock Out 2026,,PR-14- Wynberg St Johns,PR-05- Green Point Salesians,23/05/26,Sat,14:00,Wynberg st Johns,Wynberg A,1,2,,Y,,
43960372,CTTLFA 2026,,CTTLFA Second Reserve Knock Out 2026,,SR-03- Camps Bay,SR-15- Young Bafana,23/05/26,Sat,14:00,Camps Bay,Camps Bay A,0,5,,Y,,
43960374,CTTLFA 2026,,CTTLFA Second Reserve Knock Out 2026,,SR-04- Chelsea Bridgetown,SR-10- Hellenic,23/05/26,Sat,14:00,Chelsea,Hickory Road A,3,0,,Y,,
43960373,CTTLFA 2026,,CTTLFA Second Reserve Knock Out 2026,,SR-07- FC Kapstadt,SR-11- Mutual FC,23/05/26,Sat,14:00,FC Kapstadt,Hartleyvale D,0,1,,Y,,
43960375,CTTLFA 2026,,CTTLFA Second Reserve Knock Out 2026,,SR-09- Goodwood United,SR-13- Varsity College,23/05/26,Sat,14:00,Goodwood,Hamilton Road A,5,0,,Y,,
43960371,CTTLFA 2026,,CTTLFA Second Reserve Knock Out 2026,,SR-14- West End United,SR-12- Queens Park,23/05/26,Sat,14:00,West End United,West End Park A,4,1,,Y,,
43960376,CTTLFA 2026,,CTTLFA Second Reserve Knock Out 2026,,SR-16- YSD Macassar,SR-06- De Beers,23/05/26,Sat,14:00,YSD Macassar,YSD Macassar A,3,2,,Y,,
43960362,CTTLFA 2026,,CTTLFA 4th Division Knock Out 2026,,D2-09- C.R. Vasco Da Gama,D2-03- Edgemead G/W,23/05/26,Sat,15:00,Vasco da Gama,Da Gama Park B,0,2,,Y,,
43960329,CTTLFA 2026,,CTTLFA O/35 B Division Knock Out 2026,,E2-08- Everton United,E2-13- Cape Town Spurs,23/05/26,Sat,15:00,Heideveld Sports Complex,#1,4,2,,Y,,
43960328,CTTLFA 2026,,CTTLFA O/35 B Division Knock Out 2026,,E2-09- Tramway,E2-06- FN Rangers B,23/05/26,Sat,15:00,Tramway,Groenewald Park A,1,13,,Y,,
43960319,CTTLFA 2026,,CTTLFA O/40 B Division Knock Out 2026,,F2-03- Garlandale,F2-10- Jamestown United,23/05/26,Sat,15:00,Garlandale,Garlandale A,0,3,,Y,,
43960392,CTTLFA 2026,,CTTLFA First Division Knock Out 2026,,FD-09- Northpine United,FD-11- Stephanian Ottery,23/05/26,Sat,15:00,Northpine United,Central Park A,0,2,,Y,,
43960390,CTTLFA 2026,,CTTLFA First Division Knock Out 2026,,FD-12- Sunningdale City,FD-05- JMI,23/05/26,Sat,15:00,Sunningdale City,Sunningdale A,3,2,,Y,,
43960402,CTTLFA 2026,,CTTLFA Premier League Knock Out 2026,,PD-11- Table View,PD-02- Edgemead G/W,23/05/26,Sat,15:00,Table View,Table View A,2,1,,Y,,
43960405,CTTLFA 2026,,CTTLFA Premier League Knock Out 2026,,PD-12- UCT,PD-10- Saxon Rovers,23/05/26,Sat,15:00,U C T,U C T,0,3,,Y,,
43960378,CTTLFA 2026,,CTTLFA Second Division Knock Out 2026,,SD-13- Varsity College,SD-10- Hellenic,23/05/26,Sat,15:00,Varsity College,WPCC - Ave de Mist,1,3,,Y,,
43262894,CTTLFA 2026,G4 - Vets 050 A,,,G4-09- West End United A,G4-03- FN Rangers,23/05/26,Sat,15:30,West End United,West End Park B,2,0,,Y,,
43960403,CTTLFA 2026,,CTTLFA Premier League Knock Out 2026,,PD-04- FN Rangers,PD-13- C.R. Vasco Da Gama,23/05/26,Sat,15:30,FN Rangers,FNB Stadium A,0,1,,Y,,
43960381,CTTLFA 2026,,CTTLFA Second Division Knock Out 2026,,SD-11- Mutual FC,SD-09- Goodwood United,23/05/26,Sat,15:30,Mutual FC,Pinelands Oval A,2,2,,Y,,
43960365,CTTLFA 2026,,CTTLFA 3rd Division Knock Out 2026,,D1-04- Edgemead G/W,D1-09- C.R. Vasco Da Gama,23/05/26,Sat,15:45,Edgemead G/W,Edgemead A,1,3,,Y,,
43575407,CTTLFA 2026,D2 - 4th Division,,,D2-02- Bothasig,D2-11- Shosholoza FC,23/05/26,Sat,15:45,Bothasig,Abe Sher C,4,1,,Y,,
43575545,CTTLFA 2026,D4 - 6th Division,,,D4-07- Rygersdal,D4-09- Stephanian Ottery,23/05/26,Sat,15:45,Stephanian Ottery,Stephanian Ottery A,1,4,,Y,,
43960406,CTTLFA 2026,,CTTLFA Premier League Knock Out 2026,,PD-06- Hanover Park,PD-08- Norway Parks,23/05/26,Sat,15:45,Hanover Park,Hanover Park A,8,0,,Y,,
43960380,CTTLFA 2026,,CTTLFA Second Division Knock Out 2026,,SD-12- Queens Park,SD-01- Avendale Athletico,23/05/26,Sat,15:45,Queens Park,10 Dongel Road Milnerton,1,3,,Y,,
43960369,CTTLFA 2026,,CTTLFA Second Reserve Knock Out 2026,,SR-01- Avendale Athletico,SR-08- Bye,23/05/26,Sat,15:45,Avendale Athletico,Field Crescent A,3,0,,Y,,
43960370,CTTLFA 2026,,CTTLFA Second Reserve Knock Out 2026,,SR-05- Clyde Pinelands,SR-02- Barmsley Spurs,23/05/26,Sat,15:45,Clyde Pinelands,Ringwood Drive A,4,0,,Y,,
43960366,CTTLFA 2026,,CTTLFA 3rd Division Knock Out 2026,,D1-01- Bellville City FC,D1-07- Saxon Rovers,23/05/26,Sat,16:00,Bellville City,PP Smit Stadium C,2,1,,Y,,
43960391,CTTLFA 2026,,CTTLFA First Division Knock Out 2026,,FD-01- Bellville City FC,FD-08- Meadowridge,23/05/26,Sat,16:00,Bellville City,PP Smit Stadium A,2,1,,Y,,
43960393,CTTLFA 2026,,CTTLFA First Division Knock Out 2026,,FD-02- Bothasig,FD-07- Kuilsriver,23/05/26,Sat,16:00,Bothasig,Abe Sher A,0,0,,Y,,
43960394,CTTLFA 2026,,CTTLFA First Division Knock Out 2026,,FD-13- Tramway,FD-10- Ruyterwacht,23/05/26,Sat,16:00,Tramway,Groenewald Park A,4,4,,Y,,
43960404,CTTLFA 2026,,CTTLFA Premier League Knock Out 2026,,PD-03- Fish Hoek,PD-07- Holy Cross,23/05/26,Sat,16:00,Fish Hoek,Fish Hoek A,1,1,,Y,,
43960407,CTTLFA 2026,,CTTLFA Premier League Knock Out 2026,,PD-14- Wynberg St Johns,PD-05- Green Point Salesians,23/05/26,Sat,16:00,Wynberg st Johns,Wynberg A,0,5,,Y,,
43960384,CTTLFA 2026,,CTTLFA Second Division Knock Out 2026,,SD-03- Camps Bay,SD-15- Young Bafana,23/05/26,Sat,16:00,Camps Bay,Camps Bay A,2,3,,Y,,
43960379,CTTLFA 2026,,CTTLFA Second Division Knock Out 2026,,SD-04- Chelsea Bridgetown,SD-07- FC Kapstadt,23/05/26,Sat,16:00,Chelsea,Hickory Road A,1,5,,Y,,
43960377,CTTLFA 2026,,CTTLFA Second Division Knock Out 2026,,SD-06- De Beers,SD-05- Clyde Pinelands,23/05/26,Sat,16:00,De Beers,Somerset West A,1,4,,Y,,
43960382,CTTLFA 2026,,CTTLFA Second Division Knock Out 2026,,SD-16- YSD Macassar,SD-14- West End United,23/05/26,Sat,16:00,YSD Macassar,YSD Macassar A,4,2,,Y,,
43256993,CTTLFA 2026,O1 - Under 12 Premier One,,,O1-01- Camps Bay,O1-03- De Beers,24/05/26,Sun,08:15,Norway Parks,Royal Road A,1,1,,Y,,
43256957,CTTLFA 2026,O1 - Under 12 Premier One,,,O1-07- Hellenic,O1-02- Cape Town Spurs,24/05/26,Sun,08:15,Hellenic,Tygerhof Sports Complex A,0,3,Away Walkover,Y,,
43256959,CTTLFA 2026,O1 - Under 12 Premier One,,,O1-10- Rygersdal,O1-06- Hanover Park,24/05/26,Sun,08:15,Rygersdal,Rygersdal A,6,1,,Y,,
43256972,CTTLFA 2026,O1 - Under 12 Premier One,,,O1-11- Table View,O1-13- Wynberg St Johns,24/05/26,Sun,08:15,Table View,Table View A,1,4,,Y,,
43257388,CTTLFA 2026,O2 - Under 12 Premier Two,,,O2-12- Young Bafana,O2-06- Kuilsriver,24/05/26,Sun,08:15,Young Bafana,YB Arena A,5,0,,Y,,
43274195,CTTLFA 2026,O4 - Under 12 Division Four,,,O4-09- Table View B,O4-04- FN Rangers B,24/05/26,Sun,08:15,Table View,Table View B,1,9,,Y,,
43256837,CTTLFA 2026,M1 - Under 14 Premier One,,,M1-01- Camps Bay,M1-03- De Beers,24/05/26,Sun,09:30,Norway Parks,Royal Road A,0,2,,Y,,
43256803,CTTLFA 2026,M1 - Under 14 Premier One,,,M1-10- Rygersdal,M1-06- Hanover Park,24/05/26,Sun,09:30,Rygersdal,Rygersdal A,2,3,,Y,,
43256816,CTTLFA 2026,M1 - Under 14 Premier One,,,M1-11- Table View,M1-13- Wynberg St Johns,24/05/26,Sun,09:30,Table View,Table View A,2,0,,Y,,
43257256,CTTLFA 2026,M2 - Under 14 Premier Two,,,M2-12- Young Bafana,M2-06- Kuilsriver,24/05/26,Sun,09:30,Young Bafana,YB Arena A,0,1,,Y,,
43260846,CTTLFA 2026,M3B - Under 14 Premier Three B,,,M3-15- Mutual FC,M3-09- Holy Cross,24/05/26,Sun,09:30,Mutual FC,Pinelands Oval A,0,6,,Y,,
43279137,CTTLFA 2026,M4 - Under 14 Division Four,,,M4-09- Table View B,M4-04- FN Rangers B,24/05/26,Sun,09:30,Table View,Table View B,1,2,,Y,,
43806266,CTTLFA 2026,M7 - Under 14 Division Seven,,,M7-05- Rygersdal C,M7-06- Sunningdale City C.,24/05/26,Sun,09:30,Rygersdal,Allenby Drive Sports Complex,1,5,,Y,,
43274204,CTTLFA 2026,O4 - Under 12 Division Four,,,O4-01- Camps Bay B.,O4-10- CR Vasco Da Gama B,24/05/26,Sun,09:30,Camps Bay,Maidens Cove,1,14,,Y,,
43331098,CTTLFA 2026,O6 - Under 12 Division Six,,,O6-09- Holy Cross B,O6-02- Brooklyn Superstars,24/05/26,Sun,09:30,Holy Cross,Holy Cross School A,0,6,,Y,,
43256681,CTTLFA 2026,K1 - Under 16 Premier One,,,K1-01- Camps Bay,K1-03- De Beers,24/05/26,Sun,10:50,Norway Parks,Royal Road A,7,0,,Y,,
43256676,CTTLFA 2026,K1 - Under 16 Premier One,,,K1-02- Cape Town Spurs,K1-12- CR Vasco Da Gama,24/05/26,Sun,10:50,Cape Town Spurs,Ikamva A,2,1,,Y,,
43256647,CTTLFA 2026,K1 - Under 16 Premier One,,,K1-10- Rygersdal,K1-06- Hanover Park,24/05/26,Sun,10:50,Rygersdal,Rygersdal A,1,4,,Y,,
43256660,CTTLFA 2026,K1 - Under 16 Premier One,,,K1-11- Table View,K1-13- Wynberg St Johns,24/05/26,Sun,10:50,Table View,Table View A,0,0,,Y,,
43257123,CTTLFA 2026,K2 - Under 16 Premier Two,,,K2-12- Young Bafana,K2-06- Kuilsriver,24/05/26,Sun,10:50,Young Bafana,YB Arena A,3,0,Home Walkover,Y,,
43260790,CTTLFA 2026,K3B - Under 16 Premier Three B,,,K3-15- Mutual FC,K3-09- Holy Cross,24/05/26,Sun,10:50,Mutual FC,Pinelands Oval A,0,6,,Y,,
43279248,CTTLFA 2026,K4 - Under 16 Division Four,,,K4-09- Table View B.,K4-04- FN Rangers B,24/05/26,Sun,10:50,Table View,Table View B,4,1,,Y,,
43806826,CTTLFA 2026,K7 - Under 16 Girls Premier One,,,K7-10- Rygersdal,K7-04- Camps Bay,24/05/26,Sun,10:50,Rygersdal,Allenby Drive Sports Complex,2,3,,Y,,
43279134,CTTLFA 2026,M4 - Under 14 Division Four,,,M4-01- Camps Bay B.,M4-10- CR Vasco Da Gama B,24/05/26,Sun,10:50,Camps Bay,Maidens Cove,0,22,,Y,,
43272855,CTTLFA 2026,M6 - Under 14 Division Six,,,M6-08- Holy Cross B.,M6-09- JMI,24/05/26,Sun,10:50,Holy Cross,Holy Cross School A,2,7,,Y,,
43260904,CTTLFA 2026,O3B - Under 12 Premier Three B,,,O3-15- Mutual FC,O3-09- Holy Cross,24/05/26,Sun,12:00,Mutual FC,Pinelands Oval C,2,3,,Y,,
43206926,CTTLFA 2026,I3B - Under 18 Premier Three B,,,I3-15- Mutual FC,I3-09- Holy Cross,24/05/26,Sun,12:30,Mutual FC,Pinelands Oval A,0,1,,Y,,
43275067,CTTLFA 2026,I4 - Under 18 Division Four,,,I4-08- Table View B,I4-02- Cape Town Spurs B,24/05/26,Sun,12:30,Table View,Table View B,2,1,,Y,,
43279245,CTTLFA 2026,K4 - Under 16 Division Four,,,K4-01- Bye,K4-10- CR Vasco Da Gama B,24/05/26,Sun,12:30,Bye,#1,0,0,,Y,,
43279374,CTTLFA 2026,K5 - Under 16 Division Five,,,K5-11- Sunningdale City B,K5-09- Meadowridge B.,24/05/26,Sun,12:30,Sunningdale City,Sunningdale A,2,1,,Y,,
43805724,CTTLFA 2026,K6 - Under 16 Division Six,,,K6-04- Holy Cross B,K6-06- Meadowridge C,24/05/26,Sun,12:30,Holy Cross,Voortrekker Road,3,1,,Y,,
43805717,CTTLFA 2026,K8- Under 16 Division Seven,,,K8-07- Rygersdal C,K8-05- Meadowridge D,24/05/26,Sun,12:30,Rygersdal,Allenby Drive Sports Complex,3,1,,Y,,
43256801,CTTLFA 2026,M1 - Under 14 Premier One,,,M1-07- Hellenic,M1-02- Cape Town Spurs,24/05/26,Sun,12:30,Hellenic,Tygerhof Sports Complex A,2,1,,Y,,
43279488,CTTLFA 2026,M5 - Under 14 Division Five,,,M5-09- Meadowridge B.,M5-03- Clyde Pinelands B,24/05/26,Sun,12:30,Meadowridge,Meadowridge A,3,0,Home Walkover,Y,,
43274209,CTTLFA 2026,O5 - Under 12 Division Five,,,O5-10- Stephanian Ottery B,O5-03- Clyde Pinelands B,24/05/26,Sun,12:30,Stephanian Ottery,Stephanian Ottery B,1,3,,Y,,
43256278,CTTLFA 2026,B2 - First Reserve,,,FR-04- Garden Village,FR-07- Kuilsriver,24/05/26,Sun,14:00,Garden Village,Alexander Road,2,3,,Y,,
43256279,CTTLFA 2026,B2 - First Reserve,,,FR-06- Kensington,FR-05- JMI,24/05/26,Sun,14:00,Kensington,14 Avenue A,1,0,,Y,,
43256280,CTTLFA 2026,B2 - First Reserve,,,FR-08- Meadowridge,FR-09- Northpine United,24/05/26,Sun,14:00,Meadowridge,Meadowridge B,4,0,,Y,,
43256282,CTTLFA 2026,B2 - First Reserve,,,FR-12- Sunningdale City,FR-10- Ruyterwacht,24/05/26,Sun,14:00,Sunningdale City,Sunningdale A,5,1,,Y,,
43275145,CTTLFA 2026,I4 - Under 18 Division Four,,,I4-06- Rygersdal B.,I4-04- Northpine United B,24/05/26,Sun,14:00,Rygersdal,Allenby Drive Sports Complex,0,2,,Y,,
43256463,CTTLFA 2026,C2 - Second Reserve,,,SR-01- Avendale Athletico,SR-13- Varsity College,24/05/26,Sun,14:00,Avendale Athletico,Field Crescent A,1,1,,Y,,
43256465,CTTLFA 2026,C2 - Second Reserve,,,SR-06- De Beers,SR-15- Young Bafana,24/05/26,Sun,14:00,De Beers,Somerset West A,1,3,,Y,,
43256466,CTTLFA 2026,C2 - Second Reserve,,,SR-09- Goodwood United,SR-16- YSD Macassar,24/05/26,Sun,14:00,Goodwood,Hamilton Road A,0,2,,Y,,
43256468,CTTLFA 2026,C2 - Second Reserve,,,SR-11- Mutual FC,SR-08- Bye,24/05/26,Sun,14:00,Mutual FC,Pinelands Oval A,0,0,,Y,,
43256469,CTTLFA 2026,C2 - Second Reserve,,,SR-12- Queens Park,SR-05- Clyde Pinelands,24/05/26,Sun,14:00,Queens Park,10 Dongel Road Milnerton,6,1,,Y,,
43256470,CTTLFA 2026,C2 - Second Reserve,,,SR-14- West End United,SR-02- Barmsley Spurs,24/05/26,Sun,14:00,West End United,West End Park A,1,0,,Y,,
42990198,CTTLFA 2026,B1 - First Division,,,FD-04- Garden Village,FD-07- Kuilsriver,24/05/26,Sun,15:45,Garden Village,Alexander Road,3,2,,Y,,
42990196,CTTLFA 2026,B1 - First Division,,,FD-06- Kensington,FD-05- JMI,24/05/26,Sun,15:45,Kensington,14 Avenue A,2,1,,Y,,
42990199,CTTLFA 2026,B1 - First Division,,,FD-08- Meadowridge,FD-09- Northpine United,24/05/26,Sun,15:45,Meadowridge,Meadowridge B,3,1,,Y,,
42990200,CTTLFA 2026,B1 - First Division,,,FD-12- Sunningdale City,FD-10- Ruyterwacht,24/05/26,Sun,15:45,Sunningdale City,Sunningdale A,2,2,,Y,,
43206524,CTTLFA 2026,C1 - Second Division,,,SD-01- Avendale Athletico,SD-13- Varsity College,24/05/26,Sun,15:45,Avendale Athletico,Field Crescent A,3,1,,Y,,
43206531,CTTLFA 2026,C1 - Second Division,,,SD-06- De Beers,SD-15- Young Bafana,24/05/26,Sun,15:45,De Beers,Somerset West A,1,2,,Y,,
43206529,CTTLFA 2026,C1 - Second Division,,,SD-09- Goodwood United,SD-16- YSD Macassar,24/05/26,Sun,15:45,Goodwood,Hamilton Road A,0,3,,Y,,
43206527,CTTLFA 2026,C1 - Second Division,,,SD-11- Mutual FC,SD-08- Bye,24/05/26,Sun,15:45,Mutual FC,Pinelands Oval A,0,0,,Y,,
43206526,CTTLFA 2026,C1 - Second Division,,,SD-12- Queens Park,SD-05- Clyde Pinelands,24/05/26,Sun,15:45,Queens Park,10 Dongel Road Milnerton,1,1,,Y,,
43206528,CTTLFA 2026,C1 - Second Division,,,SD-14- West End United,SD-02- Barmsley Spurs,24/05/26,Sun,15:45,West End United,West End Park A,2,2,,Y,,
43262772,CTTLFA 2026,G5 - Vets 050 B,,,G5-01- Bothasig,G5-08- Lansdowne,25/05/26,Mon,19:00,Bothasig,Abe Sher A,10,0,,Y,,
43960338,CTTLFA 2026,,CTTLFA Womans First Division Knock Out 2026,,H2-03- Green Point Salesians B,H2-11- Magic Ladies B,25/05/26,Mon,19:30,Green Point,Green Point A,4,3,,Y,,
43256281,CTTLFA 2026,B2 - First Reserve,,,FR-11- Stephanian Ottery,FR-13- Tramway,26/05/26,Tue,19:00,Stephanian Ottery,Stephanian Ottery A,3,0,,Y,,
43256100,CTTLFA 2026,A2 - Premier Reserve,,,PR-07- Holy Cross,PR-12- UCT,26/05/26,Tue,19:00,Holy Cross,Voortrekker Road,2,1,,Y,,
43256464,CTTLFA 2026,C2 - Second Reserve,,,SR-03- Camps Bay,SR-04- Chelsea Bridgetown,26/05/26,Tue,19:00,Camps Bay,Camps Bay A,3,2,,Y,,
43262463,CTTLFA 2026,F1 - Vets 040 A,,,F1-05- Hanover Park,F1-08- Stephanian Ottery,26/05/26,Tue,20:00,Hanover Park,Hanover Park A,6,0,,Y,,
43960383,CTTLFA 2026,,CTTLFA Second Division Knock Out 2026,,SD-02- Barmsley Spurs,SD-08- Bye,26/05/26,Tue,20:15,Chelsea,Hickory Road A,3,0,,Y,,
42990195,CTTLFA 2026,B1 - First Division,,,FD-11- Stephanian Ottery,FD-13- Tramway,26/05/26,Tue,20:30,Stephanian Ottery,Stephanian Ottery A,3,1,,Y,,
42996911,CTTLFA 2026,A1 - Premier Division,,,PD-07- Holy Cross,PD-12- UCT,26/05/26,Tue,20:30,Holy Cross,Voortrekker Road,3,3,,Y,,
43206530,CTTLFA 2026,C1 - Second Division,,,SD-03- Camps Bay,SD-04- Chelsea Bridgetown,26/05/26,Tue,20:30,Camps Bay,Camps Bay A,2,0,,Y,,
43256988,CTTLFA 2026,O1 - Under 12 Premier One,,,O1-02- Cape Town Spurs,O1-12- CR Vasco Da Gama,27/05/26,Wed,18:30,Cape Town Spurs,Ikamva C,0,1,,Y,,
43806554,CTTLFA 2026,H1 - Womens Premier League,,,H1-05- FN Rangers,H1-11- UCT,27/05/26,Wed,19:00,FN Rangers,FNB Stadium A,3,0,,Y,,
43317319,CTTLFA 2026,H2 - Womens First Division,,,H2-10- UCT B,H2-04- Kensington,27/05/26,Wed,19:00,U C T,U C T,0,7,,Y,,
43257381,CTTLFA 2026,O2 - Under 12 Premier Two,,,O2-10- Stephanian Ottery,O2-12- Young Bafana,27/05/26,Wed,19:00,Stephanian Ottery,Stephanian Ottery A,0,7,,Y,,
42990015,CTTLFA 2026,I2 - Under 18 Premier Two,,,I2-11- Sunningdale City,I2-09- Shosholoza,27/05/26,Wed,19:30,Sunningdale City,Sunningdale A,0,3,,Y,,
43575694,CTTLFA 2026,F2 - Vets 040 B,,,F2-12- Sunningdale City B,F2-02- Bothasig,27/05/26,Wed,20:00,Sunningdale City,Sunningdale B,3,0,,Y,,
43806368,CTTLFA 2026,G1 - Vets 045 A,,,G1-01- De Beers,G1-08- Bothasig,27/05/26,Wed,20:00,De Beers,Somerset West A,7,0,,Y,,
43575230,CTTLFA 2026,D1 - 3rd Division,,,D1-05- Garden Village,D1-02- Bothasig,27/05/26,Wed,20:30,Garden Village,Alexander Road,1,0,,Y,,
43575934,CTTLFA 2026,E1- Vets 035,,,E1-01- Avendale Athletico,E1-08- Ruyterwacht,27/05/26,Wed,20:30,Chelsea,Hickory Road A,3,3,,Y,,
43575932,CTTLFA 2026,E1- Vets 035,,,E1-03- Clyde Pinelands,E1-06- Hanover Park,27/05/26,Wed,20:30,Clyde Pinelands,Ringwood Drive A,1,5,,Y,,
43575874,CTTLFA 2026,E2- Vets 035 B,,,E2-13- Cape Town Spurs,E2-12- Clyde Pinelands B,27/05/26,Wed,20:30,Cape Town Spurs,Ikamva A,11,1,,Y,,
43256294,CTTLFA 2026,B2 - First Reserve,,,FR-12- Sunningdale City,FR-02- Bothasig,28/05/26,Thu,19:00,Sunningdale City,Sunningdale A,0,2,,Y,,
43575432,CTTLFA 2026,D2 - 4th Division,,,D2-04- Fish Hoek,D2-02- Bothasig,28/05/26,Thu,20:00,Fish Hoek,Fish Hoek A,1,2,,Y,,
43575430,CTTLFA 2026,D2 - 4th Division,,,D2-01- Avendale Athletico,D2-08- Table View,28/05/26,Thu,20:30,Chelsea,Hickory Road A,3,0,,Y,,
42990208,CTTLFA 2026,B1 - First Division,,,FD-12- Sunningdale City,FD-02- Bothasig,28/05/26,Thu,20:30,Sunningdale City,Sunningdale A,5,2,,Y,,
43262914,CTTLFA 2026,G4 - Vets 050 A,,,G4-02- Fish Hoek,G4-06- Rygersdal,29/05/26,Fri,19:00,Fish Hoek,Fish Hoek A,1,0,,Y,,
43262913,CTTLFA 2026,G4 - Vets 050 A,,,G4-05- Holy Cross,G4-01- Clyde Pinelands,29/05/26,Fri,19:00,Holy Cross,Voortrekker Road,3,2,,Y,,
43575089,CTTLFA 2026,G6 - Vets O50 C,,,G6-04- Stephanian Ottery B,G6-06- Tramway B,29/05/26,Fri,19:00,Stephanian Ottery,Stephanian Ottery B,0,1,,Y,,
43575090,CTTLFA 2026,G6 - Vets O50 C,,,G6-08- Wynberg St Johns,G6-11- Bye,29/05/26,Fri,19:00,Wynberg st Johns,Wynberg B,0,0,,Y,,
43317289,CTTLFA 2026,H2 - Womens First Division,,,H2-04- Kensington,H2-05- Kuilsriver,29/05/26,Fri,19:00,Kensington,14 Avenue A,9,0,,Y,,
43317288,CTTLFA 2026,H2 - Womens First Division,,,H2-08- Saxon Rovers,H2-10- UCT B,29/05/26,Fri,19:00,Saxon Rovers,Maitland A,10,0,,Y,,
43317286,CTTLFA 2026,H2 - Womens First Division,,,H2-12- Hanover Park,H2-11- Magic Ladies B,29/05/26,Fri,19:00,Hanover Park,Hanover Park A,1,3,,Y,,
43574597,CTTLFA 2026,M8 - Under 14 Girls Premier One,,,M8-05- Meadowridge,M8-06- Norway Parks,29/05/26,Fri,19:00,Meadowridge,Meadowridge B,2,0,,Y,,
43575562,CTTLFA 2026,D4 - 6th Division,,,D4-11- Edgemead G/W,D4-09- Stephanian Ottery,29/05/26,Fri,19:30,Edgemead G/W,Edgemead D,0,5,,Y,,
43575821,CTTLFA 2026,E2- Vets 035 B,,,E2-02- Durbanville,E2-06- FN Rangers B,29/05/26,Fri,19:30,Durbanville,Klazinga Park A,0,3,,Y,,
43575818,CTTLFA 2026,E2- Vets 035 B,,,E2-08- Everton United,E2-03- Green Point Salesians,29/05/26,Fri,19:30,Heideveld Sports Complex,#1,2,6,,Y,,
43262457,CTTLFA 2026,F1 - Vets 040 A,,,F1-06- Norway Parks,F1-01- Bellville City,29/05/26,Fri,19:30,Norway Parks,Royal Road A,2,1,,Y,,
43262464,CTTLFA 2026,F1 - Vets 040 A,,,F1-10- C.R. Vasco Da Gama,F1-07- Rygersdal,29/05/26,Fri,19:30,Vasco da Gama,Da Gama Park A,1,0,,Y,,
43575692,CTTLFA 2026,F2 - Vets 040 B,,,F2-03- Garlandale,F2-10- Jamestown United,29/05/26,Fri,19:30,Garlandale,Garlandale A,1,5,,Y,,
43575091,CTTLFA 2026,G6 - Vets O50 C,,,G6-05- Table View,G6-09- YMO FC,29/05/26,Fri,19:30,Table View,Table View B,2,4,,Y,,
43806536,CTTLFA 2026,H1 - Womens Premier League,,,H1-02- Bellville City,H1-12- Bye.,29/05/26,Fri,19:30,Bellville City,PP Smit Stadium C,0,0,,Y,,
43575238,CTTLFA 2026,D3 - 5th Division,,,D3-09- Tramway,D3-07- Northpine United,29/05/26,Fri,20:00,Tramway,Groenewald Park A,1,2,,Y,,
43575820,CTTLFA 2026,E2- Vets 035 B,,,E2-10- Wynberg St Johns,E2-09- Tramway,29/05/26,Fri,20:00,Wynberg st Johns,Wynberg A,5,0,,Y,,
43806369,CTTLFA 2026,G1 - Vets 045 A,,,G1-03- FN Rangers,G1-09- Garden Village,29/05/26,Fri,20:00,Garden Village,Alexander Road,10,2,,Y,,
43262915,CTTLFA 2026,G4 - Vets 050 A,,,G4-07- Stephanian Ottery,G4-08- Tramway,29/05/26,Fri,20:15,Stephanian Ottery,Stephanian Ottery A,1,3,,Y,,
43575565,CTTLFA 2026,D4 - 6th Division,,,D4-04- Holy Cross,D4-10- Sunningdale City,29/05/26,Fri,20:30,Holy Cross,Voortrekker Road,4,2,,Y,,
43575561,CTTLFA 2026,D4 - 6th Division,,,D4-06- Bye,D4-12- Lansdowne,29/05/26,Fri,20:30,Queens Park,10 Dongel Road Milnerton,0,0,,Y,,
43575822,CTTLFA 2026,E2- Vets 035 B,,,E2-07- Meadowridge,E2-01- Bellville City,29/05/26,Fri,20:30,Meadowridge,Meadowridge B,2,0,,Y,,
43262458,CTTLFA 2026,F1 - Vets 040 A,,,F1-03- Fish Hoek,F1-02- Edgemead G/W,29/05/26,Fri,20:30,Fish Hoek,Fish Hoek A,1,4,,Y,,
43575693,CTTLFA 2026,F2 - Vets 040 B,,,F2-01- Avendale Athletico,F2-04- Goodwood United,29/05/26,Fri,20:30,Chelsea,Hickory Road A,6,1,,Y,,
43575761,CTTLFA 2026,F2 - Vets 040 B,,,F2-08- Kensington,F2-06- Kuilsriver,29/05/26,Fri,20:30,Kensington,14 Avenue A,1,3,,Y,,
43575695,CTTLFA 2026,F2 - Vets 040 B,,,F2-11- Saxon Rovers,F2-09- Wynberg St Johns,29/05/26,Fri,20:30,Saxon Rovers,Maitland A,1,0,,Y,,
43262773,CTTLFA 2026,G5 - Vets 050 B,,,G5-07- Hanover Park B,G5-09- Meadowridge,29/05/26,Fri,20:30,Hanover Park,Hanover Park B,4,1,,Y,,
43274252,CTTLFA 2026,O5 - Under 12 Division Five,,,O5-05- Edgemead G/W B.,O5-11- Sunningdale City B,30/05/26,Sat,08:00,Edgemead G/W,Edgemead A,3,4,,Y,,
43806166,CTTLFA 2026,M7 - Under 14 Division Seven,,,M7-07- Table View C,M7-05- Rygersdal C,30/05/26,Sat,08:15,Table View,Table View B,3,0,,Y,,
43256994,CTTLFA 2026,O1 - Under 12 Premier One,,,O1-05- FN Rangers,O1-02- Cape Town Spurs,30/05/26,Sat,08:15,FN Rangers,FNB Stadium A,4,1,,Y,,
43256995,CTTLFA 2026,O1 - Under 12 Premier One,,,O1-06- Hanover Park,O1-03- De Beers,30/05/26,Sat,08:15,Hanover Park,Hanover Park A,1,8,,Y,,
43256996,CTTLFA 2026,O1 - Under 12 Premier One,,,O1-08- Northpine United,O1-13- Wynberg St Johns,30/05/26,Sat,08:15,Northpine United,Central Park A,0,1,,Y,,
43256998,CTTLFA 2026,O1 - Under 12 Premier One,,,O1-11- Table View,O1-09- Norway Parks,30/05/26,Sat,08:15,Table View,Table View A,0,7,,Y,,
43256999,CTTLFA 2026,O1 - Under 12 Premier One,,,O1-12- CR Vasco Da Gama,O1-07- Hellenic,30/05/26,Sat,08:15,Vasco da Gama,Da Gama Park B,1,5,,Y,,
43257407,CTTLFA 2026,O2 - Under 12 Premier Two,,,O2-02- Durbanville,O2-06- Kuilsriver,30/05/26,Sat,08:15,Durbanville,Klazinga Park A,5,0,,Y,,
43257408,CTTLFA 2026,O2 - Under 12 Premier Two,,,O2-04- Fish Hoek,O2-05- Kensington,30/05/26,Sat,08:15,Fish Hoek,Fish Hoek A,4,0,,Y,,
43257409,CTTLFA 2026,O2 - Under 12 Premier Two,,,O2-07- Meadowridge,O2-08- Saxon Rovers,30/05/26,Sat,08:15,Meadowridge,Meadowridge A,3,2,,Y,,
43257410,CTTLFA 2026,O2 - Under 12 Premier Two,,,O2-09- Shosholoza,O2-03- Edgemead G/W,30/05/26,Sat,08:15,Pelican Heights Sports Ground,Pelican A,0,5,,Y,,
43257411,CTTLFA 2026,O2 - Under 12 Premier Two,,,O2-10- Stephanian Ottery,O2-11- Sunningdale City,30/05/26,Sat,08:15,Stephanian Ottery,Stephanian Ottery A,0,6,,Y,,
43257412,CTTLFA 2026,O2 - Under 12 Premier Two,,,O2-12- Young Bafana,O2-01- Clyde Pinelands,30/05/26,Sat,08:15,Young Bafana,YB Arena A,8,0,,Y,,
43260909,CTTLFA 2026,O3B - Under 12 Premier Three B,,,O3-06- Goodwood United,O3-02- Bellville City,30/05/26,Sat,08:15,Goodwood,Hamilton Road A,1,1,,Y,,
43805159,CTTLFA 2026,O3 - Under 12 Premier Three,,,O3-07- Grass Boots,O3-04- Chelsea Bridgetown,30/05/26,Sat,08:15,Grass Boots,"Van Riebeeck Park, Sidmouth Road A",7,2,,Y,,
43260910,CTTLFA 2026,O3B - Under 12 Premier Three B,,,O3-09- Holy Cross,O3-14- YSD Macassar,30/05/26,Sat,08:15,Holy Cross,Holy Cross School A,3,0,Home Walkover,Y,,
43260911,CTTLFA 2026,O3B - Under 12 Premier Three B,,,O3-13- West End United,O3-05- Garden Village,30/05/26,Sat,08:15,West End United,West End Park A,3,0,,Y,,
43805161,CTTLFA 2026,O3 - Under 12 Premier Three,,,O3-17- Queens Park,O3-16- Garlandale,30/05/26,Sat,08:15,Queens Park,10 Dongel Road Milnerton,3,1,,Y,,
43274247,CTTLFA 2026,O4 - Under 12 Division Four,,,O4-03- De Beers B.,O4-10- CR Vasco Da Gama B,30/05/26,Sat,08:15,De Beers,Somerset West B,0,6,,Y,,
43274251,CTTLFA 2026,O4 - Under 12 Division Four,,,O4-04- FN Rangers B,O4-02- Cape Town Spurs B,30/05/26,Sat,08:15,FN Rangers,FNB Stadium B,6,1,,Y,,
43274250,CTTLFA 2026,O4 - Under 12 Division Four,,,O4-06- Norway Parks B,O4-11- Wynberg St Johns B.,30/05/26,Sat,08:15,Norway Parks,Royal Road D,2,1,,Y,,
43274254,CTTLFA 2026,O4 - Under 12 Division Four,,,O4-08- Saxon Rovers B,O4-07- Rygersdal B,30/05/26,Sat,08:15,Saxon Rovers,Maitland B,2,5,,Y,,
43274249,CTTLFA 2026,O5 - Under 12 Division Five,,,O5-04- Durbanville B.,O5-10- Stephanian Ottery B,30/05/26,Sat,08:15,Durbanville,Klazinga Park B,0,0,,Y,,
43274246,CTTLFA 2026,O5 - Under 12 Division Five,,,O5-09- Meadowridge B.,O5-07- Goodwood United B,30/05/26,Sat,08:15,Meadowridge,Meadowridge B,7,1,,Y,,
43331106,CTTLFA 2026,O6 - Under 12 Division Six,,,O6-05- Fish Hoek C,O6-02- Brooklyn Superstars,30/05/26,Sat,08:15,Fish Hoek,Fish Hoek B,0,10,,Y,,
43574493,CTTLFA 2026,O7 - Under 12 Girls Premier One (9v9),,,O7-08- Wynberg St Johns,O7-04- Bye,30/05/26,Sat,08:15,Wynberg st Johns,Wynberg C,0,0,,Y,,
43806110,CTTLFA 2026,O8- Under 12 Division Seven,,,O8-02- Durbanville C,O8-05- Norway Parks C,30/05/26,Sat,08:15,Durbanville,Klazinga Park C,1,4,,Y,,
43806064,CTTLFA 2026,O8- Under 12 Division Seven,,,O8-09- Lansdowne,O8-03- Mutual B,30/05/26,Sat,08:15,Lansdowne,Chukker Road A,1,6,,Y,,
43256838,CTTLFA 2026,M1 - Under 14 Premier One,,,M1-05- FN Rangers,M1-02- Cape Town Spurs,30/05/26,Sat,09:30,FN Rangers,FNB Stadium A,2,2,,Y,,
43256839,CTTLFA 2026,M1 - Under 14 Premier One,,,M1-06- Hanover Park,M1-03- De Beers,30/05/26,Sat,09:30,Hanover Park,Hanover Park A,1,0,,Y,,
43256840,CTTLFA 2026,M1 - Under 14 Premier One,,,M1-08- Northpine United,M1-13- Wynberg St Johns,30/05/26,Sat,09:30,Northpine United,Central Park A,1,3,,Y,,
43256842,CTTLFA 2026,M1 - Under 14 Premier One,,,M1-11- Table View,M1-09- Norway Parks,30/05/26,Sat,09:30,Table View,Table View A,0,3,,Y,,
43256843,CTTLFA 2026,M1 - Under 14 Premier One,,,M1-12- CR Vasco Da Gama,M1-07- Hellenic,30/05/26,Sat,09:30,Vasco da Gama,Da Gama Park B,0,1,,Y,,
43257275,CTTLFA 2026,M2 - Under 14 Premier Two,,,M2-02- Durbanville,M2-06- Kuilsriver,30/05/26,Sat,09:30,Durbanville,Klazinga Park A,3,1,,Y,,
43257276,CTTLFA 2026,M2 - Under 14 Premier Two,,,M2-04- Fish Hoek,M2-05- Kensington,30/05/26,Sat,09:30,Fish Hoek,Fish Hoek A,1,4,,Y,,
43257277,CTTLFA 2026,M2 - Under 14 Premier Two,,,M2-07- Meadowridge,M2-08- Saxon Rovers,30/05/26,Sat,09:30,Meadowridge,Meadowridge A,2,1,,Y,,
43257278,CTTLFA 2026,M2 - Under 14 Premier Two,,,M2-09- Shosholoza,M2-03- Edgemead G/W,30/05/26,Sat,09:30,Pelican Heights Sports Ground,Pelican A,1,3,,Y,,
43257279,CTTLFA 2026,M2 - Under 14 Premier Two,,,M2-10- Stephanian Ottery,M2-11- Sunningdale City,30/05/26,Sat,09:30,Stephanian Ottery,Stephanian Ottery A,0,2,,Y,,
43257280,CTTLFA 2026,M2 - Under 14 Premier Two,,,M2-12- Young Bafana,M2-01- Clyde Pinelands,30/05/26,Sat,09:30,Young Bafana,YB Arena A,8,0,,Y,,
43260851,CTTLFA 2026,M3B - Under 14 Premier Three B,,,M3-06- Goodwood United,M3-02- Bellville City,30/05/26,Sat,09:30,Goodwood,Hamilton Road A,1,6,,Y,,
43805476,CTTLFA 2026,M3 - Under 14 Premier Three,,,M3-07- Grass Boots,M3-04- Chelsea Bridgetown,30/05/26,Sat,09:30,Grass Boots,"Van Riebeeck Park, Sidmouth Road A",0,3,,Y,,
43260853,CTTLFA 2026,M3B - Under 14 Premier Three B,,,M3-13- West End United,M3-05- Garden Village,30/05/26,Sat,09:30,West End United,West End Park A,1,0,,Y,,
43805478,CTTLFA 2026,M3 - Under 14 Premier Three,,,M3-17- Queens Park,M3-16- Garlandale,30/05/26,Sat,09:30,Queens Park,10 Dongel Road Milnerton,1,2,,Y,,
43279160,CTTLFA 2026,M4 - Under 14 Division Four,,,M4-03- De Beers B.,M4-10- CR Vasco Da Gama B,30/05/26,Sat,09:30,De Beers,Somerset West B,0,3,,Y,,
43279161,CTTLFA 2026,M4 - Under 14 Division Four,,,M4-04- FN Rangers B,M4-02- Cape Town Spurs B,30/05/26,Sat,09:30,FN Rangers,FNB Stadium B,1,3,,Y,,
43279162,CTTLFA 2026,M4 - Under 14 Division Four,,,M4-06- Norway Parks B,M4-11- Wynberg St Johns B.,30/05/26,Sat,09:30,Norway Parks,Royal Road D,1,1,,Y,,
43279163,CTTLFA 2026,M4 - Under 14 Division Four,,,M4-08- Saxon Rovers B.,M4-07- Rygersdal B,30/05/26,Sat,09:30,Saxon Rovers,Maitland B,0,3,,Y,,
43279164,CTTLFA 2026,M4 - Under 14 Division Four,,,M4-09- Table View B,M4-01- Camps Bay B.,30/05/26,Sat,09:30,Table View,Table View B,5,0,,Y,,
43279496,CTTLFA 2026,M5 - Under 14 Division Five,,,M5-04- Durbanville B.,M5-10- Stephanian Ottery B,30/05/26,Sat,09:30,Durbanville,Klazinga Park B,8,0,,Y,,
43279497,CTTLFA 2026,M5 - Under 14 Division Five,,,M5-05- Edgemead G/W B.,M5-11- Sunningdale City B,30/05/26,Sat,09:30,Edgemead G/W,Edgemead A,6,2,,Y,,
43279499,CTTLFA 2026,M5 - Under 14 Division Five,,,M5-09- Meadowridge B.,M5-07- Goodwood United B,30/05/26,Sat,09:30,Meadowridge,Meadowridge B,5,0,,Y,,
43272860,CTTLFA 2026,M6 - Under 14 Division Six,,,M6-02- Brooklyn Superstars,M6-05- Edgemead G/W C,30/05/26,Sat,09:30,Bayview Sports Complex,Brooklyn Bayview Sports Complex A,0,1,,Y,,
43272863,CTTLFA 2026,M6 - Under 14 Division Six,,,M6-06- FC Kapstadt B,M6-03- Bye,30/05/26,Sat,09:30,FC Kapstadt,Hartleyvale D,0,0,,Y,,
43272861,CTTLFA 2026,M6 - Under 14 Division Six,,,M6-07- Hellenic B,M6-09- JMI,30/05/26,Sat,09:30,Hellenic,Tygerhof Sports Complex A,3,0,,Y,,
43806173,CTTLFA 2026,M7 - Under 14 Division Seven,,,M7-08- Wynberg St Johns C,M7-06- Sunningdale City C.,30/05/26,Sat,09:30,Wynberg st Johns,Wynberg A,2,3,,Y,,
43806172,CTTLFA 2026,M7 - Under 14 Division Seven,,,M7-10- Lansdowne,M7-09- Durbanville C,30/05/26,Sat,09:30,Lansdowne,Chukker Road A,2,3,,Y,,
43574594,CTTLFA 2026,M8 - Under 14 Girls Premier One,,,M8-01- Bellville City,M8-12- Hout Bay,30/05/26,Sat,09:30,Bellville City,PP Smit Stadium C,2,1,,Y,,
43574595,CTTLFA 2026,M8 - Under 14 Girls Premier One,,,M8-09- Stephanian Ottery,M8-04- Fish Hoek,30/05/26,Sat,09:30,Stephanian Ottery,Stephanian Ottery B,0,8,,Y,,
43574596,CTTLFA 2026,M8 - Under 14 Girls Premier One,,,M8-11- Wynberg St Johns,M8-07- Rygersdal,30/05/26,Sat,09:30,Wynberg st Johns,Wynberg C,0,3,Away Walkover,Y,,
43806167,CTTLFA 2026,M9- Under 14 Division Eight,,,M9-01- Bellville City C,M9-04- Tramway,30/05/26,Sat,09:30,Bellville City,PP Smit Stadium B,2,9,,Y,,
43331142,CTTLFA 2026,O6 - Under 12 Division Six,,,O6-04- FC Kapstadt B,O6-06- Grass Boots B,30/05/26,Sat,09:30,FC Kapstadt,Hartleyvale D,14,0,,Y,,
43331107,CTTLFA 2026,O6 - Under 12 Division Six,,,O6-09- Holy Cross B,O6-08- Stephanian Ottery C,30/05/26,Sat,09:30,Holy Cross,Holy Cross School A,3,0,,Y,,
43574495,CTTLFA 2026,O7 - Under 12 Girls Premier One (9v9),,,O7-09- Hout Bay,O7-03- Fish Hoek.,30/05/26,Sat,09:30,Chukker Sports Complex,#1,3,4,,Y,,
43806062,CTTLFA 2026,O8- Under 12 Division Seven,,,O8-10- Garlandale B,O8-06- Rygersdal C,30/05/26,Sat,09:30,Garlandale,Garlandale B,1,6,,Y,,
43256997,CTTLFA 2026,O1 - Under 12 Premier One,,,O1-10- Rygersdal,O1-01- Camps Bay,30/05/26,Sat,10:00,U C T,U C T,5,2,,Y,,
43256682,CTTLFA 2026,K1 - Under 16 Premier One,,,K1-05- FN Rangers,K1-02- Cape Town Spurs,30/05/26,Sat,10:50,FN Rangers,FNB Stadium A,2,0,,Y,,
43256683,CTTLFA 2026,K1 - Under 16 Premier One,,,K1-06- Hanover Park,K1-03- De Beers,30/05/26,Sat,10:50,Hanover Park,Hanover Park A,4,2,,Y,,
43256684,CTTLFA 2026,K1 - Under 16 Premier One,,,K1-08- Northpine United,K1-13- Wynberg St Johns,30/05/26,Sat,10:50,Northpine United,Central Park A,4,0,,Y,,
43256686,CTTLFA 2026,K1 - Under 16 Premier One,,,K1-11- Table View,K1-09- Norway Parks,30/05/26,Sat,10:50,Table View,Table View A,1,2,,Y,,
43256687,CTTLFA 2026,K1 - Under 16 Premier One,,,K1-12- CR Vasco Da Gama,K1-07- Hellenic,30/05/26,Sat,10:50,Vasco da Gama,Da Gama Park B,0,3,,Y,,
43257142,CTTLFA 2026,K2 - Under 16 Premier Two,,,K2-02- Durbanville,K2-06- Kuilsriver,30/05/26,Sat,10:50,Durbanville,Klazinga Park A,4,0,,Y,,
43257143,CTTLFA 2026,K2 - Under 16 Premier Two,,,K2-04- Fish Hoek,K2-05- Kensington,30/05/26,Sat,10:50,Fish Hoek,Fish Hoek A,6,0,,Y,,
43257144,CTTLFA 2026,K2 - Under 16 Premier Two,,,K2-07- Meadowridge,K2-08- Saxon Rovers,30/05/26,Sat,10:50,Meadowridge,Meadowridge A,3,1,,Y,,
43257145,CTTLFA 2026,K2 - Under 16 Premier Two,,,K2-09- Shosholoza,K2-03- Edgemead G/W,30/05/26,Sat,10:50,Pelican Heights Sports Ground,Pelican A,1,4,,Y,,
43257146,CTTLFA 2026,K2 - Under 16 Premier Two,,,K2-10- Stephanian Ottery,K2-11- Sunningdale City,30/05/26,Sat,10:50,Stephanian Ottery,Stephanian Ottery A,2,0,,Y,,
43257147,CTTLFA 2026,K2 - Under 16 Premier Two,,,K2-12- Young Bafana,K2-01- Clyde Pinelands,30/05/26,Sat,10:50,Young Bafana,YB Arena A,2,1,,Y,,
43260795,CTTLFA 2026,K3B - Under 16 Premier Three B,,,K3-06- Goodwood United,K3-02- Bellville City,30/05/26,Sat,10:50,Goodwood,Hamilton Road A,1,2,,Y,,
43805163,CTTLFA 2026,K3 - Under 16 Premier Three,,,K3-07- Grass Boots,K3-04- Chelsea Bridgetown,30/05/26,Sat,10:50,Grass Boots,"Van Riebeeck Park, Sidmouth Road A",2,0,,Y,,
43260796,CTTLFA 2026,K3B - Under 16 Premier Three B,,,K3-09- Holy Cross,K3-14- YSD Macassar,30/05/26,Sat,10:50,Holy Cross,Voortrekker Road,4,1,,Y,,
43260797,CTTLFA 2026,K3B - Under 16 Premier Three B,,,K3-13- West End United,K3-05- Garden Village,30/05/26,Sat,10:50,West End United,West End Park A,4,1,,Y,,
43805165,CTTLFA 2026,K3 - Under 16 Premier Three,,,K3-17- Queens Park,K3-16- Garlandale,30/05/26,Sat,10:50,Queens Park,10 Dongel Road Milnerton,5,1,,Y,,
43279271,CTTLFA 2026,K4 - Under 16 Division Four,,,K4-03- De Beers B.,K4-10- CR Vasco Da Gama B,30/05/26,Sat,10:50,De Beers,Somerset West B,3,4,,Y,,
43279272,CTTLFA 2026,K4 - Under 16 Division Four,,,K4-04- FN Rangers B,K4-02- Cape Town Spurs B,30/05/26,Sat,10:50,FN Rangers,FNB Stadium B,0,4,,Y,,
43279273,CTTLFA 2026,K4 - Under 16 Division Four,,,K4-06- Norway Parks B,K4-11- Wynberg St Johns B.,30/05/26,Sat,10:50,Norway Parks,Royal Road D,3,1,,Y,,
43279274,CTTLFA 2026,K4 - Under 16 Division Four,,,K4-08- Saxon Rovers B,K4-07- Rygersdal B,30/05/26,Sat,10:50,Saxon Rovers,Maitland B,0,1,,Y,,
43279275,CTTLFA 2026,K4 - Under 16 Division Four,,,K4-09- Table View B.,K4-01- Bye,30/05/26,Sat,10:50,Table View,Table View B,0,0,,Y,,
43279386,CTTLFA 2026,K5 - Under 16 Division Five,,,K5-04- Durbanville B.,K5-10- Stephanian Ottery B,30/05/26,Sat,10:50,Durbanville,Klazinga Park B,5,0,,Y,,
43279387,CTTLFA 2026,K5 - Under 16 Division Five,,,K5-05- Edgemead G/W B.,K5-11- Sunningdale City B,30/05/26,Sat,10:50,Edgemead G/W,Edgemead A,1,0,,Y,,
43279389,CTTLFA 2026,K5 - Under 16 Division Five,,,K5-09- Meadowridge B.,K5-07- Goodwood United B,30/05/26,Sat,10:50,Meadowridge,Meadowridge B,6,1,,Y,,
43805736,CTTLFA 2026,K6 - Under 16 Division Six,,,K6-08- Sunningdale City C,K6-01- Bye.,30/05/26,Sat,10:50,Sunningdale City,Sunningdale B,0,0,,Y,,
43805742,CTTLFA 2026,K6 - Under 16 Division Six,,,K6-09- Table View C,K6-07- Ruyterwacht B,30/05/26,Sat,10:50,Table View,Table View C,7,2,,Y,,
43806847,CTTLFA 2026,K7 - Under 16 Girls Premier One,,,K7-02- Bellville City,K7-10- Rygersdal,30/05/26,Sat,10:50,Bellville City,PP Smit Stadium B,0,8,,Y,,
43806844,CTTLFA 2026,K7 - Under 16 Girls Premier One,,,K7-11- Bye.,K7-01- Badgers,30/05/26,Sat,10:50,Bye,#1,0,0,,Y,,
43806848,CTTLFA 2026,K7 - Under 16 Girls Premier One,,,K7-14- Nova Generation,K7-09- Bye.,30/05/26,Sat,10:50,Nova Generations,Generations Sandown Institute,0,0,,Y,,
43806845,CTTLFA 2026,K7 - Under 16 Girls Premier One,,,K7-15- Norway Parks,K7-08- Meadowridge,30/05/26,Sat,10:50,Norway Parks,Royal Road A,1,0,,Y,,
43805743,CTTLFA 2026,K8- Under 16 Division Seven,,,K8-02- Durbanville C,K8-05- Meadowridge D,30/05/26,Sat,10:50,Durbanville,Klazinga Park C,1,4,,Y,,
43805740,CTTLFA 2026,K8- Under 16 Division Seven,,,K8-10- Lansdowne,K8-03- Edgemead G/W C,30/05/26,Sat,10:50,Lansdowne,Chukker Road A,0,3,,Y,,
43805739,CTTLFA 2026,K8- Under 16 Division Seven,,,K8-11- Bye,K8-06- Northpine United C,30/05/26,Sat,10:50,Bye,#1,0,0,,Y,,
43260852,CTTLFA 2026,M3B - Under 14 Premier Three B,,,M3-09- Holy Cross,M3-14- YSD Macassar,30/05/26,Sat,10:50,Holy Cross,Holy Cross School A,4,4,,Y,,
43256841,CTTLFA 2026,M1 - Under 14 Premier One,,,M1-10- Rygersdal,M1-01- Camps Bay,30/05/26,Sat,11:15,U C T,U C T,1,0,,Y,,
42989835,CTTLFA 2026,I1 - Under 18 Premier One,,,I1-05- FN Rangers,I1-02- Cape Town Spurs,30/05/26,Sat,12:30,FN Rangers,FNB Stadium A,1,1,,Y,,
42989838,CTTLFA 2026,I1 - Under 18 Premier One,,,I1-06- Hanover Park,I1-03- De Beers,30/05/26,Sat,12:30,Hanover Park,Hanover Park A,5,0,,Y,,
42989837,CTTLFA 2026,I1 - Under 18 Premier One,,,I1-08- Northpine United,I1-13- Wynberg St Johns,30/05/26,Sat,12:30,Northpine United,Central Park A,3,0,Home Walkover,Y,,
42989839,CTTLFA 2026,I1 - Under 18 Premier One,,,I1-11- Table View,I1-09- Norway Parks,30/05/26,Sat,12:30,Table View,Table View A,1,2,,Y,,
42989834,CTTLFA 2026,I1 - Under 18 Premier One,,,I1-12- CR Vasco Da Gama,I1-07- Hellenic,30/05/26,Sat,12:30,Vasco da Gama,Da Gama Park B,1,1,,Y,,
42990023,CTTLFA 2026,I2 - Under 18 Premier Two,,,I2-02- Durbanville,I2-06- Kuilsriver,30/05/26,Sat,12:30,Durbanville,Klazinga Park A,1,0,,Y,,
42990026,CTTLFA 2026,I2 - Under 18 Premier Two,,,I2-04- Fish Hoek,I2-05- Kensington,30/05/26,Sat,12:30,Fish Hoek,Fish Hoek A,1,2,,Y,,
42990022,CTTLFA 2026,I2 - Under 18 Premier Two,,,I2-07- Meadowridge,I2-08- Saxon Rovers,30/05/26,Sat,12:30,Meadowridge,Meadowridge A,4,1,,Y,,
42990025,CTTLFA 2026,I2 - Under 18 Premier Two,,,I2-09- Shosholoza,I2-03- Edgemead G/W,30/05/26,Sat,12:30,Pelican Heights Sports Ground,Pelican A,4,0,,Y,,
42990021,CTTLFA 2026,I2 - Under 18 Premier Two,,,I2-10- Stephanian Ottery,I2-11- Sunningdale City,30/05/26,Sat,12:30,Stephanian Ottery,Stephanian Ottery A,3,0,,Y,,
42990024,CTTLFA 2026,I2 - Under 18 Premier Two,,,I2-12- Young Bafana,I2-01- Clyde Pinelands,30/05/26,Sat,12:30,Young Bafana,YB Arena A,0,3,,Y,,
43206935,CTTLFA 2026,I3B - Under 18 Premier Three B,,,I3-06- Goodwood United,I3-02- Bellville City,30/05/26,Sat,12:30,Goodwood,Hamilton Road A,0,1,,Y,,
43804778,CTTLFA 2026,I3 - Under 18 Premier Three,,,I3-07- Grass Boots,I3-04- Chelsea Bridgetown,30/05/26,Sat,12:30,Grass Boots,"Van Riebeeck Park, Sidmouth Road A",2,5,,Y,,
43206933,CTTLFA 2026,I3B - Under 18 Premier Three B,,,I3-09- Holy Cross,I3-14- YSD Macassar,30/05/26,Sat,12:30,Holy Cross,Voortrekker Road,1,0,,Y,,
43206932,CTTLFA 2026,I3B - Under 18 Premier Three B,,,I3-13- West End United,I3-05- Garden Village,30/05/26,Sat,12:30,West End United,West End Park A,0,1,,Y,,
43804780,CTTLFA 2026,I3 - Under 18 Premier Three,,,I3-17- Queens Park,I3-16- Garlandale,30/05/26,Sat,12:30,Queens Park,10 Dongel Road Milnerton,3,1,,Y,,
43275083,CTTLFA 2026,I4 - Under 18 Division Four,,,I4-03- FN Rangers B,I4-02- Cape Town Spurs B,30/05/26,Sat,12:30,FN Rangers,FNB Stadium B,1,2,,Y,,
43275082,CTTLFA 2026,I4 - Under 18 Division Four,,,I4-04- Northpine United B,I4-07- Saxon Rovers B,30/05/26,Sat,12:30,Northpine United,Central Park B,3,0,Home Walkover,Y,,
43275079,CTTLFA 2026,I4 - Under 18 Division Four,,,I4-05- Norway Parks B,I4-01- Bothasig B,30/05/26,Sat,12:30,Norway Parks,Royal Road D,3,0,Home Walkover,Y,,
43275080,CTTLFA 2026,I4 - Under 18 Division Four,,,I4-08- Table View B,I4-06- Rygersdal B.,30/05/26,Sat,12:30,Table View,Table View B,3,0,Home Walkover,Y,,
43275081,CTTLFA 2026,I4 - Under 18 Division Four,,,I4-09- CR Vasco Da Gama B,I4-10- Wynberg St Johns B.,30/05/26,Sat,12:30,Vasco da Gama,Da Gama Park C,4,1,,Y,,
43805514,CTTLFA 2026,I5 - Under 18 Division Five,,,I5-02- Clyde Pinelands B,I5-06- JMI,30/05/26,Sat,12:30,Clyde Pinelands,Ringwood Drive B,4,3,,Y,,
43805517,CTTLFA 2026,I5 - Under 18 Division Five,,,I5-03- Durbanville B.,I5-11- Tramway,30/05/26,Sat,12:30,Durbanville,Klazinga Park B,1,2,,Y,,
43805516,CTTLFA 2026,I5 - Under 18 Division Five,,,I5-04- Edgemead G/W B.,I5-08- Ruyterwacht B,30/05/26,Sat,12:30,Edgemead G/W,Edgemead B,4,0,,Y,,
43805515,CTTLFA 2026,I5 - Under 18 Division Five,,,I5-07- Meadowridge B.,I5-10- Bellville City B,30/05/26,Sat,12:30,Meadowridge,Meadowridge B,3,0,Home Walkover,Y,,
43256685,CTTLFA 2026,K1 - Under 16 Premier One,,,K1-10- Rygersdal,K1-01- Camps Bay,30/05/26,Sat,12:35,U C T,U C T,2,1,,Y,,
43575427,CTTLFA 2026,D2 - 4th Division,,,D2-03- Edgemead G/W,D2-05- Norway Parks,30/05/26,Sat,14:00,Edgemead G/W,Edgemead A,3,0,,Y,,
43575431,CTTLFA 2026,D2 - 4th Division,,,D2-06- Ruyterwacht,D2-11- Shosholoza FC,30/05/26,Sat,14:00,Ruyterwacht,Stan Abbot B,11,0,,Y,,
43575428,CTTLFA 2026,D2 - 4th Division,,,D2-09- C.R. Vasco Da Gama,D2-12- Kensington,30/05/26,Sat,14:00,Vasco da Gama,Da Gama Park B,0,1,,Y,,
43575429,CTTLFA 2026,D2 - 4th Division,,,D2-10- Wynberg St Johns,D2-07- Rygersdal,30/05/26,Sat,14:00,Wynberg st Johns,Wynberg B,4,2,,Y,,
43575237,CTTLFA 2026,D3 - 5th Division,,,D3-05-Bellville City,D3-03- Durbanville,30/05/26,Sat,14:00,Bellville City,PP Smit Stadium C,3,2,,Y,,
43575236,CTTLFA 2026,D3 - 5th Division,,,D3-06- Mutual FC,D3-04- Edgemead G/W,30/05/26,Sat,14:00,Mutual FC,Pinelands Oval B,1,6,,Y,,
43575235,CTTLFA 2026,D3 - 5th Division,,,D3-08- Table View,D3-11- Hanover Park,30/05/26,Sat,14:00,Table View,Table View B,3,0,,Y,,
43256289,CTTLFA 2026,B2 - First Reserve,,,FR-01- Bellville City FC,FR-07- Kuilsriver,30/05/26,Sat,14:00,Bellville City,PP Smit Stadium A,2,1,,Y,,
43256290,CTTLFA 2026,B2 - First Reserve,,,FR-04- Garden Village,FR-13- Tramway,30/05/26,Sat,14:00,Garden Village,Alexander Road,3,0,,Y,,
43256291,CTTLFA 2026,B2 - First Reserve,,,FR-05- JMI,FR-10- Ruyterwacht,30/05/26,Sat,14:00,Norway Parks,Royal Road E,3,2,,Y,,
43256292,CTTLFA 2026,B2 - First Reserve,,,FR-08- Meadowridge,FR-06- Kensington,30/05/26,Sat,14:00,Meadowridge,Meadowridge A,2,1,,Y,,
43256293,CTTLFA 2026,B2 - First Reserve,,,FR-11- Stephanian Ottery,FR-03- Brooklyn Superstars,30/05/26,Sat,14:00,Stephanian Ottery,Stephanian Ottery A,5,0,,Y,,
43806365,CTTLFA 2026,G1 - Vets 045 A,,,G1-07- Tramway,G1-10- Holy Cross,30/05/26,Sat,14:00,Tramway,Groenewald Park A,2,1,,Y,,
43262776,CTTLFA 2026,G5 - Vets 050 B,,,G5-02- Bye.,G5-04- Edgemead G/W,30/05/26,Sat,14:00,Bye,#1,0,0,,Y,,
43262777,CTTLFA 2026,G5 - Vets 050 B,,,G5-05- Everton United,G5-10- West End United B,30/05/26,Sat,14:00,Heideveld Sports Complex,#1,2,0,,Y,,
43262778,CTTLFA 2026,G5 - Vets 050 B,,,G5-06- Green Point Salesians,G5-03- Durbanville,30/05/26,Sat,14:00,Green Point,Green Point A,2,5,,Y,,
43575093,CTTLFA 2026,G6 - Vets O50 C,,,G6-03- West End United C,G6-01- Avendale Athletico,30/05/26,Sat,14:00,West End United,West End Park B,5,1,,Y,,
43805735,CTTLFA 2026,K6 - Under 16 Division Six,,,K6-10- Shosholoza B,K6-06- Meadowridge C,30/05/26,Sat,14:00,Meadowridge,Meadowridge B,2,2,,Y,,
43256111,CTTLFA 2026,A2 - Premier Reserve,,,PR-02- Edgemead G/W,PR-09- Rygersdal,30/05/26,Sat,14:00,Edgemead G/W,Edgemead A,5,0,,Y,,
43256112,CTTLFA 2026,A2 - Premier Reserve,,,PR-03- Fish Hoek,PR-12- UCT,30/05/26,Sat,14:00,Fish Hoek,Fish Hoek A,2,0,,Y,,
43256113,CTTLFA 2026,A2 - Premier Reserve,,,PR-04- FN Rangers,PR-13- C.R. Vasco Da Gama,30/05/26,Sat,14:00,FN Rangers,FNB Stadium A,0,0,,Y,,
43256115,CTTLFA 2026,A2 - Premier Reserve,,,PR-07- Holy Cross,PR-14- Wynberg St Johns,30/05/26,Sat,14:00,Holy Cross,Voortrekker Road,1,0,,Y,,
43256116,CTTLFA 2026,A2 - Premier Reserve,,,PR-08- Norway Parks,PR-05- Green Point Salesians,30/05/26,Sat,14:00,Norway Parks,Royal Road A,1,2,,Y,,
43256117,CTTLFA 2026,A2 - Premier Reserve,,,PR-10- Saxon Rovers,PR-01- Durbanville,30/05/26,Sat,14:00,Saxon Rovers,Maitland A,2,2,,Y,,
43256114,CTTLFA 2026,A2 - Premier Reserve,,,PR-11- Table View,PR-06- Hanover Park,30/05/26,Sat,14:00,Table View,Table View A,1,1,,Y,,
43256472,CTTLFA 2026,C2 - Second Reserve,,,SR-04- Chelsea Bridgetown,SR-14- West End United,30/05/26,Sat,14:00,Chelsea,Hickory Road A,3,4,,Y,,
43256473,CTTLFA 2026,C2 - Second Reserve,,,SR-05- Clyde Pinelands,SR-03- Camps Bay,30/05/26,Sat,14:00,Clyde Pinelands,Ringwood Drive A,3,2,,Y,,
43256474,CTTLFA 2026,C2 - Second Reserve,,,SR-07- FC Kapstadt,SR-01- Avendale Athletico,30/05/26,Sat,14:00,FC Kapstadt,Hartleyvale D,2,2,,Y,,
43256475,CTTLFA 2026,C2 - Second Reserve,,,SR-08- Bye,SR-06- De Beers,30/05/26,Sat,14:00,Bye,#1,0,0,,Y,,
43256471,CTTLFA 2026,C2 - Second Reserve,,,SR-10- Hellenic,SR-02- Barmsley Spurs,30/05/26,Sat,14:00,Hellenic,Tygerhof Sports Complex A,5,0,,Y,,
43256476,CTTLFA 2026,C2 - Second Reserve,,,SR-11- Mutual FC,SR-09- Goodwood United,30/05/26,Sat,14:00,Mutual FC,Pinelands Oval A,3,1,,Y,,
43256477,CTTLFA 2026,C2 - Second Reserve,,,SR-13- Varsity College,SR-16- YSD Macassar,30/05/26,Sat,14:00,Avenue De Mist,Ave De Mist - A,1,1,,Y,,
43256478,CTTLFA 2026,C2 - Second Reserve,,,SR-15- Young Bafana,SR-12- Queens Park,30/05/26,Sat,14:00,Young Bafana,YB Arena A,4,0,,Y,,
42989836,CTTLFA 2026,I1 - Under 18 Premier One,,,I1-10- Rygersdal,I1-01- Camps Bay,30/05/26,Sat,14:05,U C T,U C T,0,2,,Y,,
43575977,CTTLFA 2026,E1- Vets 035,,,E1-07- Kensington,E1-02- Camps Bay,30/05/26,Sat,15:00,Kensington,14 Avenue A,3,0,Home Walkover,Y,,
43575530,CTTLFA 2026,D4 - 6th Division,,,D4-02- Clyde Pinelands,D4-07- Rygersdal,30/05/26,Sat,15:30,Clyde Pinelands,Ringwood Drive B,0,0,,Y,,
43575229,CTTLFA 2026,D1 - 3rd Division,,,D1-01- Bellville City FC,D1-09- C.R. Vasco Da Gama,30/05/26,Sat,15:45,Bellville City,PP Smit Stadium B,2,1,,Y,,
43575232,CTTLFA 2026,D1 - 3rd Division,,,D1-06- Green Point Salesians,D1-03- Durbanville,30/05/26,Sat,15:45,Green Point,Green Point A,4,6,,Y,,
43575233,CTTLFA 2026,D1 - 3rd Division,,,D1-07- Saxon Rovers,D1-04- Edgemead G/W,30/05/26,Sat,15:45,Saxon Rovers,Maitland B,4,2,,Y,,
43575234,CTTLFA 2026,D1 - 3rd Division,,,D1-11- Shosholoza FC,D1-10- Wynberg St Johns,30/05/26,Sat,15:45,Pelican Heights Sports Ground,Pelican A,2,1,,Y,,
43575231,CTTLFA 2026,D3 - 5th Division,,,D3-10- C.R. Vasco Da Gama,D3-02- Clyde Pinelands,30/05/26,Sat,15:45,Vasco da Gama,Da Gama Park C,2,2,,Y,,
43575931,CTTLFA 2026,E1- Vets 035,,,E1-05- Goodwood United,E1-09- Bye,30/05/26,Sat,15:45,Goodwood,Hamilton Road B,0,0,,Y,,
43262462,CTTLFA 2026,F1 - Vets 040 A,,,F1-04- FN Rangers,F1-09- Sunningdale City,30/05/26,Sat,15:45,FN Rangers,FNB Stadium B,6,1,,Y,,
43575697,CTTLFA 2026,F2 - Vets 040 B,,,F2-07- Bye,F2-05- Green Point Salesians,30/05/26,Sat,15:45,Bye,#1,0,0,,Y,,
42990210,CTTLFA 2026,B1 - First Division,,,FD-01- Bellville City FC,FD-07- Kuilsriver,30/05/26,Sat,15:45,Bellville City,PP Smit Stadium A,2,2,,Y,,
42990212,CTTLFA 2026,B1 - First Division,,,FD-04- Garden Village,FD-13- Tramway,30/05/26,Sat,15:45,Garden Village,Alexander Road,2,2,,Y,,
42990209,CTTLFA 2026,B1 - First Division,,,FD-05- JMI,FD-10- Ruyterwacht,30/05/26,Sat,15:45,Norway Parks,Royal Road E,2,1,,Y,,
42990211,CTTLFA 2026,B1 - First Division,,,FD-08- Meadowridge,FD-06- Kensington,30/05/26,Sat,15:45,Meadowridge,Meadowridge A,1,0,,Y,,
42990207,CTTLFA 2026,B1 - First Division,,,FD-11- Stephanian Ottery,FD-03- Brooklyn Superstars,30/05/26,Sat,15:45,Stephanian Ottery,Stephanian Ottery A,1,1,,Y,,
43806366,CTTLFA 2026,G1 - Vets 045 A,,,G1-12- Table View,G1-04- Hanover Park,30/05/26,Sat,15:45,Table View,Table View C,0,3,,Y,,
42996925,CTTLFA 2026,A1 - Premier Division,,,PD-02- Edgemead G/W,PD-09- Rygersdal,30/05/26,Sat,15:45,Edgemead G/W,Edgemead A,3,3,,Y,,
42996924,CTTLFA 2026,A1 - Premier Division,,,PD-03- Fish Hoek,PD-12- UCT,30/05/26,Sat,15:45,Fish Hoek,Fish Hoek A,3,2,,Y,,
42996921,CTTLFA 2026,A1 - Premier Division,,,PD-04- FN Rangers,PD-13- C.R. Vasco Da Gama,30/05/26,Sat,15:45,FN Rangers,FNB Stadium A,0,0,,Y,,
42996926,CTTLFA 2026,A1 - Premier Division,,,PD-07- Holy Cross,PD-14- Wynberg St Johns,30/05/26,Sat,15:45,Holy Cross,Voortrekker Road,3,0,,Y,,
42996923,CTTLFA 2026,A1 - Premier Division,,,PD-08- Norway Parks,PD-05- Green Point Salesians,30/05/26,Sat,15:45,Norway Parks,Royal Road A,1,1,,Y,,
42996927,CTTLFA 2026,A1 - Premier Division,,,PD-10- Saxon Rovers,PD-01- Durbanville,30/05/26,Sat,15:45,Saxon Rovers,Maitland A,0,2,,Y,,
42996922,CTTLFA 2026,A1 - Premier Division,,,PD-11- Table View,PD-06- Hanover Park,30/05/26,Sat,15:45,Table View,Table View A,0,1,,Y,,
43206538,CTTLFA 2026,C1 - Second Division,,,SD-04- Chelsea Bridgetown,SD-14- West End United,30/05/26,Sat,15:45,Chelsea,Hickory Road A,5,2,,Y,,
43206535,CTTLFA 2026,C1 - Second Division,,,SD-05- Clyde Pinelands,SD-03- Camps Bay,30/05/26,Sat,15:45,Clyde Pinelands,Ringwood Drive A,3,1,,Y,,
43206536,CTTLFA 2026,C1 - Second Division,,,SD-07- FC Kapstadt,SD-01- Avendale Athletico,30/05/26,Sat,15:45,FC Kapstadt,Hartleyvale D,1,3,,Y,,
43206533,CTTLFA 2026,C1 - Second Division,,,SD-08- Bye,SD-06- De Beers,30/05/26,Sat,15:45,Bye,#1,0,0,,Y,,
43206532,CTTLFA 2026,C1 - Second Division,,,SD-10- Hellenic,SD-02- Barmsley Spurs,30/05/26,Sat,15:45,Hellenic,Tygerhof Sports Complex A,3,2,,Y,,
43206537,CTTLFA 2026,C1 - Second Division,,,SD-11- Mutual FC,SD-09- Goodwood United,30/05/26,Sat,15:45,Mutual FC,Pinelands Oval A,2,3,,Y,,
43206534,CTTLFA 2026,C1 - Second Division,,,SD-13- Varsity College,SD-16- YSD Macassar,30/05/26,Sat,15:45,Avenue De Mist,Ave De Mist - A,4,4,,Y,,
43206539,CTTLFA 2026,C1 - Second Division,,,SD-15- Young Bafana,SD-12- Queens Park,30/05/26,Sat,15:45,Young Bafana,YB Arena A,0,5,,Y,,
43279165,CTTLFA 2026,M4 - Under 14 Division Four,,,M4-01- Camps Bay B.,M4-02- Cape Town Spurs B,31/05/26,Sun,09:30,Cape Town Spurs,Ikamva A,0,3,Away Walkover,Y,,
43274253,CTTLFA 2026,O5 - Under 12 Division Five,,,O5-08- Kuilsriver B.,O5-03- Clyde Pinelands B,31/05/26,Sun,10:00,Serepta Sports Ground,Serepta Sports Ground A,3,2,,Y,,
43279276,CTTLFA 2026,K4 - Under 16 Division Four,,,K4-01- Bye,K4-02- Cape Town Spurs B,31/05/26,Sun,10:50,Bye,#1,0,0,,Y,,
43279498,CTTLFA 2026,M5 - Under 14 Division Five,,,M5-08- Kuilsriver B.,M5-03- Clyde Pinelands B,31/05/26,Sun,11:15,Serepta Sports Ground,Serepta Sports Ground A,2,1,,Y,,
43574579,CTTLFA 2026,M8 - Under 14 Girls Premier One,,,M8-09- Stephanian Ottery,M8-11- Wynberg St Johns,31/05/26,Sun,12:30,Stephanian Ottery,Stephanian Ottery A,3,0,,Y,,
43279388,CTTLFA 2026,K5 - Under 16 Division Five,,,K5-08- Kuilsriver B.,K5-03- Clyde Pinelands B,31/05/26,Sun,12:35,Serepta Sports Ground,Serepta Sports Ground A,6,0,,Y,,
43806532,CTTLFA 2026,H1 - Womens Premier League,,,H1-08- Magic Ladies,H1-04- Fish Hoek,31/05/26,Sun,13:00,Avenue De Mist,Ave De Mist - A,21,0,,Y,,
43575564,CTTLFA 2026,D4 - 6th Division,,,D4-05- Kuilsriver,D4-02- Clyde Pinelands,31/05/26,Sun,14:00,Serepta Sports Ground,Serepta Sports Ground B,6,2,,Y,,
43256449,CTTLFA 2026,C2 - Second Reserve,,,SR-08- Bye,SR-15- Young Bafana,31/05/26,Sun,14:00,Bye,#1,0,0,,Y,,
43317285,CTTLFA 2026,H2 - Womens First Division,,,H2-09- Stephanian Ottery,H2-01- Badgers B.,31/05/26,Sun,15:00,Stephanian Ottery,Stephanian Ottery A,0,1,,Y,,
43206514,CTTLFA 2026,C1 - Second Division,,,SD-08- Bye,SD-15- Young Bafana,31/05/26,Sun,15:45,Bye,#1,0,0,,Y,,
43575068,CTTLFA 2026,G6 - Vets O50 C,,,G6-04- Stephanian Ottery B,G6-08- Wynberg St Johns,02/06/26,Tue,19:00,Stephanian Ottery,Stephanian Ottery C,1,0,,Y,,
43317290,CTTLFA 2026,H2 - Womens First Division,,,H2-06- Meadowridge,H2-03- Green Point Salesians B,02/06/26,Tue,19:30,Meadowridge,Meadowridge A,2,0,,Y,,
43806562,CTTLFA 2026,H1 - Womens Premier League,,,H1-11- UCT,H1-08- Magic Ladies,03/06/26,Wed,19:00,U C T,U C T,0,3,,Y,,
43317246,CTTLFA 2026,H2 - Womens First Division,,,H2-04- Kensington,H2-08- Saxon Rovers,03/06/26,Wed,19:00,Kensington,14 Avenue A,4,3,,Y,,
43575930,CTTLFA 2026,E1- Vets 035,,,E1-11- C.R. Vasco Da Gama,E1-04-FN Rangers,03/06/26,Wed,19:30,Vasco da Gama,Da Gama Park A,2,6,,Y,,
43806371,CTTLFA 2026,G1 - Vets 045 A,,,G1-02-Edgemead G/W,G1-05- Meadowridge,03/06/26,Wed,19:30,Edgemead G/W,Edgemead A,3,1,,Y,,
43575813,CTTLFA 2026,E2- Vets 035 B,,,E2-11- Turfhall,E2-02- Durbanville,03/06/26,Wed,20:00,Durbanville,Klazinga Park A,1,1,,Y,,
43575094,CTTLFA 2026,G6 - Vets O50 C,,,G6-06- Tramway B,G6-03- West End United C,03/06/26,Wed,20:00,Tramway,Groenewald Park A,1,2,,Y,,
43575701,CTTLFA 2026,F2 - Vets 040 B,,,F2-10- Jamestown United,F2-01- Avendale Athletico,03/06/26,Wed,20:30,Chelsea,Hickory Road A,0,3,,Y,,
43262786,CTTLFA 2026,G5 - Vets 050 B,,,G5-01- Bothasig,G5-02- Bye.,04/06/26,Thu,19:00,Bothasig,Abe Sher A,0,0,,Y,,
43256599,CTTLFA 2026,C2 - Second Reserve,,,SR-01- Avendale Athletico,SR-02- Barmsley Spurs,04/06/26,Thu,19:00,Chelsea,Hickory Road A,11,1,,Y,,
43262920,CTTLFA 2026,G4 - Vets 050 A,,,G4-01- Clyde Pinelands,G4-07- Stephanian Ottery,04/06/26,Thu,19:30,Clyde Pinelands,Ringwood Drive A,1,5,,Y,,
43262781,CTTLFA 2026,G5 - Vets 050 B,,,G5-04- Edgemead G/W,G5-06- Green Point Salesians,04/06/26,Thu,19:30,Edgemead G/W,Edgemead B,3,1,,Y,,
43806388,CTTLFA 2026,G1 - Vets 045 A,,,G1-01- De Beers,G1-12- Table View,04/06/26,Thu,20:00,De Beers,Somerset West A,1,1,,Y,,
43575698,CTTLFA 2026,F2 - Vets 040 B,,,F2-05- Green Point Salesians,F2-11- Saxon Rovers,04/06/26,Thu,20:15,Green Point,Green Point A,2,3,,Y,,
43206542,CTTLFA 2026,C1 - Second Division,,,SD-01- Avendale Athletico,SD-02- Barmsley Spurs,04/06/26,Thu,20:30,Chelsea,Hickory Road A,3,3,,Y,,
43575699,CTTLFA 2026,F2 - Vets 040 B,,,F2-08- Kensington,F2-02- Bothasig,05/06/26,Fri,19:00,Kensington,14 Avenue A,3,3,,Y,,
43575098,CTTLFA 2026,G6 - Vets O50 C,,,G6-11- Bye,G6-04- Stephanian Ottery B,05/06/26,Fri,19:00,Bye,#1,0,0,,Y,,
43317291,CTTLFA 2026,H2 - Womens First Division,,,H2-03- Green Point Salesians B,H2-09- Stephanian Ottery,05/06/26,Fri,19:00,Green Point,Green Point A,4,0,,Y,,
43317373,CTTLFA 2026,H2 - Womens First Division,,,H2-07- Norway Parks,H2-05- Kuilsriver,05/06/26,Fri,19:00,Norway Parks,Royal Road A,2,1,,Y,,
43317296,CTTLFA 2026,H2 - Womens First Division,,,H2-10- UCT B,H2-12- Hanover Park,05/06/26,Fri,19:00,U C T,U C T,1,2,,Y,,
43575825,CTTLFA 2026,E2- Vets 035 B,,,E2-01- Bellville City,E2-12- Clyde Pinelands B,05/06/26,Fri,19:30,Bellville City,PP Smit Stadium A,6,2,,Y,,
43262470,CTTLFA 2026,F1 - Vets 040 A,,,F1-10- C.R. Vasco Da Gama,F1-05- Hanover Park,05/06/26,Fri,19:30,Vasco da Gama,Da Gama Park A,2,0,,Y,,
43806372,CTTLFA 2026,G1 - Vets 045 A,,,G1-09- Garden Village,G1-06- Saxon Rovers,05/06/26,Fri,19:30,Garden Village,Alexander Road,4,3,,Y,,
43262917,CTTLFA 2026,G4 - Vets 050 A,,,G4-08- Tramway,G4-06- Rygersdal,05/06/26,Fri,19:30,Tramway,Groenewald Park A,2,0,,Y,,
43262779,CTTLFA 2026,G5 - Vets 050 B,,,G5-03- Durbanville,G5-07- Hanover Park B,05/06/26,Fri,19:30,Durbanville,Klazinga Park B,0,2,,Y,,
43317293,CTTLFA 2026,H2 - Womens First Division,,,H2-02- Bothasig,H2-04- Kensington,05/06/26,Fri,19:30,Bothasig,Abe Sher A,6,1,,Y,,
42990028,CTTLFA 2026,I2 - Under 18 Premier Two,,,I2-01- Clyde Pinelands,I2-07- Meadowridge,05/06/26,Fri,19:30,Clyde Pinelands,Ringwood Drive A,4,2,,Y,,
43575243,CTTLFA 2026,D3 - 5th Division,,,D3-07- Northpine United,D3-08- Table View,05/06/26,Fri,20:00,Northpine United,Central Park A,3,2,,Y,,
43575566,CTTLFA 2026,D4 - 6th Division,,,D4-10- Sunningdale City,D4-08- Bothasig,05/06/26,Fri,20:00,Sunningdale City,Sunningdale B,3,2,,Y,,
43575824,CTTLFA 2026,E2- Vets 035 B,,,E2-13- Cape Town Spurs,E2-02- Durbanville,05/06/26,Fri,20:00,Cape Town Spurs,Ikamva A,4,1,,Y,,
43262472,CTTLFA 2026,F1 - Vets 040 A,,,F1-01- Bellville City,F1-03- Fish Hoek,05/06/26,Fri,20:00,Bellville City,PP Smit Stadium A,15,1,,Y,,
43262474,CTTLFA 2026,F1 - Vets 040 A,,,F1-02- Edgemead G/W,F1-04- FN Rangers,05/06/26,Fri,20:00,Edgemead G/W,Edgemead D,1,3,,Y,,
43262468,CTTLFA 2026,F1 - Vets 040 A,,,F1-08- Stephanian Ottery,F1-06- Norway Parks,05/06/26,Fri,20:00,Stephanian Ottery,Stephanian Ottery A,3,1,,Y,,
43262467,CTTLFA 2026,F1 - Vets 040 A,,,F1-09- Sunningdale City,F1-07- Rygersdal,05/06/26,Fri,20:00,Sunningdale City,Sunningdale A,5,5,,Y,,
43575702,CTTLFA 2026,F2 - Vets 040 B,,,F2-09- Wynberg St Johns,F2-03- Garlandale,05/06/26,Fri,20:00,Wynberg st Johns,Wynberg B,8,1,,Y,,
43806375,CTTLFA 2026,G1 - Vets 045 A,,,G1-10- Holy Cross,G1-08- Bothasig,05/06/26,Fri,20:00,Holy Cross,Voortrekker Road,1,2,,Y,,
43575937,CTTLFA 2026,E1- Vets 035,,,E1-07- Kensington,E1-03- Clyde Pinelands,05/06/26,Fri,20:30,Kensington,14 Avenue A,4,1,,Y,,
43575826,CTTLFA 2026,E2- Vets 035 B,,,E2-03- Green Point Salesians,E2-07- Meadowridge,05/06/26,Fri,20:30,Green Point,Green Point A,4,1,,Y,,
43575703,CTTLFA 2026,F2 - Vets 040 B,,,F2-12- Sunningdale City B,F2-07- Bye,05/06/26,Fri,20:30,Sunningdale City,Sunningdale B,0,0,,Y,,
43257000,CTTLFA 2026,O1 - Under 12 Premier One,,,O1-01- Camps Bay,O1-12- CR Vasco Da Gama,06/06/26,Sat,08:15,Camps Bay,Maidens Cove,2,3,,Y,,
43257001,CTTLFA 2026,O1 - Under 12 Premier One,,,O1-02- Cape Town Spurs,O1-08- Northpine United,06/06/26,Sat,08:15,Cape Town Spurs,Ikamva C,4,0,,Y,,
43257002,CTTLFA 2026,O1 - Under 12 Premier One,,,O1-03- De Beers,O1-04- FC Kapstadt,06/06/26,Sat,08:15,De Beers,Somerset West A,1,3,,Y,,
43257003,CTTLFA 2026,O1 - Under 12 Premier One,,,O1-07- Hellenic,O1-05- FN Rangers,06/06/26,Sat,08:15,Hellenic,Tygerhof Sports Complex A,2,2,,Y,,
43257004,CTTLFA 2026,O1 - Under 12 Premier One,,,O1-09- Norway Parks,O1-10- Rygersdal,06/06/26,Sat,08:15,Norway Parks,Royal Road A,0,1,,Y,,
43257005,CTTLFA 2026,O1 - Under 12 Premier One,,,O1-13- Wynberg St Johns,O1-06- Hanover Park,06/06/26,Sat,08:15,Wynberg st Johns,Wynberg A,1,1,,Y,,
43257413,CTTLFA 2026,O2 - Under 12 Premier Two,,,O2-01- Clyde Pinelands,O2-07- Meadowridge,06/06/26,Sat,08:15,Clyde Pinelands,Ringwood Drive A,0,2,,Y,,
43257414,CTTLFA 2026,O2 - Under 12 Premier Two,,,O2-03- Edgemead G/W,O2-10- Stephanian Ottery,06/06/26,Sat,08:15,Edgemead G/W,Edgemead A,3,2,,Y,,
43257416,CTTLFA 2026,O2 - Under 12 Premier Two,,,O2-05- Kensington,O2-12- Young Bafana,06/06/26,Sat,08:15,Kensington,14 Avenue A,0,4,,Y,,
43257418,CTTLFA 2026,O2 - Under 12 Premier Two,,,O2-11- Sunningdale City,O2-06- Kuilsriver,06/06/26,Sat,08:15,Sunningdale City,Sunningdale A,9,0,,Y,,
43805170,CTTLFA 2026,O3 - Under 12 Premier Three,,,O3-01- Avendale Athletico,O3-07- Grass Boots,06/06/26,Sat,08:15,Avendale Athletico,Field Crescent A,0,6,,Y,,
43260913,CTTLFA 2026,O3B - Under 12 Premier Three B,,,O3-02- Bellville City,O3-13- West End United,06/06/26,Sat,08:15,Bellville City,PP Smit Stadium B,21,0,,Y,,
43260914,CTTLFA 2026,O3B - Under 12 Premier Three B,,,O3-03- Bothasig,O3-09- Holy Cross,06/06/26,Sat,08:15,Bothasig,Abe Sher A,4,1,,Y,,
43260915,CTTLFA 2026,O3B - Under 12 Premier Three B,,,O3-05- Garden Village,O3-06- Goodwood United,06/06/26,Sat,08:15,Garden Village,Alexander Road,0,3,,Y,,
43805171,CTTLFA 2026,O3 - Under 12 Premier Three,,,O3-08- Green Point Salesians,O3-17- Queens Park,06/06/26,Sat,08:15,Green Point,Green Point A,1,1,,Y,,
43260916,CTTLFA 2026,O3B - Under 12 Premier Three B,,,O3-14- YSD Macassar,O3-15- Mutual FC,06/06/26,Sat,08:15,YSD Macassar,YSD Macassar A,8,0,,Y,,
43274262,CTTLFA 2026,O4 - Under 12 Division Four,,,O4-01- Camps Bay B.,O4-05- Northpine United B,06/06/26,Sat,08:15,Camps Bay,Camps Bay A,1,1,,Y,,
43274258,CTTLFA 2026,O4 - Under 12 Division Four,,,O4-02- Cape Town Spurs B,O4-08- Saxon Rovers B,06/06/26,Sat,08:15,Cape Town Spurs,Ikamva D,3,3,,Y,,
43274260,CTTLFA 2026,O4 - Under 12 Division Four,,,O4-07- Rygersdal B,O4-06- Norway Parks B,06/06/26,Sat,08:15,Norway Parks,Royal Road B,2,2,,Y,,
43274256,CTTLFA 2026,O4 - Under 12 Division Four,,,O4-10- CR Vasco Da Gama B,O4-04- FN Rangers B,06/06/26,Sat,08:15,Vasco da Gama,Da Gama Park B,4,3,,Y,,
43274255,CTTLFA 2026,O4 - Under 12 Division Four,,,O4-11- Wynberg St Johns B.,O4-09- Table View B,06/06/26,Sat,08:15,Wynberg st Johns,Wynberg B,1,0,,Y,,
43274259,CTTLFA 2026,O5 - Under 12 Division Five,,,O5-03- Clyde Pinelands B,O5-05- Edgemead G/W B.,06/06/26,Sat,08:15,Clyde Pinelands,Ringwood Drive B,0,5,,Y,,
43274261,CTTLFA 2026,O5 - Under 12 Division Five,,,O5-07- Goodwood United B,O5-01- Bellville City B.,06/06/26,Sat,08:15,Goodwood,Hamilton Road B,0,8,,Y,,
43274366,CTTLFA 2026,O5 - Under 12 Division Five,,,O5-08- Kuilsriver B.,O5-02- Bothasig B,06/06/26,Sat,08:15,Serepta Sports Ground,Serepta Sports Ground B,0,1,,Y,,
43274264,CTTLFA 2026,O5 - Under 12 Division Five,,,O5-10- Stephanian Ottery B,O5-09- Meadowridge B.,06/06/26,Sat,08:15,Stephanian Ottery,Stephanian Ottery A,3,1,,Y,,
43274263,CTTLFA 2026,O5 - Under 12 Division Five,,,O5-11- Sunningdale City B,O5-06- Fish Hoek B.,06/06/26,Sat,08:15,Sunningdale City,Sunningdale B,7,0,,Y,,
43331111,CTTLFA 2026,O6 - Under 12 Division Six,,,O6-02- Brooklyn Superstars,O6-06- Grass Boots B,06/06/26,Sat,08:15,Bayview Sports Complex,Brooklyn Bayview Sports Complex A,4,2,,Y,,
43331112,CTTLFA 2026,O6 - Under 12 Division Six,,,O6-04- FC Kapstadt B,O6-03- Kensington B,06/06/26,Sat,08:15,FC Kapstadt,Hartleyvale D,16,0,,Y,,
43331109,CTTLFA 2026,O6 - Under 12 Division Six,,,O6-08- Stephanian Ottery C,O6-01- Bothasig C,06/06/26,Sat,08:15,Stephanian Ottery,Stephanian Ottery B,3,4,,Y,,
43574496,CTTLFA 2026,O7 - Under 12 Girls Premier One (9v9),,,O7-03- Fish Hoek.,O7-09- Hout Bay,06/06/26,Sat,08:15,Fish Hoek,Fish Hoek B,1,3,,Y,,
43574499,CTTLFA 2026,O7 - Under 12 Girls Premier One (9v9),,,O7-04- Bye,O7-08- Wynberg St Johns,06/06/26,Sat,08:15,Bye,#1,0,0,,Y,,
43806068,CTTLFA 2026,O8- Under 12 Division Seven,,,O8-05- Norway Parks C,O8-04- Meadowridge D,06/06/26,Sat,08:15,Norway Parks,Royal Road D,10,1,,Y,,
43806069,CTTLFA 2026,O8- Under 12 Division Seven,,,O8-08- Wynberg St Johns C,O8-09- Lansdowne,06/06/26,Sat,08:15,Wynberg st Johns,Wynberg C,0,3,,Y,,
43805172,CTTLFA 2026,O3 - Under 12 Premier Three,,,O3-16- Garlandale,O3-11- Ruyterwacht,06/06/26,Sat,09:00,Garlandale,Garlandale A,0,1,,Y,,
43256844,CTTLFA 2026,M1 - Under 14 Premier One,,,M1-01- Camps Bay,M1-12- CR Vasco Da Gama,06/06/26,Sat,09:30,Camps Bay,Maidens Cove,3,2,,Y,,
43256845,CTTLFA 2026,M1 - Under 14 Premier One,,,M1-02- Cape Town Spurs,M1-08- Northpine United,06/06/26,Sat,09:30,Cape Town Spurs,Ikamva A,1,1,,Y,,
43256846,CTTLFA 2026,M1 - Under 14 Premier One,,,M1-03- De Beers,M1-04- FC Kapstadt,06/06/26,Sat,09:30,De Beers,Somerset West A,0,1,,Y,,
43256847,CTTLFA 2026,M1 - Under 14 Premier One,,,M1-07- Hellenic,M1-05- FN Rangers,06/06/26,Sat,09:30,Hellenic,Tygerhof Sports Complex A,2,1,,Y,,
43256848,CTTLFA 2026,M1 - Under 14 Premier One,,,M1-09- Norway Parks,M1-10- Rygersdal,06/06/26,Sat,09:30,Norway Parks,Royal Road A,2,1,,Y,,
43256849,CTTLFA 2026,M1 - Under 14 Premier One,,,M1-13- Wynberg St Johns,M1-06- Hanover Park,06/06/26,Sat,09:30,Wynberg st Johns,Wynberg A,1,6,,Y,,
43257281,CTTLFA 2026,M2 - Under 14 Premier Two,,,M2-01- Clyde Pinelands,M2-07- Meadowridge,06/06/26,Sat,09:30,Clyde Pinelands,Ringwood Drive A,3,1,,Y,,
43257282,CTTLFA 2026,M2 - Under 14 Premier Two,,,M2-03- Edgemead G/W,M2-10- Stephanian Ottery,06/06/26,Sat,09:30,Edgemead G/W,Edgemead A,2,2,,Y,,
43257284,CTTLFA 2026,M2 - Under 14 Premier Two,,,M2-05- Kensington,M2-12- Young Bafana,06/06/26,Sat,09:30,Kensington,14 Avenue A,0,2,,Y,,
43257286,CTTLFA 2026,M2 - Under 14 Premier Two,,,M2-11- Sunningdale City,M2-06- Kuilsriver,06/06/26,Sat,09:30,Sunningdale City,Sunningdale A,0,2,,Y,,
43805479,CTTLFA 2026,M3 - Under 14 Premier Three,,,M3-01- Avendale Athletico,M3-07- Grass Boots,06/06/26,Sat,09:30,Avendale Athletico,Field Crescent A,0,2,,Y,,
43260855,CTTLFA 2026,M3B - Under 14 Premier Three B,,,M3-02- Bellville City,M3-13- West End United,06/06/26,Sat,09:30,Bellville City,PP Smit Stadium A,14,0,,Y,,
43260856,CTTLFA 2026,M3B - Under 14 Premier Three B,,,M3-03- Bothasig,M3-09- Holy Cross,06/06/26,Sat,09:30,Bothasig,Abe Sher A,1,1,,Y,,
43260857,CTTLFA 2026,M3B - Under 14 Premier Three B,,,M3-05- Garden Village,M3-06- Goodwood United,06/06/26,Sat,09:30,Garden Village,Alexander Road,2,3,,Y,,
43805480,CTTLFA 2026,M3 - Under 14 Premier Three,,,M3-08- Green Point Salesians,M3-17- Queens Park,06/06/26,Sat,09:30,Green Point,Green Point A,2,1,,Y,,
43260858,CTTLFA 2026,M3B - Under 14 Premier Three B,,,M3-14- YSD Macassar,M3-15- Mutual FC,06/06/26,Sat,09:30,YSD Macassar,YSD Macassar A,4,0,,Y,,
43279166,CTTLFA 2026,M4 - Under 14 Division Four,,,M4-01- Camps Bay B.,M4-05- Northpine United B,06/06/26,Sat,09:30,Camps Bay,Camps Bay A,0,2,,Y,,
43279167,CTTLFA 2026,M4 - Under 14 Division Four,,,M4-02- Cape Town Spurs B,M4-08- Saxon Rovers B.,06/06/26,Sat,09:30,Cape Town Spurs,Ikamva C,4,2,,Y,,
43279168,CTTLFA 2026,M4 - Under 14 Division Four,,,M4-07- Rygersdal B,M4-06- Norway Parks B,06/06/26,Sat,09:30,Norway Parks,Royal Road C,3,1,,Y,,
43279169,CTTLFA 2026,M4 - Under 14 Division Four,,,M4-10- CR Vasco Da Gama B,M4-04- FN Rangers B,06/06/26,Sat,09:30,Vasco da Gama,Da Gama Park B,4,1,,Y,,
43279170,CTTLFA 2026,M4 - Under 14 Division Four,,,M4-11- Wynberg St Johns B.,M4-09- Table View B,06/06/26,Sat,09:30,Wynberg st Johns,Wynberg B,1,0,,Y,,
43279501,CTTLFA 2026,M5 - Under 14 Division Five,,,M5-03- Clyde Pinelands B,M5-05- Edgemead G/W B.,06/06/26,Sat,09:30,Clyde Pinelands,Ringwood Drive B,0,6,,Y,,
43279502,CTTLFA 2026,M5 - Under 14 Division Five,,,M5-07- Goodwood United B,M5-01- Bellville City B.,06/06/26,Sat,09:30,Goodwood,Hamilton Road B,3,1,,Y,,
43279558,CTTLFA 2026,M5 - Under 14 Division Five,,,M5-08- Kuilsriver B.,M5-02- Bothasig B,06/06/26,Sat,09:30,Serepta Sports Ground,Serepta Sports Ground B,2,1,,Y,,
43279503,CTTLFA 2026,M5 - Under 14 Division Five,,,M5-10- Stephanian Ottery B,M5-09- Meadowridge B.,06/06/26,Sat,09:30,Stephanian Ottery,Stephanian Ottery A,2,7,,Y,,
43279504,CTTLFA 2026,M5 - Under 14 Division Five,,,M5-11- Sunningdale City B,M5-06- Fish Hoek B.,06/06/26,Sat,09:30,Sunningdale City,Sunningdale B,13,1,,Y,,
43272867,CTTLFA 2026,M6 - Under 14 Division Six,,,M6-05- Edgemead G/W C,M6-06- FC Kapstadt B,06/06/26,Sat,09:30,Edgemead G/W,Edgemead C,1,0,,Y,,
43272866,CTTLFA 2026,M6 - Under 14 Division Six,,,M6-08- Holy Cross B.,M6-07- Hellenic B,06/06/26,Sat,09:30,Holy Cross,Holy Cross School A,1,8,,Y,,
43272864,CTTLFA 2026,M6 - Under 14 Division Six,,,M6-09- JMI,M6-02- Brooklyn Superstars,06/06/26,Sat,09:30,Norway Parks,Royal Road E,4,4,,Y,,
43806174,CTTLFA 2026,M7 - Under 14 Division Seven,,,M7-01- Bothasig C,M7-05- Rygersdal C,06/06/26,Sat,09:30,Bothasig,Abe Sher C,3,2,,Y,,
43806177,CTTLFA 2026,M7 - Under 14 Division Seven,,,M7-07- Table View C,M7-04- Northpine United C,06/06/26,Sat,09:30,Table View,Table View A,2,7,,Y,,
43806176,CTTLFA 2026,M7 - Under 14 Division Seven,,,M7-09- Durbanville C,M7-03- Meadowridge C,06/06/26,Sat,09:30,Durbanville,Klazinga Park C,2,1,,Y,,
43574599,CTTLFA 2026,M8 - Under 14 Girls Premier One,,,M8-04- Fish Hoek,M8-01- Bellville City,06/06/26,Sat,09:30,Fish Hoek,Fish Hoek B,0,0,,Y,,
43574601,CTTLFA 2026,M8 - Under 14 Girls Premier One,,,M8-07- Rygersdal,M8-09- Stephanian Ottery,06/06/26,Sat,09:30,Rygersdal,Zwaanswyk High School,8,0,,Y,,
43574603,CTTLFA 2026,M8 - Under 14 Girls Premier One,,,M8-12- Hout Bay,M8-05- Meadowridge,06/06/26,Sat,09:30,Chukker Sports Complex,#1,5,1,,Y,,
43806179,CTTLFA 2026,M9- Under 14 Division Eight,,,M9-02- Bothasig D,M9-01- Bellville City C,06/06/26,Sat,09:30,Bothasig,Abe Sher D,0,3,Away Walkover,Y,,
43806175,CTTLFA 2026,M9- Under 14 Division Eight,,,M9-04- Tramway,M9-08- Table View D,06/06/26,Sat,09:30,Tramway,Groenewald Park A,13,3,,Y,,
43806180,CTTLFA 2026,M9- Under 14 Division Eight,,,M9-06- Northpine United D,M9-03- Edgemead G/W D,06/06/26,Sat,09:30,Northpine United,Central Park A,4,2,,Y,,
43806178,CTTLFA 2026,M9- Under 14 Division Eight,,,M9-09- Garlandale B,M9-07- Bye,06/06/26,Sat,09:30,Garlandale,Garlandale B,0,0,,Y,,
43257479,CTTLFA 2026,O2 - Under 12 Premier Two,,,O2-02- Durbanville,O2-04- Fish Hoek,06/06/26,Sat,09:30,Durbanville,Klazinga Park A,3,3,,Y,,
43331110,CTTLFA 2026,O6 - Under 12 Division Six,,,O6-07- Meadowridge C,O6-05- Fish Hoek C,06/06/26,Sat,09:30,Meadowridge,Meadowridge A,4,1,,Y,,
43574498,CTTLFA 2026,O7 - Under 12 Girls Premier One (9v9),,,O7-01- Bellville City,O7-05- Meadowridge A,06/06/26,Sat,09:30,Bellville City,PP Smit Stadium C,0,11,,Y,,
43806066,CTTLFA 2026,O8- Under 12 Division Seven,,,O8-03- Mutual B,O8-10- Garlandale B,06/06/26,Sat,09:30,Mutual FC,Pinelands Oval A,13,0,,Y,,
43806850,CTTLFA 2026,K7 - Under 16 Girls Premier One,,,K7-01- Badgers,K7-13- Wynberg St Johns,06/06/26,Sat,10:00,Badgers FC,Oranjezicht A,2,0,,Y,,
43805482,CTTLFA 2026,M3 - Under 14 Premier Three,,,M3-16- Garlandale,M3-11- Ruyterwacht,06/06/26,Sat,10:15,Garlandale,Garlandale A,2,4,,Y,,
43574497,CTTLFA 2026,O7 - Under 12 Girls Premier One (9v9),,,O7-06- Meadowridge B,O7-02- Bothasig,06/06/26,Sat,10:20,Meadowridge,Meadowridge B,0,1,,Y,,
43256688,CTTLFA 2026,K1 - Under 16 Premier One,,,K1-01- Camps Bay,K1-12- CR Vasco Da Gama,06/06/26,Sat,10:50,Camps Bay,Maidens Cove,2,3,,Y,,
43256689,CTTLFA 2026,K1 - Under 16 Premier One,,,K1-02- Cape Town Spurs,K1-08- Northpine United,06/06/26,Sat,10:50,Cape Town Spurs,Ikamva A,1,0,,Y,,
43256690,CTTLFA 2026,K1 - Under 16 Premier One,,,K1-03- De Beers,K1-04- FC Kapstadt,06/06/26,Sat,10:50,De Beers,Somerset West A,2,1,,Y,,
43256691,CTTLFA 2026,K1 - Under 16 Premier One,,,K1-07- Hellenic,K1-05- FN Rangers,06/06/26,Sat,10:50,Hellenic,Tygerhof Sports Complex A,1,1,,Y,,
43256692,CTTLFA 2026,K1 - Under 16 Premier One,,,K1-09- Norway Parks,K1-10- Rygersdal,06/06/26,Sat,10:50,Norway Parks,Royal Road A,1,2,,Y,,
43256693,CTTLFA 2026,K1 - Under 16 Premier One,,,K1-13- Wynberg St Johns,K1-06- Hanover Park,06/06/26,Sat,10:50,Wynberg st Johns,Wynberg A,0,1,,Y,,
43257148,CTTLFA 2026,K2 - Under 16 Premier Two,,,K2-01- Clyde Pinelands,K2-07- Meadowridge,06/06/26,Sat,10:50,Clyde Pinelands,Ringwood Drive A,0,1,,Y,,
43257149,CTTLFA 2026,K2 - Under 16 Premier Two,,,K2-03- Edgemead G/W,K2-10- Stephanian Ottery,06/06/26,Sat,10:50,Edgemead G/W,Edgemead A,2,5,,Y,,
43257151,CTTLFA 2026,K2 - Under 16 Premier Two,,,K2-05- Kensington,K2-12- Young Bafana,06/06/26,Sat,10:50,Kensington,14 Avenue A,1,4,,Y,,
43257153,CTTLFA 2026,K2 - Under 16 Premier Two,,,K2-11- Sunningdale City,K2-06- Kuilsriver,06/06/26,Sat,10:50,Sunningdale City,Sunningdale A,1,0,,Y,,
43805235,CTTLFA 2026,K3 - Under 16 Premier Three,,,K3-01- Avendale Athletico,K3-07- Grass Boots,06/06/26,Sat,10:50,Avendale Athletico,Field Crescent A,0,5,,Y,,
43260799,CTTLFA 2026,K3B - Under 16 Premier Three B,,,K3-02- Bellville City,K3-13- West End United,06/06/26,Sat,10:50,Bellville City,PP Smit Stadium A,0,1,,Y,,
43260800,CTTLFA 2026,K3B - Under 16 Premier Three B,,,K3-03- Bothasig,K3-09- Holy Cross,06/06/26,Sat,10:50,Bothasig,Abe Sher A,2,2,,Y,,
43260801,CTTLFA 2026,K3B - Under 16 Premier Three B,,,K3-05- Garden Village,K3-06- Goodwood United,06/06/26,Sat,10:50,Garden Village,Alexander Road,2,3,,Y,,
43805236,CTTLFA 2026,K3 - Under 16 Premier Three,,,K3-08- Green Point Salesians,K3-17- Queens Park,06/06/26,Sat,10:50,Green Point,Green Point A,0,3,,Y,,
43260802,CTTLFA 2026,K3B - Under 16 Premier Three B,,,K3-14- YSD Macassar,K3-15- Mutual FC,06/06/26,Sat,10:50,YSD Macassar,YSD Macassar A,5,0,,Y,,
43279278,CTTLFA 2026,K4 - Under 16 Division Four,,,K4-02- Cape Town Spurs B,K4-08- Saxon Rovers B,06/06/26,Sat,10:50,Cape Town Spurs,Ikamva C,3,1,,Y,,
43279279,CTTLFA 2026,K4 - Under 16 Division Four,,,K4-07- Rygersdal B,K4-06- Norway Parks B,06/06/26,Sat,10:50,Norway Parks,Royal Road B,2,2,,Y,,
43279280,CTTLFA 2026,K4 - Under 16 Division Four,,,K4-10- CR Vasco Da Gama B,K4-04- FN Rangers B,06/06/26,Sat,10:50,Vasco da Gama,Da Gama Park B,2,2,,Y,,
43279281,CTTLFA 2026,K4 - Under 16 Division Four,,,K4-11- Wynberg St Johns B.,K4-09- Table View B.,06/06/26,Sat,10:50,Wynberg st Johns,Wynberg B,4,1,,Y,,
43279391,CTTLFA 2026,K5 - Under 16 Division Five,,,K5-03- Clyde Pinelands B,K5-05- Edgemead G/W B.,06/06/26,Sat,10:50,Clyde Pinelands,Ringwood Drive B,0,3,,Y,,
43279392,CTTLFA 2026,K5 - Under 16 Division Five,,,K5-07- Goodwood United B,K5-01- Bellville City B.,06/06/26,Sat,10:50,Goodwood,Hamilton Road B,3,3,,Y,,
43279448,CTTLFA 2026,K5 - Under 16 Division Five,,,K5-08- Kuilsriver B.,K5-02- Bothasig B,06/06/26,Sat,10:50,Serepta Sports Ground,Serepta Sports Ground B,3,2,,Y,,
43279393,CTTLFA 2026,K5 - Under 16 Division Five,,,K5-10- Stephanian Ottery B,K5-09- Meadowridge B.,06/06/26,Sat,10:50,Stephanian Ottery,Stephanian Ottery A,3,1,,Y,,
43805754,CTTLFA 2026,K6 - Under 16 Division Six,,,K6-01- Bye.,K6-03- Brooklyn Superstars,06/06/26,Sat,10:50,Chelsea,Hickory Road A,0,0,,Y,,
43805751,CTTLFA 2026,K6 - Under 16 Division Six,,,K6-02- Bothasig C,K6-09- Table View C,06/06/26,Sat,10:50,Bothasig,Abe Sher C,6,4,,Y,,
43806854,CTTLFA 2026,K7 - Under 16 Girls Premier One,,,K7-05- Clyde Pinelands,K7-15- Norway Parks,06/06/26,Sat,10:50,Clyde Pinelands,Ringwood Drive C,0,5,,Y,,
43806853,CTTLFA 2026,K7 - Under 16 Girls Premier One,,,K7-08- Meadowridge,K7-03- Bothasig,06/06/26,Sat,10:50,Meadowridge,Meadowridge A,3,0,,Y,,
43806849,CTTLFA 2026,K7 - Under 16 Girls Premier One,,,K7-09- Bye.,K7-11- Bye.,06/06/26,Sat,10:50,Bye,#1,0,0,,Y,,
43806852,CTTLFA 2026,K7 - Under 16 Girls Premier One,,,K7-10- Rygersdal,K7-14- Nova Generation,06/06/26,Sat,10:50,Rygersdal,Zwaanswyk High School,8,0,,Y,,
43805753,CTTLFA 2026,K8- Under 16 Division Seven,,,K8-01- Bothasig D,K8-02- Durbanville C,06/06/26,Sat,10:50,Bothasig,Abe Sher D,0,4,,Y,,
43805747,CTTLFA 2026,K8- Under 16 Division Seven,,,K8-06- Northpine United C,K8-10- Lansdowne,06/06/26,Sat,10:50,Northpine United,Central Park A,3,0,Home Walkover,Y,,
43805748,CTTLFA 2026,K8- Under 16 Division Seven,,,K8-08- Table View D,K8-09- YMO FC,06/06/26,Sat,10:50,Table View,Table View A,0,8,,Y,,
43257347,CTTLFA 2026,M2 - Under 14 Premier Two,,,M2-02- Durbanville,M2-04- Fish Hoek,06/06/26,Sat,10:50,Durbanville,Klazinga Park A,2,1,,Y,,
43272865,CTTLFA 2026,M6 - Under 14 Division Six,,,M6-03- Bye,M6-01- Shosholoza B,06/06/26,Sat,10:50,Bye,#1,0,0,,Y,,
43806181,CTTLFA 2026,M7 - Under 14 Division Seven,,,M7-06- Sunningdale City C.,M7-10- Lansdowne,06/06/26,Sat,10:50,Sunningdale City,Sunningdale B,1,6,,Y,,
43574602,CTTLFA 2026,M8 - Under 14 Girls Premier One,,,M8-03- Camps Bay,M8-11- Wynberg St Johns,06/06/26,Sat,10:50,Camps Bay,"Symmonds Field, Camps Bay Drive",9,0,,Y,,
43574492,CTTLFA 2026,O7 - Under 12 Girls Premier One (9v9),,,O7-02- Bothasig,O7-06- Meadowridge B,06/06/26,Sat,11:35,Meadowridge,Meadowridge B,0,3,,Y,,
43805237,CTTLFA 2026,K3 - Under 16 Premier Three,,,K3-16- Garlandale,K3-11- Ruyterwacht,06/06/26,Sat,11:40,Garlandale,Garlandale A,3,4,,Y,,
43317295,CTTLFA 2026,H2 - Womens First Division,,,H2-01- Badgers B.,H2-13- Hout Bay,06/06/26,Sat,12:00,Badgers FC,Oranjezicht A,1,1,,Y,,
42989844,CTTLFA 2026,I1 - Under 18 Premier One,,,I1-01- Camps Bay,I1-12- CR Vasco Da Gama,06/06/26,Sat,12:30,Camps Bay,Maidens Cove,2,1,,Y,,
42989840,CTTLFA 2026,I1 - Under 18 Premier One,,,I1-02- Cape Town Spurs,I1-08- Northpine United,06/06/26,Sat,12:30,Cape Town Spurs,Ikamva A,1,1,,Y,,
42989845,CTTLFA 2026,I1 - Under 18 Premier One,,,I1-03- De Beers,I1-04- FC Kapstadt,06/06/26,Sat,12:30,De Beers,Somerset West A,0,3,,Y,,
42989843,CTTLFA 2026,I1 - Under 18 Premier One,,,I1-07- Hellenic,I1-05- FN Rangers,06/06/26,Sat,12:30,Hellenic,Tygerhof Sports Complex A,4,3,,Y,,
42989842,CTTLFA 2026,I1 - Under 18 Premier One,,,I1-13- Wynberg St Johns,I1-06- Hanover Park,06/06/26,Sat,12:30,Wynberg st Johns,Wynberg A,1,1,,Y,,
42990032,CTTLFA 2026,I2 - Under 18 Premier Two,,,I2-03- Edgemead G/W,I2-10- Stephanian Ottery,06/06/26,Sat,12:30,Edgemead G/W,Edgemead A,2,0,,Y,,
42990030,CTTLFA 2026,I2 - Under 18 Premier Two,,,I2-05- Kensington,I2-12- Young Bafana,06/06/26,Sat,12:30,Kensington,14 Avenue A,0,1,,Y,,
42990031,CTTLFA 2026,I2 - Under 18 Premier Two,,,I2-11- Sunningdale City,I2-06- Kuilsriver,06/06/26,Sat,12:30,Sunningdale City,Sunningdale A,1,1,,Y,,
43804781,CTTLFA 2026,I3 - Under 18 Premier Three,,,I3-01- Avendale Athletico,I3-07- Grass Boots,06/06/26,Sat,12:30,Avendale Athletico,Field Crescent A,0,1,,Y,,
43206939,CTTLFA 2026,I3B - Under 18 Premier Three B,,,I3-02- Bellville City,I3-13- West End United,06/06/26,Sat,12:30,Bellville City,PP Smit Stadium A,3,0,,Y,,
43206936,CTTLFA 2026,I3B - Under 18 Premier Three B,,,I3-03- Bothasig,I3-09- Holy Cross,06/06/26,Sat,12:30,Bothasig,Abe Sher A,1,1,,Y,,
43206937,CTTLFA 2026,I3B - Under 18 Premier Three B,,,I3-05- Garden Village,I3-06- Goodwood United,06/06/26,Sat,12:30,Garden Village,Alexander Road,4,1,,Y,,
43804782,CTTLFA 2026,I3 - Under 18 Premier Three,,,I3-08- Green Point Salesians,I3-17- Queens Park,06/06/26,Sat,12:30,Green Point,Green Point A,5,0,,Y,,
43206938,CTTLFA 2026,I3B - Under 18 Premier Three B,,,I3-14- YSD Macassar,I3-15- Mutual FC,06/06/26,Sat,12:30,YSD Macassar,YSD Macassar A,1,3,,Y,,
43275096,CTTLFA 2026,I4 - Under 18 Division Four,,,I4-01- Bothasig B,I4-02- Cape Town Spurs B,06/06/26,Sat,12:30,Bothasig,Abe Sher B,1,2,,Y,,
43275097,CTTLFA 2026,I4 - Under 18 Division Four,,,I4-06- Rygersdal B.,I4-03- FN Rangers B,06/06/26,Sat,12:30,Rygersdal,Zwaanswyk High School,2,5,,Y,,
43275098,CTTLFA 2026,I4 - Under 18 Division Four,,,I4-07- Saxon Rovers B,I4-10- Wynberg St Johns B.,06/06/26,Sat,12:30,Saxon Rovers,Maitland B,2,0,,Y,,
43275095,CTTLFA 2026,I4 - Under 18 Division Four,,,I4-08- Table View B,I4-05- Norway Parks B,06/06/26,Sat,12:30,Table View,Table View A,6,0,,Y,,
43275094,CTTLFA 2026,I4 - Under 18 Division Four,,,I4-09- CR Vasco Da Gama B,I4-04- Northpine United B,06/06/26,Sat,12:30,Vasco da Gama,Da Gama Park B,1,0,,Y,,
43805521,CTTLFA 2026,I5 - Under 18 Division Five,,,I5-04- Edgemead G/W B.,I5-05- Fish Hoek B.,06/06/26,Sat,12:30,Edgemead G/W,Edgemead B,2,3,,Y,,
43805520,CTTLFA 2026,I5 - Under 18 Division Five,,,I5-06- JMI,I5-07- Meadowridge B.,06/06/26,Sat,12:30,Norway Parks,Royal Road E,3,0,,Y,,
43805523,CTTLFA 2026,I5 - Under 18 Division Five,,,I5-08- Ruyterwacht B,I5-02- Clyde Pinelands B,06/06/26,Sat,12:30,Ruyterwacht,Stan Abbot B,1,3,,Y,,
43805519,CTTLFA 2026,I5 - Under 18 Division Five,,,I5-10- Bellville City B,I5-03- Durbanville B.,06/06/26,Sat,12:30,Bellville City,PP Smit Stadium B,1,5,,Y,,
43805522,CTTLFA 2026,I5 - Under 18 Division Five,,,I5-11- Tramway,I5-01- Bothasig C,06/06/26,Sat,12:30,Tramway,Groenewald Park A,6,1,,Y,,
43257214,CTTLFA 2026,K2 - Under 16 Premier Two,,,K2-02- Durbanville,K2-04- Fish Hoek,06/06/26,Sat,12:30,Durbanville,Klazinga Park A,3,3,,Y,,
43279277,CTTLFA 2026,K4 - Under 16 Division Four,,,K4-01- Bye,K4-05- Northpine United B,06/06/26,Sat,12:30,Bye,#1,0,0,,Y,,
43279394,CTTLFA 2026,K5 - Under 16 Division Five,,,K5-11- Sunningdale City B,K5-06- Fish Hoek B.,06/06/26,Sat,12:30,Sunningdale City,Sunningdale B,4,3,,Y,,
43805746,CTTLFA 2026,K8- Under 16 Division Seven,,,K8-05- Meadowridge D,K8-04- Fish Hoek C.,06/06/26,Sat,12:30,Meadowridge,Meadowridge A,8,0,,Y,,
43804783,CTTLFA 2026,I3 - Under 18 Premier Three,,,I3-16- Garlandale,I3-11- Ruyterwacht,06/06/26,Sat,13:15,Garlandale,Garlandale A,1,15,,Y,,
43575438,CTTLFA 2026,D2 - 4th Division,,,D2-02- Bothasig,D2-06- Ruyterwacht,06/06/26,Sat,14:00,Bothasig,Abe Sher B,0,0,,Y,,
43575433,CTTLFA 2026,D2 - 4th Division,,,D2-05- Norway Parks,D2-09- C.R. Vasco Da Gama,06/06/26,Sat,14:00,Norway Parks,Royal Road D,5,2,,Y,,
43575435,CTTLFA 2026,D2 - 4th Division,,,D2-08- Table View,D2-10- Wynberg St Johns,06/06/26,Sat,14:00,Table View,Table View C,0,3,,Y,,
43575434,CTTLFA 2026,D2 - 4th Division,,,D2-12- Kensington,D2-01- Avendale Athletico,06/06/26,Sat,14:00,Kensington,14 Avenue B,6,3,,Y,,
43575246,CTTLFA 2026,D3 - 5th Division,,,D3-03- Durbanville,D3-10- C.R. Vasco Da Gama,06/06/26,Sat,14:00,Durbanville,Klazinga Park B,0,3,,Y,,
43575245,CTTLFA 2026,D3 - 5th Division,,,D3-04- Edgemead G/W,D3-01- Bothasig,06/06/26,Sat,14:00,Edgemead G/W,Edgemead A,3,1,,Y,,
43575571,CTTLFA 2026,D4 - 6th Division,,,D4-01- Garlandale FC,D4-11- Edgemead G/W,06/06/26,Sat,14:00,Garlandale,Garlandale A,3,3,,Y,,
43575567,CTTLFA 2026,D4 - 6th Division,,,D4-02- Clyde Pinelands,D4-06- Bye,06/06/26,Sat,14:00,Clyde Pinelands,Ringwood Drive B,0,0,,Y,,
43575569,CTTLFA 2026,D4 - 6th Division,,,D4-12- Lansdowne,D4-04- Holy Cross,06/06/26,Sat,14:00,Lansdowne,Chukker Road A,5,5,,Y,,
43575936,CTTLFA 2026,E1- Vets 035,,,E1-08- Ruyterwacht,E1-05- Goodwood United,06/06/26,Sat,14:00,Ruyterwacht,Stan Abbot B,2,0,,Y,,
43256295,CTTLFA 2026,B2 - First Reserve,,,FR-02- Bothasig,FR-11- Stephanian Ottery,06/06/26,Sat,14:00,Bothasig,Abe Sher A,2,4,,Y,,
43256296,CTTLFA 2026,B2 - First Reserve,,,FR-03- Brooklyn Superstars,FR-05- JMI,06/06/26,Sat,14:00,Bayview Sports Complex,Brooklyn Bayview Sports Complex A,2,0,,Y,,
43256297,CTTLFA 2026,B2 - First Reserve,,,FR-06- Kensington,FR-01- Bellville City FC,06/06/26,Sat,14:00,Kensington,14 Avenue A,4,0,,Y,,
43256298,CTTLFA 2026,B2 - First Reserve,,,FR-07- Kuilsriver,FR-09- Northpine United,06/06/26,Sat,14:00,Serepta Sports Ground,Serepta Sports Ground A,5,0,,Y,,
43256299,CTTLFA 2026,B2 - First Reserve,,,FR-10- Ruyterwacht,FR-04- Garden Village,06/06/26,Sat,14:00,Ruyterwacht,Stan Abbott,2,0,,Y,,
43256300,CTTLFA 2026,B2 - First Reserve,,,FR-13- Tramway,FR-08- Meadowridge,06/06/26,Sat,14:00,Tramway,Groenewald Park A,1,1,,Y,,
43806373,CTTLFA 2026,G1 - Vets 045 A,,,G1-04- Hanover Park,G1-11- Lansdowne,06/06/26,Sat,14:00,Hanover Park,Hanover Park B,4,3,,Y,,
43262919,CTTLFA 2026,G4 - Vets 050 A,,,G4-02- Fish Hoek,G4-09- West End United A,06/06/26,Sat,14:00,Fish Hoek,Fish Hoek A,0,2,,Y,,
43262918,CTTLFA 2026,G4 - Vets 050 A,,,G4-03- FN Rangers,G4-05- Holy Cross,06/06/26,Sat,14:00,FN Rangers,FNB Stadium A,4,0,,Y,,
43262784,CTTLFA 2026,G5 - Vets 050 B,,,G5-09- Meadowridge,G5-05- Everton United,06/06/26,Sat,14:00,Meadowridge,Meadowridge A,1,1,,Y,,
43575095,CTTLFA 2026,G6 - Vets O50 C,,,G6-01- Avendale Athletico,G6-02- Hanover Park C,06/06/26,Sat,14:00,Avendale Athletico,Field Crescent A,2,3,,Y,,
43575096,CTTLFA 2026,G6 - Vets O50 C,,,G6-09- YMO FC,G6-08- Wynberg St Johns,06/06/26,Sat,14:00,YMO FC,Upper Cambridge A,7,2,,Y,,
43575097,CTTLFA 2026,G6 - Vets O50 C,,,G6-10- Saxon Rovers,G6-05- Table View,06/06/26,Sat,14:00,Saxon Rovers,Maitland B,3,3,,Y,,
43256118,CTTLFA 2026,A2 - Premier Reserve,,,PR-01- Durbanville,PR-03- Fish Hoek,06/06/26,Sat,14:00,Durbanville,Klazinga Park A,2,0,,Y,,
43256119,CTTLFA 2026,A2 - Premier Reserve,,,PR-05- Green Point Salesians,PR-02- Edgemead G/W,06/06/26,Sat,14:00,Green Point,Green Point A,0,3,,Y,,
43256211,CTTLFA 2026,A2 - Premier Reserve,,,PR-06- Hanover Park,PR-09- Rygersdal,06/06/26,Sat,14:00,Hanover Park,Hanover Park A,5,0,,Y,,
43256120,CTTLFA 2026,A2 - Premier Reserve,,,PR-07- Holy Cross,PR-04- FN Rangers,06/06/26,Sat,14:00,Holy Cross,Voortrekker Road,2,2,,Y,,
43256122,CTTLFA 2026,A2 - Premier Reserve,,,PR-11- Table View,PR-13- C.R. Vasco Da Gama,06/06/26,Sat,14:00,Table View,Table View A,1,3,,Y,,
43256123,CTTLFA 2026,A2 - Premier Reserve,,,PR-12- UCT,PR-08- Norway Parks,06/06/26,Sat,14:00,U C T,U C T,1,1,,Y,,
43256124,CTTLFA 2026,A2 - Premier Reserve,,,PR-14- Wynberg St Johns,PR-10- Saxon Rovers,06/06/26,Sat,14:00,Wynberg st Johns,Wynberg A,1,1,,Y,,
43256480,CTTLFA 2026,C2 - Second Reserve,,,SR-03- Camps Bay,SR-15- Young Bafana,06/06/26,Sat,14:00,Camps Bay,Camps Bay A,1,1,,Y,,
43256600,CTTLFA 2026,C2 - Second Reserve,,,SR-04- Chelsea Bridgetown,SR-10- Hellenic,06/06/26,Sat,14:00,Chelsea,Hickory Road A,1,4,,Y,,
43256481,CTTLFA 2026,C2 - Second Reserve,,,SR-06- De Beers,SR-11- Mutual FC,06/06/26,Sat,14:00,De Beers,Somerset West A,0,4,,Y,,
43256482,CTTLFA 2026,C2 - Second Reserve,,,SR-09- Goodwood United,SR-13- Varsity College,06/06/26,Sat,14:00,Goodwood,Hamilton Road A,1,1,,Y,,
43256484,CTTLFA 2026,C2 - Second Reserve,,,SR-12- Queens Park,SR-08- Bye,06/06/26,Sat,14:00,Paddock Road A,Queens Park Paddock A,0,0,,Y,,
43256485,CTTLFA 2026,C2 - Second Reserve,,,SR-14- West End United,SR-05- Clyde Pinelands,06/06/26,Sat,14:00,West End United,West End Park A,2,0,,Y,,
43256486,CTTLFA 2026,C2 - Second Reserve,,,SR-16- YSD Macassar,SR-07- FC Kapstadt,06/06/26,Sat,14:00,YSD Macassar,YSD Macassar A,1,1,,Y,,
43575570,CTTLFA 2026,D4 - 6th Division,,,D4-07- Rygersdal,D4-03- De Beers,06/06/26,Sat,15:30,Rygersdal,Allenby Drive Sports Complex,2,7,,Y,,
43575244,CTTLFA 2026,D1 - 3rd Division,,,D1-02- Bothasig,D1-08- Table View,06/06/26,Sat,15:45,Bothasig,Abe Sher B,0,1,,Y,,
43575241,CTTLFA 2026,D1 - 3rd Division,,,D1-03- Durbanville,D1-01- Bellville City FC,06/06/26,Sat,15:45,Durbanville,Klazinga Park B,4,0,,Y,,
43575247,CTTLFA 2026,D1 - 3rd Division,,,D1-04- Edgemead G/W,D1-06- Green Point Salesians,06/06/26,Sat,15:45,Edgemead G/W,Edgemead A,1,0,,Y,,
43575242,CTTLFA 2026,D1 - 3rd Division,,,D1-09- C.R. Vasco Da Gama,D1-05- Garden Village,06/06/26,Sat,15:45,Vasco da Gama,Da Gama Park B,4,1,,Y,,
43575240,CTTLFA 2026,D1 - 3rd Division,,,D1-10- Wynberg St Johns,D1-07- Saxon Rovers,06/06/26,Sat,15:45,Wynberg st Johns,Wynberg B,1,3,,Y,,
43575239,CTTLFA 2026,D3 - 5th Division,,,D3-11- Hanover Park,D3-06- Mutual FC,06/06/26,Sat,15:45,Hanover Park,Hanover Park B,1,2,,Y,,
43575939,CTTLFA 2026,E1- Vets 035,,,E1-04-FN Rangers,E1-02- Camps Bay,06/06/26,Sat,15:45,FN Rangers,FNB Stadium B,4,3,,Y,,
43575935,CTTLFA 2026,E1- Vets 035,,,E1-06- Hanover Park,E1-01- Avendale Athletico,06/06/26,Sat,15:45,Hanover Park,Hanover Park C,2,2,,Y,,
43575938,CTTLFA 2026,E1- Vets 035,,,E1-09- Bye,E1-11- C.R. Vasco Da Gama,06/06/26,Sat,15:45,Bye,#1,0,0,,Y,,
43575827,CTTLFA 2026,E2- Vets 035 B,,,E2-06- FN Rangers B,E2-11- Turfhall,06/06/26,Sat,15:45,FN Rangers,FNB Stadium C,8,2,,Y,,
43575823,CTTLFA 2026,E2- Vets 035 B,,,E2-09- Tramway,E2-08- Everton United,06/06/26,Sat,15:45,Tramway,Groenewald Park B,2,5,,Y,,
43575700,CTTLFA 2026,F2 - Vets 040 B,,,F2-04- Goodwood United,F2-06- Kuilsriver,06/06/26,Sat,15:45,Goodwood,Hamilton Road B,2,5,,Y,,
42990213,CTTLFA 2026,B1 - First Division,,,FD-02- Bothasig,FD-11- Stephanian Ottery,06/06/26,Sat,15:45,Bothasig,Abe Sher A,3,1,,Y,,
42990218,CTTLFA 2026,B1 - First Division,,,FD-03- Brooklyn Superstars,FD-05- JMI,06/06/26,Sat,15:45,Bayview Sports Complex,Brooklyn Bayview Sports Complex A,3,1,,Y,,
42990214,CTTLFA 2026,B1 - First Division,,,FD-06- Kensington,FD-01- Bellville City FC,06/06/26,Sat,15:45,Kensington,14 Avenue A,2,1,,Y,,
42990216,CTTLFA 2026,B1 - First Division,,,FD-07- Kuilsriver,FD-09- Northpine United,06/06/26,Sat,15:45,Serepta Sports Ground,Serepta Sports Ground A,1,3,,Y,,
42990217,CTTLFA 2026,B1 - First Division,,,FD-10- Ruyterwacht,FD-04- Garden Village,06/06/26,Sat,15:45,Ruyterwacht,Stan Abbott,1,2,,Y,,
42990215,CTTLFA 2026,B1 - First Division,,,FD-13- Tramway,FD-08- Meadowridge,06/06/26,Sat,15:45,Tramway,Groenewald Park A,2,1,,Y,,
43262787,CTTLFA 2026,G5 - Vets 050 B,,,G5-10- West End United B,G5-08- Lansdowne,06/06/26,Sat,15:45,West End United,West End Park B,0,0,,Y,,
42996934,CTTLFA 2026,A1 - Premier Division,,,PD-01- Durbanville,PD-03- Fish Hoek,06/06/26,Sat,15:45,Durbanville,Klazinga Park A,5,0,,Y,,
42996929,CTTLFA 2026,A1 - Premier Division,,,PD-05- Green Point Salesians,PD-02- Edgemead G/W,06/06/26,Sat,15:45,Green Point,Green Point A,1,1,,Y,,
42997021,CTTLFA 2026,A1 - Premier Division,,,PD-06- Hanover Park,PD-09- Rygersdal,06/06/26,Sat,15:45,Hanover Park,Hanover Park A,4,0,,Y,,
42996931,CTTLFA 2026,A1 - Premier Division,,,PD-07- Holy Cross,PD-04- FN Rangers,06/06/26,Sat,15:45,Holy Cross,Voortrekker Road,2,2,,Y,,
42996930,CTTLFA 2026,A1 - Premier Division,,,PD-11- Table View,PD-13- C.R. Vasco Da Gama,06/06/26,Sat,15:45,Table View,Table View A,2,1,,Y,,
42996932,CTTLFA 2026,A1 - Premier Division,,,PD-12- UCT,PD-08- Norway Parks,06/06/26,Sat,15:45,U C T,U C T,0,2,,Y,,
42996933,CTTLFA 2026,A1 - Premier Division,,,PD-14- Wynberg St Johns,PD-10- Saxon Rovers,06/06/26,Sat,15:45,Wynberg st Johns,Wynberg A,2,1,,Y,,
43206543,CTTLFA 2026,C1 - Second Division,,,SD-03- Camps Bay,SD-15- Young Bafana,06/06/26,Sat,15:45,Camps Bay,Camps Bay A,3,3,,Y,,
43206661,CTTLFA 2026,C1 - Second Division,,,SD-04- Chelsea Bridgetown,SD-10- Hellenic,06/06/26,Sat,15:45,Chelsea,Hickory Road A,2,2,,Y,,
43206546,CTTLFA 2026,C1 - Second Division,,,SD-06- De Beers,SD-11- Mutual FC,06/06/26,Sat,15:45,De Beers,Somerset West A,2,1,,Y,,
43206545,CTTLFA 2026,C1 - Second Division,,,SD-09- Goodwood United,SD-13- Varsity College,06/06/26,Sat,15:45,Goodwood,Hamilton Road A,3,2,,Y,,
43206540,CTTLFA 2026,C1 - Second Division,,,SD-12- Queens Park,SD-08- Bye,06/06/26,Sat,15:45,Paddock Road A,Queens Park Paddock A,0,0,,Y,,
43206544,CTTLFA 2026,C1 - Second Division,,,SD-14- West End United,SD-05- Clyde Pinelands,06/06/26,Sat,15:45,West End United,West End Park A,1,0,,Y,,
43206541,CTTLFA 2026,C1 - Second Division,,,SD-16- YSD Macassar,SD-07- FC Kapstadt,06/06/26,Sat,15:45,YSD Macassar,YSD Macassar A,0,3,,Y,,
43331105,CTTLFA 2026,O6 - Under 12 Division Six,,,O6-01- Bothasig C,O6-07- Meadowridge C,07/06/26,Sun,08:15,Bothasig,Abe Sher A,2,8,,Y,,
43260912,CTTLFA 2026,O3B - Under 12 Premier Three B,,,O3-15- Mutual FC,O3-03- Bothasig,07/06/26,Sun,09:00,Mutual FC,Pinelands Oval C,0,4,,Y,,
43260854,CTTLFA 2026,M3B - Under 14 Premier Three B,,,M3-15- Mutual FC,M3-03- Bothasig,07/06/26,Sun,09:30,Mutual FC,Pinelands Oval A,1,11,,Y,,
43806168,CTTLFA 2026,M7 - Under 14 Division Seven,,,M7-01- Bothasig C,M7-03- Meadowridge C,07/06/26,Sun,09:30,Bothasig,Abe Sher B,2,4,,Y,,
43260798,CTTLFA 2026,K3B - Under 16 Premier Three B,,,K3-15- Mutual FC,K3-03- Bothasig,07/06/26,Sun,10:50,Mutual FC,Pinelands Oval A,1,0,,Y,,
43806855,CTTLFA 2026,K7 - Under 16 Girls Premier One,,,K7-11- Bye.,K7-10- Rygersdal,07/06/26,Sun,10:50,Bye,#1,0,0,,Y,,
43806856,CTTLFA 2026,K7 - Under 16 Girls Premier One,,,K7-13- Wynberg St Johns,K7-09- Bye.,07/06/26,Sun,10:50,Wynberg st Johns,Wynberg A,0,0,,Y,,
43806858,CTTLFA 2026,K7 - Under 16 Girls Premier One,,,K7-14- Nova Generation,K7-06- Fish Hoek,07/06/26,Sun,10:50,Nova Generations,Generations Sandown Institute,0,2,,Y,,
43574598,CTTLFA 2026,M8 - Under 14 Girls Premier One,,,M8-02- Bothasig,M8-03- Camps Bay,07/06/26,Sun,10:50,Bothasig,Abe Sher B,3,0,Home Walkover,Y,,
43806171,CTTLFA 2026,M9- Under 14 Division Eight,,,M9-02- Bothasig D,M9-03- Edgemead G/W D,07/06/26,Sun,10:50,Bothasig,Abe Sher C,2,1,,Y,,
43206934,CTTLFA 2026,I3B - Under 18 Premier Three B,,,I3-15- Mutual FC,I3-03- Bothasig,07/06/26,Sun,12:30,Mutual FC,Pinelands Oval A,3,5,,Y,,
43805741,CTTLFA 2026,K6 - Under 16 Division Six,,,K6-02- Bothasig C,K6-04- Holy Cross B,07/06/26,Sun,12:30,Bothasig,Abe Sher A,2,1,,Y,,
43805738,CTTLFA 2026,K8- Under 16 Division Seven,,,K8-01- Bothasig D,K8-09- YMO FC,07/06/26,Sun,12:30,Bothasig,Abe Sher B,0,13,,Y,,
43274245,CTTLFA 2026,O5 - Under 12 Division Five,,,O5-01- Bellville City B.,O5-02- Bothasig B,07/06/26,Sun,13:00,Bellville City,PP Smit Stadium B,2,1,,Y,,
43279385,CTTLFA 2026,K5 - Under 16 Division Five,,,K5-01- Bellville City B.,K5-02- Bothasig B,07/06/26,Sun,14:00,Bellville City,PP Smit Stadium C,2,2,,Y,,
43256404,CTTLFA 2026,C2 - Second Reserve,,,SR-11- Mutual FC,SR-01- Avendale Athletico,07/06/26,Sun,14:00,Mutual FC,Pinelands Oval A,0,1,,Y,,
43806860,CTTLFA 2026,K7 - Under 16 Girls Premier One,,,K7-02- Bellville City,K7-08- Meadowridge,07/06/26,Sun,14:30,Bellville City,PP Smit Stadium B,2,2,,Y,,
43206464,CTTLFA 2026,C1 - Second Division,,,SD-11- Mutual FC,SD-01- Avendale Athletico,07/06/26,Sun,15:45,Mutual FC,Pinelands Oval A,2,0,,Y,,
43575563,CTTLFA 2026,D4 - 6th Division,,,D4-08- Bothasig,D4-07- Rygersdal,08/06/26,Mon,20:30,Bothasig,Abe Sher B,3,2,,Y,,
43256091,CTTLFA 2026,A2 - Premier Reserve,,,PR-05- Green Point Salesians,PR-07- Holy Cross,09/06/26,Tue,19:00,Green Point,Green Point A,0,0,,Y,,
43256125,CTTLFA 2026,A2 - Premier Reserve,,,PR-12- UCT,PR-13- C.R. Vasco Da Gama,09/06/26,Tue,19:00,U C T,U C T,0,1,,Y,,
42996953,CTTLFA 2026,A1 - Premier Division,,,PD-12- UCT,PD-13- C.R. Vasco Da Gama,09/06/26,Tue,20:30,U C T,U C T,1,4,,Y,,
42989801,CTTLFA 2026,I1 - Under 18 Premier One,,,I1-07- Hellenic,I1-02- Cape Town Spurs,10/06/26,Wed,18:00,Cape Town Spurs,Ikamva A,0,1,,Y,,
43890566,CTTLFA 2026,,U/16 Premier One Knockout 2026,,K1-13- Wynberg St Johns,K1-06- Hanover Park,10/06/26,Wed,18:30,Wynberg st Johns,Wynberg B,2,1,,Y,,
43890457,CTTLFA 2026,,U/12 Premier One Knockout 2026,,O1-13- Wynberg St Johns,O1-04- FC Kapstadt,10/06/26,Wed,18:30,Wynberg st Johns,Wynberg A,0,2,,Y,,
43890396,CTTLFA 2026,,U/12 Division Six Knockout 2026,,O6-02- Brooklyn Superstars,O6-01- Bothasig C,10/06/26,Wed,18:30,Bothasig,Abe Sher B,3,0,,Y,,
43317302,CTTLFA 2026,H2 - Womens First Division,,,H2-03- Green Point Salesians B,H2-13- Hout Bay,10/06/26,Wed,19:00,Green Point,Green Point A,2,4,,Y,,
43317299,CTTLFA 2026,H2 - Womens First Division,,,H2-04- Kensington,H2-01- Badgers B.,10/06/26,Wed,19:00,Kensington,14 Avenue A,0,0,,Y,,
43317301,CTTLFA 2026,H2 - Womens First Division,,,H2-06- Meadowridge,H2-10- UCT B,10/06/26,Wed,19:00,Meadowridge,Meadowridge A,7,1,,Y,,
43317298,CTTLFA 2026,H2 - Womens First Division,,,H2-12- Hanover Park,H2-08- Saxon Rovers,10/06/26,Wed,19:00,Hanover Park,Hanover Park A,3,0,,Y,,
43262921,CTTLFA 2026,G4 - Vets 050 A,,,G4-07- Stephanian Ottery,G4-03- FN Rangers,10/06/26,Wed,19:30,Stephanian Ottery,Stephanian Ottery B,3,0,,Y,,
43575940,CTTLFA 2026,E1- Vets 035,,,E1-03- Clyde Pinelands,E1-04-FN Rangers,10/06/26,Wed,20:30,Clyde Pinelands,Ringwood Drive A,0,6,,Y,,
43960332,CTTLFA 2026,,CTTLFA O/35 A Division Knock Out 2026,,E1-07- Kensington,E1-11- C.R. Vasco Da Gama,10/06/26,Wed,20:30,Kensington,14 Avenue A,3,1,,Y,,
43575883,CTTLFA 2026,E2- Vets 035 B,,,E2-03- Green Point Salesians,E2-12- Clyde Pinelands B,10/06/26,Wed,20:30,Green Point,Green Point A,8,0,,Y,,
43262789,CTTLFA 2026,G5 - Vets 050 B,,,G5-07- Hanover Park B,G5-04- Edgemead G/W,10/06/26,Wed,20:30,Hanover Park,Hanover Park A,3,2,,Y,,
43574500,CTTLFA 2026,O7 - Under 12 Girls Premier One (9v9),,,O7-05- Meadowridge A,O7-06- Meadowridge B,11/06/26,Thu,18:30,Meadowridge,Meadowridge B,10,0,,Y,,
43256304,CTTLFA 2026,B2 - First Reserve,,,FR-08- Meadowridge,FR-10- Ruyterwacht,11/06/26,Thu,19:00,Meadowridge,Meadowridge A,1,0,,Y,,
43262790,CTTLFA 2026,G5 - Vets 050 B,,,G5-01- Bothasig,G5-10- West End United B,11/06/26,Thu,19:00,Bothasig,Abe Sher A,2,1,,Y,,
43317300,CTTLFA 2026,H2 - Womens First Division,,,H2-09- Stephanian Ottery,H2-11- Magic Ladies B,11/06/26,Thu,19:00,Stephanian Ottery,Stephanian Ottery A,2,7,,Y,,
43575437,CTTLFA 2026,D2 - 4th Division,,,D2-07- Rygersdal,D2-04- Fish Hoek,11/06/26,Thu,19:30,U C T,U C T,3,3,,Y,,
43262958,CTTLFA 2026,G4 - Vets 050 A,,,G4-01- Clyde Pinelands,G4-06- Rygersdal,11/06/26,Thu,19:30,Clyde Pinelands,Ringwood Drive A,3,0,,Y,,
43575944,CTTLFA 2026,E1- Vets 035,,,E1-01- Avendale Athletico,E1-07- Kensington,11/06/26,Thu,20:00,Chelsea,Hickory Road A,2,1,,Y,,
43262478,CTTLFA 2026,F1 - Vets 040 A,,,F1-05- Hanover Park,F1-07- Rygersdal,11/06/26,Thu,20:00,Hanover Park,Hanover Park A,4,2,,Y,,
43806073,CTTLFA 2026,O8- Under 12 Division Seven,,,O8-04- Meadowridge D,O8-06- Rygersdal C,12/06/26,Fri,18:30,Meadowridge,Meadowridge B,1,4,,Y,,
43575707,CTTLFA 2026,F2 - Vets 040 B,,,F2-01- Avendale Athletico,F2-03- Garlandale,12/06/26,Fri,19:00,Chelsea,Hickory Road A,13,0,,Y,,
43262924,CTTLFA 2026,G4 - Vets 050 A,,,G4-05- Holy Cross,G4-04- Hanover Park,12/06/26,Fri,19:00,Holy Cross,Voortrekker Road,0,3,,Y,,
43806546,CTTLFA 2026,H1 - Womens Premier League,,,H1-02- Bellville City,H1-01- Badgers,12/06/26,Fri,19:00,Bellville City,PP Smit Stadium C,1,3,,Y,,
43806545,CTTLFA 2026,H1 - Womens Premier League,,,H1-05- FN Rangers,H1-03- Clyde Pinelands,12/06/26,Fri,19:00,FN Rangers,FNB Stadium A,4,0,,Y,,
43317303,CTTLFA 2026,H2 - Womens First Division,,,H2-08- Saxon Rovers,H2-06- Meadowridge,12/06/26,Fri,19:00,Saxon Rovers,Maitland A,2,0,,Y,,
43317305,CTTLFA 2026,H2 - Womens First Division,,,H2-10- UCT B,H2-09- Stephanian Ottery,12/06/26,Fri,19:00,U C T,U C T,2,0,,Y,,
43806863,CTTLFA 2026,K7 - Under 16 Girls Premier One,,,K7-08- Meadowridge,K7-14- Nova Generation,12/06/26,Fri,19:00,Meadowridge,Meadowridge A,0,5,,Y,,
43574606,CTTLFA 2026,M8 - Under 14 Girls Premier One,,,M8-02- Bothasig,M8-05- Meadowridge,12/06/26,Fri,19:00,Bothasig,Abe Sher C,0,2,,Y,,
43256129,CTTLFA 2026,A2 - Premier Reserve,,,PR-06- Hanover Park,PR-05- Green Point Salesians,12/06/26,Fri,19:00,Hanover Park,Hanover Park A,8,2,,Y,,
43575829,CTTLFA 2026,E2- Vets 035 B,,,E2-08- Everton United,E2-10- Wynberg St Johns,12/06/26,Fri,19:30,Heideveld Sports Complex,#1,5,3,,Y,,
43262482,CTTLFA 2026,F1 - Vets 040 A,,,F1-03- Fish Hoek,F1-08- Stephanian Ottery,12/06/26,Fri,19:30,Fish Hoek,Fish Hoek A,1,3,,Y,,
43262480,CTTLFA 2026,F1 - Vets 040 A,,,F1-06- Norway Parks,F1-10- C.R. Vasco Da Gama,12/06/26,Fri,19:30,Norway Parks,Royal Road A,1,1,,Y,,
43262479,CTTLFA 2026,F1 - Vets 040 A,,,F1-09- Sunningdale City,F1-02- Edgemead G/W,12/06/26,Fri,19:30,Sunningdale City,Sunningdale A,0,3,,Y,,
43575706,CTTLFA 2026,F2 - Vets 040 B,,,F2-05- Green Point Salesians,F2-09- Wynberg St Johns,12/06/26,Fri,19:30,Green Point,Green Point A,2,1,,Y,,
43575100,CTTLFA 2026,G6 - Vets O50 C,,,G6-04- Stephanian Ottery B,G6-09- YMO FC,12/06/26,Fri,19:30,Stephanian Ottery,Stephanian Ottery B,0,1,,Y,,
43575099,CTTLFA 2026,G6 - Vets O50 C,,,G6-08- Wynberg St Johns,G6-05- Table View,12/06/26,Fri,19:30,Wynberg st Johns,Wynberg B,1,5,,Y,,
43806543,CTTLFA 2026,H1 - Womens Premier League,,,H1-12- Bye.,H1-04- Fish Hoek,12/06/26,Fri,19:30,YSD Macassar,YSD Macassar A,0,0,,Y,,
43317308,CTTLFA 2026,H2 - Womens First Division,,,H2-02- Bothasig,H2-05- Kuilsriver,12/06/26,Fri,19:30,Bothasig,Abe Sher A,3,0,,Y,,
43806186,CTTLFA 2026,M7 - Under 14 Division Seven,,,M7-03- Meadowridge C,M7-06- Sunningdale City C.,12/06/26,Fri,19:30,Meadowridge,Meadowridge B,4,1,,Y,,
43575258,CTTLFA 2026,D1 - 3rd Division,,,D1-05- Garden Village,D1-03- Durbanville,12/06/26,Fri,20:30,Garden Village,Alexander Road,4,2,,Y,,
43575440,CTTLFA 2026,D2 - 4th Division,,,D2-01- Avendale Athletico,D2-05- Norway Parks,12/06/26,Fri,20:30,Chelsea,Hickory Road A,2,1,,Y,,
43575249,CTTLFA 2026,D3 - 5th Division,,,D3-09- Tramway,D3-03- Durbanville,12/06/26,Fri,20:30,Tramway,Groenewald Park A,4,0,,Y,,
43575576,CTTLFA 2026,D4 - 6th Division,,,D4-04- Holy Cross,D4-02- Clyde Pinelands,12/06/26,Fri,20:30,Holy Cross,Voortrekker Road,9,1,,Y,,
43575577,CTTLFA 2026,D4 - 6th Division,,,D4-06- Bye,D4-09- Stephanian Ottery,12/06/26,Fri,20:30,Paddock Road A,Queens Park Paddock A,0,0,,Y,,
43575573,CTTLFA 2026,D4 - 6th Division,,,D4-10- Sunningdale City,D4-07- Rygersdal,12/06/26,Fri,20:30,Sunningdale City,Sunningdale B,2,1,,Y,,
43575708,CTTLFA 2026,F2 - Vets 040 B,,,F2-02- Bothasig,F2-04- Goodwood United,12/06/26,Fri,20:30,Bothasig,Abe Sher B,1,1,,Y,,
43575709,CTTLFA 2026,F2 - Vets 040 B,,,F2-11- Saxon Rovers,F2-12- Sunningdale City B,12/06/26,Fri,20:30,Saxon Rovers,Maitland A,5,2,,Y,,
43806542,CTTLFA 2026,H1 - Womens Premier League,,,H1-11- UCT,H1-06- Green Point Salesians,12/06/26,Fri,20:30,U C T,U C T,0,5,,Y,,
42996941,CTTLFA 2026,A1 - Premier Division,,,PD-06- Hanover Park,PD-05- Green Point Salesians,12/06/26,Fri,20:30,Hanover Park,Hanover Park A,3,2,,Y,,
43257007,CTTLFA 2026,O1 - Under 12 Premier One,,,O1-05- FN Rangers,O1-01- Camps Bay,13/06/26,Sat,08:15,FN Rangers,FNB Stadium A,6,0,,Y,,
43257008,CTTLFA 2026,O1 - Under 12 Premier One,,,O1-06- Hanover Park,O1-02- Cape Town Spurs,13/06/26,Sat,08:15,Hanover Park,Hanover Park A,0,2,,Y,,
43257009,CTTLFA 2026,O1 - Under 12 Premier One,,,O1-08- Northpine United,O1-07- Hellenic,13/06/26,Sat,08:15,Northpine United,Central Park A,0,1,,Y,,
43257011,CTTLFA 2026,O1 - Under 12 Premier One,,,O1-12- CR Vasco Da Gama,O1-09- Norway Parks,13/06/26,Sat,08:15,Vasco da Gama,Da Gama Park B,0,2,,Y,,
43257419,CTTLFA 2026,O2 - Under 12 Premier Two,,,O2-02- Durbanville,O2-11- Sunningdale City,13/06/26,Sat,08:15,Durbanville,Klazinga Park A,1,8,,Y,,
43257420,CTTLFA 2026,O2 - Under 12 Premier Two,,,O2-06- Kuilsriver,O2-03- Edgemead G/W,13/06/26,Sat,08:15,Serepta Sports Ground,Serepta Sports Ground A,1,3,,Y,,
43257421,CTTLFA 2026,O2 - Under 12 Premier Two,,,O2-07- Meadowridge,O2-05- Kensington,13/06/26,Sat,08:15,Meadowridge,Meadowridge A,6,0,,Y,,
43257422,CTTLFA 2026,O2 - Under 12 Premier Two,,,O2-09- Shosholoza,O2-01- Clyde Pinelands,13/06/26,Sat,08:15,Pelican Heights Sports Ground,Pelican A,3,10,,Y,,
43257423,CTTLFA 2026,O2 - Under 12 Premier Two,,,O2-10- Stephanian Ottery,O2-08- Saxon Rovers,13/06/26,Sat,08:15,Stephanian Ottery,Stephanian Ottery A,1,1,,Y,,
43257424,CTTLFA 2026,O2 - Under 12 Premier Two,,,O2-12- Young Bafana,O2-04- Fish Hoek,13/06/26,Sat,08:15,Young Bafana,YB Arena A,5,1,,Y,,
43260917,CTTLFA 2026,O3B - Under 12 Premier Three B,,,O3-02- Bellville City,O3-09- Holy Cross,13/06/26,Sat,08:15,Bellville City,PP Smit Stadium C,3,4,,Y,,
43260918,CTTLFA 2026,O3B - Under 12 Premier Three B,,,O3-03- Bothasig,O3-14- YSD Macassar,13/06/26,Sat,08:15,Bothasig,Abe Sher A,5,1,,Y,,
43805238,CTTLFA 2026,O3 - Under 12 Premier Three,,,O3-04- Chelsea Bridgetown,O3-01- Avendale Athletico,13/06/26,Sat,08:15,Chelsea,Hickory Road A,2,2,,Y,,
43260919,CTTLFA 2026,O3B - Under 12 Premier Three B,,,O3-05- Garden Village,O3-15- Mutual FC,13/06/26,Sat,08:15,Garden Village,Alexander Road,5,5,,Y,,
43260920,CTTLFA 2026,O3B - Under 12 Premier Three B,,,O3-06- Goodwood United,O3-13- West End United,13/06/26,Sat,08:15,Goodwood,Hamilton Road A,16,0,,Y,,
43805239,CTTLFA 2026,O3 - Under 12 Premier Three,,,O3-07- Grass Boots,O3-16- Garlandale,13/06/26,Sat,08:15,Grass Boots,"Van Riebeeck Park, Sidmouth Road A",5,0,,Y,,
43805240,CTTLFA 2026,O3 - Under 12 Premier Three,,,O3-11- Ruyterwacht,O3-08- Green Point Salesians,13/06/26,Sat,08:15,Ruyterwacht,Stan Abbott,1,1,,Y,,
43274267,CTTLFA 2026,O4 - Under 12 Division Four,,,O4-04- FN Rangers B,O4-03- De Beers B.,13/06/26,Sat,08:15,FN Rangers,FNB Stadium B,3,1,,Y,,
43274266,CTTLFA 2026,O4 - Under 12 Division Four,,,O4-05- Northpine United B,O4-11- Wynberg St Johns B.,13/06/26,Sat,08:15,Northpine United,Central Park B,2,1,,Y,,
43274271,CTTLFA 2026,O4 - Under 12 Division Four,,,O4-06- Norway Parks B,O4-02- Cape Town Spurs B,13/06/26,Sat,08:15,Norway Parks,Royal Road D,4,0,,Y,,
43274269,CTTLFA 2026,O4 - Under 12 Division Four,,,O4-08- Saxon Rovers B,O4-10- CR Vasco Da Gama B,13/06/26,Sat,08:15,Saxon Rovers,Maitland A,3,4,,Y,,
43274273,CTTLFA 2026,O4 - Under 12 Division Four,,,O4-09- Table View B,O4-07- Rygersdal B,13/06/26,Sat,08:15,Table View,Table View A,1,9,,Y,,
43274274,CTTLFA 2026,O5 - Under 12 Division Five,,,O5-01- Bellville City B.,O5-10- Stephanian Ottery B,13/06/26,Sat,08:15,Bellville City,PP Smit Stadium B,2,6,,Y,,
43274268,CTTLFA 2026,O5 - Under 12 Division Five,,,O5-05- Edgemead G/W B.,O5-02- Bothasig B,13/06/26,Sat,08:15,Edgemead G/W,Edgemead A,2,2,,Y,,
43274265,CTTLFA 2026,O5 - Under 12 Division Five,,,O5-06- Fish Hoek B.,O5-03- Clyde Pinelands B,13/06/26,Sat,08:15,Fish Hoek,Fish Hoek A,4,0,,Y,,
43274272,CTTLFA 2026,O5 - Under 12 Division Five,,,O5-08- Kuilsriver B.,O5-07- Goodwood United B,13/06/26,Sat,08:15,Serepta Sports Ground,Serepta Sports Ground B,3,1,,Y,,
43274270,CTTLFA 2026,O5 - Under 12 Division Five,,,O5-09- Meadowridge B.,O5-04- Durbanville B.,13/06/26,Sat,08:15,Meadowridge,Meadowridge B,5,0,,Y,,
43331115,CTTLFA 2026,O6 - Under 12 Division Six,,,O6-01- Bothasig C,O6-09- Holy Cross B,13/06/26,Sat,08:15,Bothasig,Abe Sher C,2,0,,Y,,
43331116,CTTLFA 2026,O6 - Under 12 Division Six,,,O6-05- Fish Hoek C,O6-08- Stephanian Ottery C,13/06/26,Sat,08:15,Fish Hoek,Fish Hoek B,3,2,,Y,,
43574503,CTTLFA 2026,O7 - Under 12 Girls Premier One (9v9),,,O7-04- Bye,O7-03- Fish Hoek.,13/06/26,Sat,08:15,Bye,#1,0,0,,Y,,
43574501,CTTLFA 2026,O7 - Under 12 Girls Premier One (9v9),,,O7-09- Hout Bay,O7-02- Bothasig,13/06/26,Sat,08:15,Chukker Sports Complex,#1,0,0,,Y,,
43806074,CTTLFA 2026,O8- Under 12 Division Seven,,,O8-09- Lansdowne,O8-02- Durbanville C,13/06/26,Sat,08:15,Lansdowne,Chukker Road A,8,1,,Y,,
43806075,CTTLFA 2026,O8- Under 12 Division Seven,,,O8-03- Mutual B,O8-07- Tramway B,13/06/26,Sat,09:00,Mutual FC,Pinelands Oval B,5,2,,Y,,
43256851,CTTLFA 2026,M1 - Under 14 Premier One,,,M1-05- FN Rangers,M1-01- Camps Bay,13/06/26,Sat,09:30,FN Rangers,FNB Stadium A,7,0,,Y,,
43256852,CTTLFA 2026,M1 - Under 14 Premier One,,,M1-06- Hanover Park,M1-02- Cape Town Spurs,13/06/26,Sat,09:30,Hanover Park,Hanover Park A,5,1,,Y,,
43256853,CTTLFA 2026,M1 - Under 14 Premier One,,,M1-08- Northpine United,M1-07- Hellenic,13/06/26,Sat,09:30,Northpine United,Central Park A,2,1,,Y,,
43256855,CTTLFA 2026,M1 - Under 14 Premier One,,,M1-12- CR Vasco Da Gama,M1-09- Norway Parks,13/06/26,Sat,09:30,Vasco da Gama,Da Gama Park B,0,1,,Y,,
43257287,CTTLFA 2026,M2 - Under 14 Premier Two,,,M2-02- Durbanville,M2-11- Sunningdale City,13/06/26,Sat,09:30,Durbanville,Klazinga Park A,6,1,,Y,,
43257288,CTTLFA 2026,M2 - Under 14 Premier Two,,,M2-06- Kuilsriver,M2-03- Edgemead G/W,13/06/26,Sat,09:30,Serepta Sports Ground,Serepta Sports Ground A,3,2,,Y,,
43257289,CTTLFA 2026,M2 - Under 14 Premier Two,,,M2-07- Meadowridge,M2-05- Kensington,13/06/26,Sat,09:30,Meadowridge,Meadowridge A,4,3,,Y,,
43257290,CTTLFA 2026,M2 - Under 14 Premier Two,,,M2-09- Shosholoza,M2-01- Clyde Pinelands,13/06/26,Sat,09:30,Pelican Heights Sports Ground,Pelican A,2,0,,Y,,
43257291,CTTLFA 2026,M2 - Under 14 Premier Two,,,M2-10- Stephanian Ottery,M2-08- Saxon Rovers,13/06/26,Sat,09:30,Stephanian Ottery,Stephanian Ottery A,1,1,,Y,,
43257292,CTTLFA 2026,M2 - Under 14 Premier Two,,,M2-12- Young Bafana,M2-04- Fish Hoek,13/06/26,Sat,09:30,Young Bafana,YB Arena A,0,0,,Y,,
43260859,CTTLFA 2026,M3B - Under 14 Premier Three B,,,M3-02- Bellville City,M3-09- Holy Cross,13/06/26,Sat,09:30,Bellville City,PP Smit Stadium A,2,2,,Y,,
43260860,CTTLFA 2026,M3B - Under 14 Premier Three B,,,M3-03- Bothasig,M3-14- YSD Macassar,13/06/26,Sat,09:30,Bothasig,Abe Sher A,3,0,,Y,,
43805485,CTTLFA 2026,M3 - Under 14 Premier Three,,,M3-04- Chelsea Bridgetown,M3-01- Avendale Athletico,13/06/26,Sat,09:30,Chelsea,Hickory Road A,5,1,,Y,,
43260861,CTTLFA 2026,M3B - Under 14 Premier Three B,,,M3-05- Garden Village,M3-15- Mutual FC,13/06/26,Sat,09:30,Garden Village,Alexander Road,4,3,,Y,,
43260862,CTTLFA 2026,M3B - Under 14 Premier Three B,,,M3-06- Goodwood United,M3-13- West End United,13/06/26,Sat,09:30,Goodwood,Hamilton Road A,5,2,,Y,,
43805486,CTTLFA 2026,M3 - Under 14 Premier Three,,,M3-07- Grass Boots,M3-16- Garlandale,13/06/26,Sat,09:30,Grass Boots,"Van Riebeeck Park, Sidmouth Road A",8,0,,Y,,
43805487,CTTLFA 2026,M3 - Under 14 Premier Three,,,M3-11- Ruyterwacht,M3-08- Green Point Salesians,13/06/26,Sat,09:30,Ruyterwacht,Stan Abbott,1,2,,Y,,
43279171,CTTLFA 2026,M4 - Under 14 Division Four,,,M4-04- FN Rangers B,M4-03- De Beers B.,13/06/26,Sat,09:30,FN Rangers,FNB Stadium B,2,0,,Y,,
43279173,CTTLFA 2026,M4 - Under 14 Division Four,,,M4-06- Norway Parks B,M4-02- Cape Town Spurs B,13/06/26,Sat,09:30,Norway Parks,Royal Road D,2,1,,Y,,
43279174,CTTLFA 2026,M4 - Under 14 Division Four,,,M4-08- Saxon Rovers B.,M4-10- CR Vasco Da Gama B,13/06/26,Sat,09:30,Saxon Rovers,Maitland A,0,4,,Y,,
43279175,CTTLFA 2026,M4 - Under 14 Division Four,,,M4-09- Table View B,M4-07- Rygersdal B,13/06/26,Sat,09:30,Table View,Table View A,1,4,,Y,,
43279505,CTTLFA 2026,M5 - Under 14 Division Five,,,M5-01- Bellville City B.,M5-10- Stephanian Ottery B,13/06/26,Sat,09:30,Bellville City,PP Smit Stadium B,3,0,,Y,,
43279506,CTTLFA 2026,M5 - Under 14 Division Five,,,M5-05- Edgemead G/W B.,M5-02- Bothasig B,13/06/26,Sat,09:30,Edgemead G/W,Edgemead A,0,1,,Y,,
43279507,CTTLFA 2026,M5 - Under 14 Division Five,,,M5-06- Fish Hoek B.,M5-03- Clyde Pinelands B,13/06/26,Sat,09:30,Fish Hoek,Fish Hoek A,0,3,,Y,,
43279508,CTTLFA 2026,M5 - Under 14 Division Five,,,M5-08- Kuilsriver B.,M5-07- Goodwood United B,13/06/26,Sat,09:30,Serepta Sports Ground,Serepta Sports Ground B,2,1,,Y,,
43279509,CTTLFA 2026,M5 - Under 14 Division Five,,,M5-09- Meadowridge B.,M5-04- Durbanville B.,13/06/26,Sat,09:30,Meadowridge,Meadowridge B,0,3,,Y,,
43272869,CTTLFA 2026,M6 - Under 14 Division Six,,,M6-01- Shosholoza B,M6-05- Edgemead G/W C,13/06/26,Sat,09:30,Pelican Heights Sports Ground,Shosholoza B,0,3,Away Walkover,Y,,
43272871,CTTLFA 2026,M6 - Under 14 Division Six,,,M6-02- Brooklyn Superstars,M6-08- Holy Cross B.,13/06/26,Sat,09:30,Bayview Sports Complex,Brooklyn Bayview Sports Complex A,2,2,,Y,,
43272868,CTTLFA 2026,M6 - Under 14 Division Six,,,M6-07- Hellenic B,M6-04- Kensington B,13/06/26,Sat,09:30,Hellenic,Tygerhof Sports Complex A,18,0,,Y,,
43272907,CTTLFA 2026,M6 - Under 14 Division Six,,,M6-09- JMI,M6-06- FC Kapstadt B,13/06/26,Sat,09:30,Norway Parks,Royal Road E,1,2,,Y,,
43806185,CTTLFA 2026,M7 - Under 14 Division Seven,,,M7-04- Northpine United C,M7-01- Bothasig C,13/06/26,Sat,09:30,Northpine United,Central Park C,5,0,,Y,,
43806182,CTTLFA 2026,M7 - Under 14 Division Seven,,,M7-05- Rygersdal C,M7-09- Durbanville C,13/06/26,Sat,09:30,Rygersdal,Zwaanswyk High School,1,0,,Y,,
43806187,CTTLFA 2026,M7 - Under 14 Division Seven,,,M7-10- Lansdowne,M7-08- Wynberg St Johns C,13/06/26,Sat,09:30,Lansdowne,Chukker Road A,1,1,,Y,,
43574608,CTTLFA 2026,M8 - Under 14 Girls Premier One,,,M8-01- Bellville City,M8-07- Rygersdal,13/06/26,Sat,09:30,Bellville City,PP Smit Stadium C,2,1,,Y,,
43574607,CTTLFA 2026,M8 - Under 14 Girls Premier One,,,M8-09- Stephanian Ottery,M8-03- Camps Bay,13/06/26,Sat,09:30,Stephanian Ottery,Stephanian Ottery B,2,5,,Y,,
43574605,CTTLFA 2026,M8 - Under 14 Girls Premier One,,,M8-12- Hout Bay,M8-04- Fish Hoek,13/06/26,Sat,09:30,Chukker Sports Complex,#1,2,3,,Y,,
43806183,CTTLFA 2026,M9- Under 14 Division Eight,,,M9-07- Bye,M9-05- Meadowridge D,13/06/26,Sat,09:30,Bye,#1,0,0,,Y,,
43806188,CTTLFA 2026,M9- Under 14 Division Eight,,,M9-08- Table View D,M9-02- Bothasig D,13/06/26,Sat,09:30,Table View,Table View B,7,0,,Y,,
43331113,CTTLFA 2026,O6 - Under 12 Division Six,,,O6-03- Kensington B,O6-02- Brooklyn Superstars,13/06/26,Sat,09:30,Kensington,14 Avenue A,1,8,,Y,,
43574502,CTTLFA 2026,O7 - Under 12 Girls Premier One (9v9),,,O7-08- Wynberg St Johns,O7-01- Bellville City,13/06/26,Sat,09:30,Wynberg st Johns,Wynberg C,1,0,,Y,,
43806072,CTTLFA 2026,O8- Under 12 Division Seven,,,O8-01- Tramway,O8-05- Norway Parks C,13/06/26,Sat,09:30,Tramway,Groenewald Park A,13,0,,Y,,
43806071,CTTLFA 2026,O8- Under 12 Division Seven,,,O8-10- Garlandale B,O8-08- Wynberg St Johns C,13/06/26,Sat,09:30,Garlandale,Garlandale B,2,1,,Y,,
43806868,CTTLFA 2026,K7 - Under 16 Girls Premier One,,,K7-01- Badgers,K7-10- Rygersdal,13/06/26,Sat,10:00,Badgers FC,Oranjezicht A,0,3,,Y,,
43806189,CTTLFA 2026,M9- Under 14 Division Eight,,,M9-03- Edgemead G/W D,M9-09- Garlandale B,13/06/26,Sat,10:00,Edgemead G/W,Edgemead B,4,3,,Y,,
43257010,CTTLFA 2026,O1 - Under 12 Premier One,,,O1-10- Rygersdal,O1-11- Table View,13/06/26,Sat,10:00,U C T,U C T,5,1,,Y,,
43256695,CTTLFA 2026,K1 - Under 16 Premier One,,,K1-05- FN Rangers,K1-01- Camps Bay,13/06/26,Sat,10:50,FN Rangers,FNB Stadium A,1,0,,Y,,
43256696,CTTLFA 2026,K1 - Under 16 Premier One,,,K1-06- Hanover Park,K1-02- Cape Town Spurs,13/06/26,Sat,10:50,Hanover Park,Hanover Park A,4,5,,Y,,
43256697,CTTLFA 2026,K1 - Under 16 Premier One,,,K1-08- Northpine United,K1-07- Hellenic,13/06/26,Sat,10:50,Northpine United,Central Park A,1,2,,Y,,
43256699,CTTLFA 2026,K1 - Under 16 Premier One,,,K1-12- CR Vasco Da Gama,K1-09- Norway Parks,13/06/26,Sat,10:50,Vasco da Gama,Da Gama Park B,0,2,,Y,,
43257154,CTTLFA 2026,K2 - Under 16 Premier Two,,,K2-02- Durbanville,K2-11- Sunningdale City,13/06/26,Sat,10:50,Durbanville,Klazinga Park A,2,1,,Y,,
43257155,CTTLFA 2026,K2 - Under 16 Premier Two,,,K2-06- Kuilsriver,K2-03- Edgemead G/W,13/06/26,Sat,10:50,Serepta Sports Ground,Serepta Sports Ground A,4,2,,Y,,
43257156,CTTLFA 2026,K2 - Under 16 Premier Two,,,K2-07- Meadowridge,K2-05- Kensington,13/06/26,Sat,10:50,Meadowridge,Meadowridge A,3,0,,Y,,
43257157,CTTLFA 2026,K2 - Under 16 Premier Two,,,K2-09- Shosholoza,K2-01- Clyde Pinelands,13/06/26,Sat,10:50,Pelican Heights Sports Ground,Pelican A,2,2,,Y,,
43257158,CTTLFA 2026,K2 - Under 16 Premier Two,,,K2-10- Stephanian Ottery,K2-08- Saxon Rovers,13/06/26,Sat,10:50,Stephanian Ottery,Stephanian Ottery A,0,4,,Y,,
43257159,CTTLFA 2026,K2 - Under 16 Premier Two,,,K2-12- Young Bafana,K2-04- Fish Hoek,13/06/26,Sat,10:50,Young Bafana,YB Arena A,2,1,,Y,,
43260803,CTTLFA 2026,K3B - Under 16 Premier Three B,,,K3-02- Bellville City,K3-09- Holy Cross,13/06/26,Sat,10:50,Bellville City,PP Smit Stadium A,0,2,,Y,,
43260804,CTTLFA 2026,K3B - Under 16 Premier Three B,,,K3-03- Bothasig,K3-14- YSD Macassar,13/06/26,Sat,10:50,Bothasig,Abe Sher A,4,2,,Y,,
43805246,CTTLFA 2026,K3 - Under 16 Premier Three,,,K3-04- Chelsea Bridgetown,K3-01- Avendale Athletico,13/06/26,Sat,10:50,Chelsea,Hickory Road A,5,1,,Y,,
43260805,CTTLFA 2026,K3B - Under 16 Premier Three B,,,K3-05- Garden Village,K3-15- Mutual FC,13/06/26,Sat,10:50,Garden Village,Alexander Road,3,2,,Y,,
43260806,CTTLFA 2026,K3B - Under 16 Premier Three B,,,K3-06- Goodwood United,K3-13- West End United,13/06/26,Sat,10:50,Goodwood,Hamilton Road A,3,4,,Y,,
43805247,CTTLFA 2026,K3 - Under 16 Premier Three,,,K3-07- Grass Boots,K3-16- Garlandale,13/06/26,Sat,10:50,Grass Boots,"Van Riebeeck Park, Sidmouth Road A",9,2,,Y,,
43805248,CTTLFA 2026,K3 - Under 16 Premier Three,,,K3-11- Ruyterwacht,K3-08- Green Point Salesians,13/06/26,Sat,10:50,Ruyterwacht,Stan Abbott,2,1,,Y,,
43279282,CTTLFA 2026,K4 - Under 16 Division Four,,,K4-04- FN Rangers B,K4-03- De Beers B.,13/06/26,Sat,10:50,FN Rangers,FNB Stadium B,8,0,,Y,,
43279284,CTTLFA 2026,K4 - Under 16 Division Four,,,K4-06- Norway Parks B,K4-02- Cape Town Spurs B,13/06/26,Sat,10:50,Norway Parks,Royal Road D,5,1,,Y,,
43279285,CTTLFA 2026,K4 - Under 16 Division Four,,,K4-08- Saxon Rovers B,K4-10- CR Vasco Da Gama B,13/06/26,Sat,10:50,Saxon Rovers,Maitland A,0,1,,Y,,
43279286,CTTLFA 2026,K4 - Under 16 Division Four,,,K4-09- Table View B.,K4-07- Rygersdal B,13/06/26,Sat,10:50,Table View,Table View A,3,0,,Y,,
43279396,CTTLFA 2026,K5 - Under 16 Division Five,,,K5-05- Edgemead G/W B.,K5-02- Bothasig B,13/06/26,Sat,10:50,Edgemead G/W,Edgemead A,4,0,,Y,,
43279397,CTTLFA 2026,K5 - Under 16 Division Five,,,K5-06- Fish Hoek B.,K5-03- Clyde Pinelands B,13/06/26,Sat,10:50,Fish Hoek,Fish Hoek B,4,0,,Y,,
43279398,CTTLFA 2026,K5 - Under 16 Division Five,,,K5-08- Kuilsriver B.,K5-07- Goodwood United B,13/06/26,Sat,10:50,Serepta Sports Ground,Serepta Sports Ground B,9,0,,Y,,
43279399,CTTLFA 2026,K5 - Under 16 Division Five,,,K5-09- Meadowridge B.,K5-04- Durbanville B.,13/06/26,Sat,10:50,Meadowridge,Meadowridge B,0,2,,Y,,
43805755,CTTLFA 2026,K6 - Under 16 Division Six,,,K6-03- Brooklyn Superstars,K6-08- Sunningdale City C,13/06/26,Sat,10:50,Bayview Sports Complex,Brooklyn Bayview Sports Complex A,5,0,,Y,,
43805764,CTTLFA 2026,K6 - Under 16 Division Six,,,K6-04- Holy Cross B,K6-01- Bye.,13/06/26,Sat,10:50,Holy Cross,Voortrekker Road,0,0,,Y,,
43805761,CTTLFA 2026,K6 - Under 16 Division Six,,,K6-09- Table View C,K6-05- JMI,13/06/26,Sat,10:50,Table View,Table View B,0,2,,Y,,
43805756,CTTLFA 2026,K6 - Under 16 Division Six,,,K6-10- Shosholoza B,K6-02- Bothasig C,13/06/26,Sat,10:50,Pelican Heights Sports Ground,Shosholoza B,4,2,,Y,,
43805757,CTTLFA 2026,K6 - Under 16 Division Six,,,K6-11- Kensington B,K6-07- Ruyterwacht B,13/06/26,Sat,10:50,Kensington,14 Avenue A,0,2,,Y,,
43806861,CTTLFA 2026,K7 - Under 16 Girls Premier One,,,K7-04- Camps Bay,K7-03- Bothasig,13/06/26,Sat,10:50,Camps Bay,Camps Bay A,11,0,,Y,,
43806864,CTTLFA 2026,K7 - Under 16 Girls Premier One,,,K7-05- Clyde Pinelands,K7-02- Bellville City,13/06/26,Sat,10:50,Clyde Pinelands,Ringwood Drive B,0,3,Away Walkover,Y,,
43806862,CTTLFA 2026,K7 - Under 16 Girls Premier One,,,K7-06- Fish Hoek,K7-11- Bye.,13/06/26,Sat,10:50,Fish Hoek,Fish Hoek C,0,0,,Y,,
43805758,CTTLFA 2026,K8- Under 16 Division Seven,,,K8-02- Durbanville C,K8-08- Table View D,13/06/26,Sat,10:50,Durbanville,Klazinga Park B,4,2,,Y,,
43805763,CTTLFA 2026,K8- Under 16 Division Seven,,,K8-04- Fish Hoek C.,K8-01- Bothasig D,13/06/26,Sat,10:50,Fish Hoek,Fish Hoek A,3,0,Home Walkover,Y,,
43805760,CTTLFA 2026,K8- Under 16 Division Seven,,,K8-09- YMO FC,K8-03- Edgemead G/W C,13/06/26,Sat,10:50,YMO FC,Upper Cambridge A,4,1,,Y,,
43805759,CTTLFA 2026,K8- Under 16 Division Seven,,,K8-10- Lansdowne,K8-11- Bye,13/06/26,Sat,10:50,Lansdowne,Chukker Road A,0,0,,Y,,
43279172,CTTLFA 2026,M4 - Under 14 Division Four,,,M4-05- Northpine United B,M4-11- Wynberg St Johns B.,13/06/26,Sat,10:50,Northpine United,Central Park B,,,Abandoned,,,
43574604,CTTLFA 2026,M8 - Under 14 Girls Premier One,,,M8-11- Wynberg St Johns,M8-06- Norway Parks,13/06/26,Sat,10:50,Wynberg st Johns,Wynberg C,6,0,,Y,,
43806184,CTTLFA 2026,M9- Under 14 Division Eight,,,M9-01- Bellville City C,M9-06- Northpine United D,13/06/26,Sat,10:50,Bellville City,PP Smit Stadium B,0,3,,Y,,
43256854,CTTLFA 2026,M1 - Under 14 Premier One,,,M1-10- Rygersdal,M1-11- Table View,13/06/26,Sat,11:15,U C T,U C T,1,1,,Y,,
43317306,CTTLFA 2026,H2 - Womens First Division,,,H2-01- Badgers B.,H2-07- Norway Parks,13/06/26,Sat,12:00,Badgers FC,Oranjezicht A,0,0,,Y,,
42989851,CTTLFA 2026,I1 - Under 18 Premier One,,,I1-05- FN Rangers,I1-01- Camps Bay,13/06/26,Sat,12:30,FN Rangers,FNB Stadium A,1,0,,Y,,
42989847,CTTLFA 2026,I1 - Under 18 Premier One,,,I1-06- Hanover Park,I1-02- Cape Town Spurs,13/06/26,Sat,12:30,Hanover Park,Hanover Park A,3,2,,Y,,
42989850,CTTLFA 2026,I1 - Under 18 Premier One,,,I1-08- Northpine United,I1-07- Hellenic,13/06/26,Sat,12:30,Northpine United,Central Park A,1,2,,Y,,
42989849,CTTLFA 2026,I1 - Under 18 Premier One,,,I1-12- CR Vasco Da Gama,I1-09- Norway Parks,13/06/26,Sat,12:30,Vasco da Gama,Da Gama Park B,4,1,,Y,,
42990036,CTTLFA 2026,I2 - Under 18 Premier Two,,,I2-02- Durbanville,I2-11- Sunningdale City,13/06/26,Sat,12:30,Durbanville,Klazinga Park A,8,0,,Y,,
42990035,CTTLFA 2026,I2 - Under 18 Premier Two,,,I2-06- Kuilsriver,I2-03- Edgemead G/W,13/06/26,Sat,12:30,Serepta Sports Ground,Serepta Sports Ground A,3,1,,Y,,
42990037,CTTLFA 2026,I2 - Under 18 Premier Two,,,I2-07- Meadowridge,I2-05- Kensington,13/06/26,Sat,12:30,Meadowridge,Meadowridge A,1,1,,Y,,
42990033,CTTLFA 2026,I2 - Under 18 Premier Two,,,I2-09- Shosholoza,I2-01- Clyde Pinelands,13/06/26,Sat,12:30,Pelican Heights Sports Ground,Pelican A,2,3,,Y,,
42990034,CTTLFA 2026,I2 - Under 18 Premier Two,,,I2-10- Stephanian Ottery,I2-08- Saxon Rovers,13/06/26,Sat,12:30,Stephanian Ottery,Stephanian Ottery A,0,4,,Y,,
42990038,CTTLFA 2026,I2 - Under 18 Premier Two,,,I2-12- Young Bafana,I2-04- Fish Hoek,13/06/26,Sat,12:30,Young Bafana,YB Arena A,4,1,,Y,,
43206943,CTTLFA 2026,I3B - Under 18 Premier Three B,,,I3-02- Bellville City,I3-09- Holy Cross,13/06/26,Sat,12:30,Bellville City,PP Smit Stadium A,0,4,,Y,,
43206940,CTTLFA 2026,I3B - Under 18 Premier Three B,,,I3-03- Bothasig,I3-14- YSD Macassar,13/06/26,Sat,12:30,Bothasig,Abe Sher A,1,0,,Y,,
43804784,CTTLFA 2026,I3 - Under 18 Premier Three,,,I3-04- Chelsea Bridgetown,I3-01- Avendale Athletico,13/06/26,Sat,12:30,Chelsea,Hickory Road A,1,3,,Y,,
43206942,CTTLFA 2026,I3B - Under 18 Premier Three B,,,I3-05- Garden Village,I3-15- Mutual FC,13/06/26,Sat,12:30,Garden Village,Alexander Road,3,0,Home Walkover,Y,,
43206941,CTTLFA 2026,I3B - Under 18 Premier Three B,,,I3-06- Goodwood United,I3-13- West End United,13/06/26,Sat,12:30,Goodwood,Hamilton Road A,3,2,,Y,,
43804785,CTTLFA 2026,I3 - Under 18 Premier Three,,,I3-07- Grass Boots,I3-16- Garlandale,13/06/26,Sat,12:30,Grass Boots,"Van Riebeeck Park, Sidmouth Road A",5,1,,Y,,
43804786,CTTLFA 2026,I3 - Under 18 Premier Three,,,I3-11- Ruyterwacht,I3-08- Green Point Salesians,13/06/26,Sat,12:30,Ruyterwacht,Stan Abbott,3,1,,Y,,
43275099,CTTLFA 2026,I4 - Under 18 Division Four,,,I4-02- Cape Town Spurs B,I4-09- CR Vasco Da Gama B,13/06/26,Sat,12:30,Cape Town Spurs,Ikamva A,1,2,,Y,,
43275103,CTTLFA 2026,I4 - Under 18 Division Four,,,I4-03- FN Rangers B,I4-08- Table View B,13/06/26,Sat,12:30,FN Rangers,FNB Stadium B,3,1,,Y,,
43275102,CTTLFA 2026,I4 - Under 18 Division Four,,,I4-05- Norway Parks B,I4-10- Wynberg St Johns B.,13/06/26,Sat,12:30,Norway Parks,Royal Road D,3,1,,Y,,
43275100,CTTLFA 2026,I4 - Under 18 Division Four,,,I4-07- Saxon Rovers B,I4-01- Bothasig B,13/06/26,Sat,12:30,Saxon Rovers,Maitland A,2,2,,Y,,
43805528,CTTLFA 2026,I5 - Under 18 Division Five,,,I5-01- Bothasig C,I5-10- Bellville City B,13/06/26,Sat,12:30,Bothasig,Abe Sher C,2,10,,Y,,
43805525,CTTLFA 2026,I5 - Under 18 Division Five,,,I5-02- Clyde Pinelands B,I5-04- Edgemead G/W B.,13/06/26,Sat,12:30,Clyde Pinelands,Ringwood Drive B,1,1,,Y,,
43805526,CTTLFA 2026,I5 - Under 18 Division Five,,,I5-07- Meadowridge B.,I5-08- Ruyterwacht B,13/06/26,Sat,12:30,Meadowridge,Meadowridge B,1,0,,Y,,
43279283,CTTLFA 2026,K4 - Under 16 Division Four,,,K4-05- Northpine United B,K4-11- Wynberg St Johns B.,13/06/26,Sat,12:30,Northpine United,Central Park B,3,3,,Y,,
43279395,CTTLFA 2026,K5 - Under 16 Division Five,,,K5-01- Bellville City B.,K5-10- Stephanian Ottery B,13/06/26,Sat,12:30,Bellville City,PP Smit Stadium B,1,6,,Y,,
43805762,CTTLFA 2026,K8- Under 16 Division Seven,,,K8-07- Rygersdal C,K8-06- Northpine United C,13/06/26,Sat,12:30,Rygersdal,Zwaanswyk High School,5,3,,Y,,
43256698,CTTLFA 2026,K1 - Under 16 Premier One,,,K1-10- Rygersdal,K1-11- Table View,13/06/26,Sat,12:35,U C T,U C T,1,0,,Y,,
43575439,CTTLFA 2026,D2 - 4th Division,,,D2-03- Edgemead G/W,D2-02- Bothasig,13/06/26,Sat,14:00,Edgemead G/W,Edgemead B,1,0,,Y,,
43575442,CTTLFA 2026,D2 - 4th Division,,,D2-04- Fish Hoek,D2-10- Wynberg St Johns,13/06/26,Sat,14:00,Fish Hoek,Fish Hoek B,3,2,,Y,,
43575443,CTTLFA 2026,D2 - 4th Division,,,D2-09- C.R. Vasco Da Gama,D2-11- Shosholoza FC,13/06/26,Sat,14:00,Vasco da Gama,Da Gama Park B,8,1,,Y,,
43575441,CTTLFA 2026,D2 - 4th Division,,,D2-12- Kensington,D2-08- Table View,13/06/26,Sat,14:00,Kensington,14 Avenue A,6,0,,Y,,
43575250,CTTLFA 2026,D3 - 5th Division,,,D3-06- Mutual FC,D3-07- Northpine United,13/06/26,Sat,14:00,Mutual FC,Pinelands Oval B,0,2,,Y,,
43575251,CTTLFA 2026,D3 - 5th Division,,,D3-08- Table View,D3-02- Clyde Pinelands,13/06/26,Sat,14:00,Table View,Table View B,2,1,,Y,,
43575574,CTTLFA 2026,D4 - 6th Division,,,D4-05- Kuilsriver,D4-01- Garlandale FC,13/06/26,Sat,14:00,Serepta Sports Ground,Serepta Sports Ground B,5,0,,Y,,
43575572,CTTLFA 2026,D4 - 6th Division,,,D4-11- Edgemead G/W,D4-03- De Beers,13/06/26,Sat,14:00,Edgemead G/W,Edgemead D,1,4,,Y,,
43575942,CTTLFA 2026,E1- Vets 035,,,E1-05- Goodwood United,E1-06- Hanover Park,13/06/26,Sat,14:00,Goodwood,Hamilton Road A,1,4,,Y,,
43256301,CTTLFA 2026,B2 - First Reserve,,,FR-01- Bellville City FC,FR-13- Tramway,13/06/26,Sat,14:00,Bellville City,PP Smit Stadium A,0,2,,Y,,
43256302,CTTLFA 2026,B2 - First Reserve,,,FR-04- Garden Village,FR-03- Brooklyn Superstars,13/06/26,Sat,14:00,Garden Village,Alexander Road,1,2,,Y,,
43256303,CTTLFA 2026,B2 - First Reserve,,,FR-05- JMI,FR-02- Bothasig,13/06/26,Sat,14:00,Bothasig,Abe Sher A,2,2,,Y,,
43256305,CTTLFA 2026,B2 - First Reserve,,,FR-09- Northpine United,FR-06- Kensington,13/06/26,Sat,14:00,Northpine United,Central Park A,0,0,,Y,,
43256306,CTTLFA 2026,B2 - First Reserve,,,FR-11- Stephanian Ottery,FR-12- Sunningdale City,13/06/26,Sat,14:00,Stephanian Ottery,Stephanian Ottery A,1,1,,Y,,
43806377,CTTLFA 2026,G1 - Vets 045 A,,,G1-03- FN Rangers,G1-10- Holy Cross,13/06/26,Sat,14:00,FN Rangers,FNB Stadium C,3,0,,Y,,
43806378,CTTLFA 2026,G1 - Vets 045 A,,,G1-08- Bothasig,G1-07- Tramway,13/06/26,Sat,14:00,Bothasig,Abe Sher C,2,0,,Y,,
43806381,CTTLFA 2026,G1 - Vets 045 A,,,G1-12- Table View,G1-09- Garden Village,13/06/26,Sat,14:00,Table View,Table View A,10,0,,Y,,
43262923,CTTLFA 2026,G4 - Vets 050 A,,,G4-09- West End United A,G4-08- Tramway,13/06/26,Sat,14:00,West End United,West End Park A,0,5,,Y,,
43262794,CTTLFA 2026,G5 - Vets 050 B,,,G5-05- Everton United,G5-03- Durbanville,13/06/26,Sat,14:00,Heideveld Sports Complex,#1,1,1,,Y,,
43262798,CTTLFA 2026,G5 - Vets 050 B,,,G5-06- Green Point Salesians,G5-02- Bye.,13/06/26,Sat,14:00,Green Point,Green Point A,0,0,,Y,,
43262793,CTTLFA 2026,G5 - Vets 050 B,,,G5-08- Lansdowne,G5-09- Meadowridge,13/06/26,Sat,14:00,Lansdowne,Chukker Road A,0,1,,Y,,
43575101,CTTLFA 2026,G6 - Vets O50 C,,,G6-03- West End United C,G6-11- Bye,13/06/26,Sat,14:00,West End United,West End Park B,0,0,,Y,,
43575102,CTTLFA 2026,G6 - Vets O50 C,,,G6-10- Saxon Rovers,G6-01- Avendale Athletico,13/06/26,Sat,14:00,Saxon Rovers,Maitland B,3,1,,Y,,
43275101,CTTLFA 2026,I4 - Under 18 Division Four,,,I4-04- Northpine United B,I4-06- Rygersdal B.,13/06/26,Sat,14:00,Northpine United,Central Park B,3,0,,Y,,
43256126,CTTLFA 2026,A2 - Premier Reserve,,,PR-02- Edgemead G/W,PR-12- UCT,13/06/26,Sat,14:00,Edgemead G/W,Edgemead A,3,0,,Y,,
43256127,CTTLFA 2026,A2 - Premier Reserve,,,PR-03- Fish Hoek,PR-14- Wynberg St Johns,13/06/26,Sat,14:00,Fish Hoek,Fish Hoek A,2,2,,Y,,
43256128,CTTLFA 2026,A2 - Premier Reserve,,,PR-04- FN Rangers,PR-11- Table View,13/06/26,Sat,14:00,FN Rangers,FNB Stadium A,2,2,,Y,,
43256130,CTTLFA 2026,A2 - Premier Reserve,,,PR-08- Norway Parks,PR-01- Durbanville,13/06/26,Sat,14:00,Norway Parks,Royal Road A,3,7,,Y,,
43256131,CTTLFA 2026,A2 - Premier Reserve,,,PR-10- Saxon Rovers,PR-07- Holy Cross,13/06/26,Sat,14:00,Saxon Rovers,Maitland A,1,0,,Y,,
43256132,CTTLFA 2026,A2 - Premier Reserve,,,PR-13- C.R. Vasco Da Gama,PR-09- Rygersdal,13/06/26,Sat,14:00,Vasco da Gama,Da Gama Park A,4,0,,Y,,
43256488,CTTLFA 2026,C2 - Second Reserve,,,SR-01- Avendale Athletico,SR-04- Chelsea Bridgetown,13/06/26,Sat,14:00,Avendale Athletico,Field Crescent A,1,1,,Y,,
43256487,CTTLFA 2026,C2 - Second Reserve,,,SR-02- Barmsley Spurs,SR-16- YSD Macassar,13/06/26,Sat,14:00,Chelsea,Hickory Road A,0,4,,Y,,
43256489,CTTLFA 2026,C2 - Second Reserve,,,SR-05- Clyde Pinelands,SR-10- Hellenic,13/06/26,Sat,14:00,Clyde Pinelands,Ringwood Drive A,4,1,,Y,,
43256490,CTTLFA 2026,C2 - Second Reserve,,,SR-06- De Beers,SR-09- Goodwood United,13/06/26,Sat,14:00,De Beers,Somerset West A,0,0,,Y,,
43256492,CTTLFA 2026,C2 - Second Reserve,,,SR-08- Bye,SR-03- Camps Bay,13/06/26,Sat,14:00,Bye,#1,0,0,,Y,,
43256493,CTTLFA 2026,C2 - Second Reserve,,,SR-11- Mutual FC,SR-12- Queens Park,13/06/26,Sat,14:00,Mutual FC,Pinelands Oval A,1,0,,Y,,
43256494,CTTLFA 2026,C2 - Second Reserve,,,SR-15- Young Bafana,SR-14- West End United,13/06/26,Sat,14:00,Young Bafana,YB Arena A,0,1,,Y,,
42989848,CTTLFA 2026,I1 - Under 18 Premier One,,,I1-10- Rygersdal,I1-11- Table View,13/06/26,Sat,14:05,U C T,U C T,1,2,,Y,,
43575444,CTTLFA 2026,D2 - 4th Division,,,D2-06- Ruyterwacht,D2-07- Rygersdal,13/06/26,Sat,15:00,Ruyterwacht,Stan Abbot B,1,0,,Y,,
43575575,CTTLFA 2026,D4 - 6th Division,,,D4-08- Bothasig,D4-12- Lansdowne,13/06/26,Sat,15:30,Bothasig,Abe Sher D,1,1,,Y,,
43575256,CTTLFA 2026,D1 - 3rd Division,,,D1-01- Bellville City FC,D1-04- Edgemead G/W,13/06/26,Sat,15:45,Bellville City,PP Smit Stadium B,1,1,,Y,,
43575252,CTTLFA 2026,D1 - 3rd Division,,,D1-06- Green Point Salesians,D1-10- Wynberg St Johns,13/06/26,Sat,15:45,Green Point,Green Point A,2,0,,Y,,
43575253,CTTLFA 2026,D1 - 3rd Division,,,D1-07- Saxon Rovers,D1-11- Shosholoza FC,13/06/26,Sat,15:45,Saxon Rovers,Maitland B,2,2,,Y,,
43575254,CTTLFA 2026,D1 - 3rd Division,,,D1-08- Table View,D1-09- C.R. Vasco Da Gama,13/06/26,Sat,15:45,Table View,Table View A,0,3,,Y,,
43575257,CTTLFA 2026,D3 - 5th Division,,,D3-01- Bothasig,D3-11- Hanover Park,13/06/26,Sat,15:45,Bothasig,Abe Sher C,3,3,,Y,,
43575255,CTTLFA 2026,D3 - 5th Division,,,D3-10- C.R. Vasco Da Gama,D3-05-Bellville City,13/06/26,Sat,15:45,Vasco da Gama,Da Gama Park B,1,2,,Y,,
43575943,CTTLFA 2026,E1- Vets 035,,,E1-09- Bye,E1-08- Ruyterwacht,13/06/26,Sat,15:45,Bye,#1,0,0,,Y,,
43575831,CTTLFA 2026,E2- Vets 035 B,,,E2-11- Turfhall,E2-13- Cape Town Spurs,13/06/26,Sat,15:45,Cape Town Spurs,Ikamva A,3,1,,Y,,
43262485,CTTLFA 2026,F1 - Vets 040 A,,,F1-04- FN Rangers,F1-01- Bellville City,13/06/26,Sat,15:45,FN Rangers,FNB Stadium B,2,0,,Y,,
43575705,CTTLFA 2026,F2 - Vets 040 B,,,F2-07- Bye,F2-08- Kensington,13/06/26,Sat,15:45,Bye,#1,0,0,,Y,,
42990224,CTTLFA 2026,B1 - First Division,,,FD-01- Bellville City FC,FD-13- Tramway,13/06/26,Sat,15:45,Bellville City,PP Smit Stadium A,4,2,,Y,,
42990223,CTTLFA 2026,B1 - First Division,,,FD-04- Garden Village,FD-03- Brooklyn Superstars,13/06/26,Sat,15:45,Garden Village,Alexander Road,1,3,,Y,,
42990222,CTTLFA 2026,B1 - First Division,,,FD-05- JMI,FD-02- Bothasig,13/06/26,Sat,15:45,Bothasig,Abe Sher A,2,6,,Y,,
42990220,CTTLFA 2026,B1 - First Division,,,FD-09- Northpine United,FD-06- Kensington,13/06/26,Sat,15:45,Northpine United,Central Park A,2,2,,Y,,
42990221,CTTLFA 2026,B1 - First Division,,,FD-11- Stephanian Ottery,FD-12- Sunningdale City,13/06/26,Sat,15:45,Stephanian Ottery,Stephanian Ottery A,3,2,,Y,,
43806382,CTTLFA 2026,G1 - Vets 045 A,,,G1-11- Lansdowne,G1-13- Stephanian Ottery,13/06/26,Sat,15:45,Lansdowne,Chukker Road A,2,2,,Y,,
42996936,CTTLFA 2026,A1 - Premier Division,,,PD-02- Edgemead G/W,PD-12- UCT,13/06/26,Sat,15:45,Edgemead G/W,Edgemead A,1,1,,Y,,
42996938,CTTLFA 2026,A1 - Premier Division,,,PD-03- Fish Hoek,PD-14- Wynberg St Johns,13/06/26,Sat,15:45,Fish Hoek,Fish Hoek A,0,1,,Y,,
42996937,CTTLFA 2026,A1 - Premier Division,,,PD-04- FN Rangers,PD-11- Table View,13/06/26,Sat,15:45,FN Rangers,FNB Stadium A,1,1,,Y,,
42996939,CTTLFA 2026,A1 - Premier Division,,,PD-08- Norway Parks,PD-01- Durbanville,13/06/26,Sat,15:45,Norway Parks,Royal Road A,2,4,,Y,,
42996935,CTTLFA 2026,A1 - Premier Division,,,PD-10- Saxon Rovers,PD-07- Holy Cross,13/06/26,Sat,15:45,Saxon Rovers,Maitland A,1,2,,Y,,
42996940,CTTLFA 2026,A1 - Premier Division,,,PD-13- C.R. Vasco Da Gama,PD-09- Rygersdal,13/06/26,Sat,15:45,Vasco da Gama,Da Gama Park A,1,2,,Y,,
43206548,CTTLFA 2026,C1 - Second Division,,,SD-01- Avendale Athletico,SD-04- Chelsea Bridgetown,13/06/26,Sat,15:45,Avendale Athletico,Field Crescent A,3,0,,Y,,
43206554,CTTLFA 2026,C1 - Second Division,,,SD-02- Barmsley Spurs,SD-16- YSD Macassar,13/06/26,Sat,15:45,Chelsea,Hickory Road A,4,3,,Y,,
43206553,CTTLFA 2026,C1 - Second Division,,,SD-05- Clyde Pinelands,SD-10- Hellenic,13/06/26,Sat,15:45,Clyde Pinelands,Ringwood Drive A,3,2,,Y,,
43206551,CTTLFA 2026,C1 - Second Division,,,SD-06- De Beers,SD-09- Goodwood United,13/06/26,Sat,15:45,De Beers,Somerset West A,3,4,,Y,,
43206552,CTTLFA 2026,C1 - Second Division,,,SD-07- FC Kapstadt,SD-13- Varsity College,13/06/26,Sat,15:45,FC Kapstadt,Hartleyvale D,4,0,,Y,,
43206550,CTTLFA 2026,C1 - Second Division,,,SD-08- Bye,SD-03- Camps Bay,13/06/26,Sat,15:45,Bye,#1,0,0,,Y,,
43206549,CTTLFA 2026,C1 - Second Division,,,SD-11- Mutual FC,SD-12- Queens Park,13/06/26,Sat,15:45,Mutual FC,Pinelands Oval A,2,3,,Y,,
43206555,CTTLFA 2026,C1 - Second Division,,,SD-15- Young Bafana,SD-14- West End United,13/06/26,Sat,15:45,Young Bafana,YB Arena A,1,3,,Y,,
43257006,CTTLFA 2026,O1 - Under 12 Premier One,,,O1-04- FC Kapstadt,O1-13- Wynberg St Johns,14/06/26,Sun,09:00,FC Kapstadt,Malta Park Astro,3,1,,Y,,
43274248,CTTLFA 2026,O4 - Under 12 Division Four,,,O4-09- Table View B,O4-01- Camps Bay B.,14/06/26,Sun,09:45,Table View,Table View C,3,0,,Y,,
43256850,CTTLFA 2026,M1 - Under 14 Premier One,,,M1-04- FC Kapstadt,M1-13- Wynberg St Johns,14/06/26,Sun,10:30,FC Kapstadt,Malta Park Astro,1,0,,Y,,
43272844,CTTLFA 2026,M6 - Under 14 Division Six,,,M6-07- Hellenic B,M6-06- FC Kapstadt B,14/06/26,Sun,10:30,Hellenic,Tygerhof Sports Complex A,8,0,,Y,,
43806846,CTTLFA 2026,K7 - Under 16 Girls Premier One,,,K7-03- Bothasig,K7-06- Fish Hoek,14/06/26,Sun,10:50,Bothasig,Abe Sher C,1,3,,Y,,
43979159,CTTLFA 2026,,U/16 Premier One Knockout 2026,,K1-11- Table View,K1-07- Hellenic,14/06/26,Sun,11:00,Table View,Table View A,5,4,,Y,,
43574590,CTTLFA 2026,M8 - Under 14 Girls Premier One,,,M8-03- Camps Bay,M8-05- Meadowridge,14/06/26,Sun,11:00,Camps Bay,"Symmonds Field, Camps Bay Drive",3,2,,Y,,
43256694,CTTLFA 2026,K1 - Under 16 Premier One,,,K1-04- FC Kapstadt,K1-13- Wynberg St Johns,14/06/26,Sun,11:50,FC Kapstadt,Malta Park Astro,2,2,,Y,,
43979161,CTTLFA 2026,,U/18 Premier One Knockout 2026,,I1-07- Hellenic,I1-08- Northpine United,14/06/26,Sun,12:00,Hellenic,Tygerhof Sports Complex A,0,3,,Y,,
43275089,CTTLFA 2026,I4 - Under 18 Division Four,,,I4-04- Northpine United B,I4-01- Bothasig B,14/06/26,Sun,12:00,Northpine United,Central Park B,4,1,,Y,,
43975239,CTTLFA 2026,,U/18 Premier One Knockout 2026,,I1-11- Table View,I1-13- Wynberg St Johns,14/06/26,Sun,12:45,Table View,Table View A,4,1,,Y,,
43317304,CTTLFA 2026,H2 - Womens First Division,,,H2-11- Magic Ladies B,H2-13- Hout Bay,14/06/26,Sun,13:00,Avenue De Mist,Ave De Mist - A,3,3,,Y,,
43256467,CTTLFA 2026,C2 - Second Reserve,,,SR-10- Hellenic,SR-07- FC Kapstadt,14/06/26,Sun,14:00,Hellenic,Tygerhof Sports Complex A,1,1,,Y,,
43256454,CTTLFA 2026,C2 - Second Reserve,,,SR-14- West End United,SR-13- Varsity College,14/06/26,Sun,14:00,West End United,West End Park A,7,2,,Y,,
43256502,CTTLFA 2026,C2 - Second Reserve,,,SR-16- YSD Macassar,SR-04- Chelsea Bridgetown,14/06/26,Sun,14:00,YSD Macassar,YSD Macassar A,0,0,,Y,,
43806544,CTTLFA 2026,H1 - Womens Premier League,,,H1-08- Magic Ladies,H1-09- Northpine United,14/06/26,Sun,15:00,Avenue De Mist,Ave De Mist - A,12,0,,Y,,
43206525,CTTLFA 2026,C1 - Second Division,,,SD-10- Hellenic,SD-07- FC Kapstadt,14/06/26,Sun,15:45,Hellenic,Tygerhof Sports Complex A,4,2,,Y,,
43206513,CTTLFA 2026,C1 - Second Division,,,SD-14- West End United,SD-13- Varsity College,14/06/26,Sun,15:45,West End United,West End Park A,5,0,,Y,,
43206560,CTTLFA 2026,C1 - Second Division,,,SD-16- YSD Macassar,SD-04- Chelsea Bridgetown,14/06/26,Sun,15:45,YSD Macassar,YSD Macassar A,2,5,,Y,,
43575568,CTTLFA 2026,D4 - 6th Division,,,D4-09- Stephanian Ottery,D4-05- Kuilsriver,15/06/26,Mon,19:30,Stephanian Ottery,Stephanian Ottery A,4,3,,Y,,
43262911,CTTLFA 2026,G4 - Vets 050 A,,,G4-01- Clyde Pinelands,G4-04- Hanover Park,15/06/26,Mon,19:30,Clyde Pinelands,Ringwood Drive A,0,4,,Y,,
43317307,CTTLFA 2026,H2 - Womens First Division,,,H2-03- Green Point Salesians B,H2-04- Kensington,15/06/26,Mon,19:30,Green Point,Green Point A,3,1,,Y,,
43257012,CTTLFA 2026,O1 - Under 12 Premier One,,,O1-01- Camps Bay,O1-08- Northpine United,16/06/26,Tue,08:15,Camps Bay,Maidens Cove,5,1,,Y,,
43257013,CTTLFA 2026,O1 - Under 12 Premier One,,,O1-02- Cape Town Spurs,O1-04- FC Kapstadt,16/06/26,Tue,08:15,Cape Town Spurs,Ikamva A,1,2,,Y,,
43257014,CTTLFA 2026,O1 - Under 12 Premier One,,,O1-07- Hellenic,O1-06- Hanover Park,16/06/26,Tue,08:15,Hellenic,Tygerhof Sports Complex A,5,1,,Y,,
43257015,CTTLFA 2026,O1 - Under 12 Premier One,,,O1-09- Norway Parks,O1-05- FN Rangers,16/06/26,Tue,08:15,Norway Parks,Royal Road A,2,4,,Y,,
43257016,CTTLFA 2026,O1 - Under 12 Premier One,,,O1-11- Table View,O1-12- CR Vasco Da Gama,16/06/26,Tue,08:15,Table View,Table View A,0,6,,Y,,
43257017,CTTLFA 2026,O1 - Under 12 Premier One,,,O1-13- Wynberg St Johns,O1-03- De Beers,16/06/26,Tue,08:15,Wynberg st Johns,Wynberg A,2,2,,Y,,
43257374,CTTLFA 2026,O2 - Under 12 Premier Two,,,O2-05- Kensington,O2-06- Kuilsriver,16/06/26,Tue,08:15,Kensington,14 Avenue A,2,2,,Y,,
43257417,CTTLFA 2026,O2 - Under 12 Premier Two,,,O2-08- Saxon Rovers,O2-09- Shosholoza,16/06/26,Tue,08:15,Saxon Rovers,Maitland A,7,1,,Y,,
43274295,CTTLFA 2026,O4 - Under 12 Division Four,,,O4-01- Camps Bay B.,O4-02- Cape Town Spurs B,16/06/26,Tue,08:15,Camps Bay,Maidens Cove,0,2,,Y,,
43331114,CTTLFA 2026,O6 - Under 12 Division Six,,,O6-06- Grass Boots B,O6-07- Meadowridge C,16/06/26,Tue,08:15,Grass Boots,"Van Riebeeck Park, Sidmouth Road B",7,0,,Y,,
43256856,CTTLFA 2026,M1 - Under 14 Premier One,,,M1-01- Camps Bay,M1-08- Northpine United,16/06/26,Tue,09:30,Camps Bay,Maidens Cove,1,2,,Y,,
43256857,CTTLFA 2026,M1 - Under 14 Premier One,,,M1-02- Cape Town Spurs,M1-04- FC Kapstadt,16/06/26,Tue,09:30,Cape Town Spurs,Ikamva A,1,2,,Y,,
43256858,CTTLFA 2026,M1 - Under 14 Premier One,,,M1-07- Hellenic,M1-06- Hanover Park,16/06/26,Tue,09:30,Hellenic,Tygerhof Sports Complex A,1,2,,Y,,
43256859,CTTLFA 2026,M1 - Under 14 Premier One,,,M1-09- Norway Parks,M1-05- FN Rangers,16/06/26,Tue,09:30,Norway Parks,Royal Road A,2,0,,Y,,
43256860,CTTLFA 2026,M1 - Under 14 Premier One,,,M1-11- Table View,M1-12- CR Vasco Da Gama,16/06/26,Tue,09:30,Table View,Table View A,2,1,,Y,,
43256861,CTTLFA 2026,M1 - Under 14 Premier One,,,M1-13- Wynberg St Johns,M1-03- De Beers,16/06/26,Tue,09:30,Wynberg st Johns,Wynberg A,4,2,,Y,,
43257242,CTTLFA 2026,M2 - Under 14 Premier Two,,,M2-05- Kensington,M2-06- Kuilsriver,16/06/26,Tue,09:30,Kensington,14 Avenue A,1,2,,Y,,
43257285,CTTLFA 2026,M2 - Under 14 Premier Two,,,M2-08- Saxon Rovers,M2-09- Shosholoza,16/06/26,Tue,09:30,Saxon Rovers,Maitland A,4,4,,Y,,
43574478,CTTLFA 2026,O7 - Under 12 Girls Premier One (9v9),,,O7-03- Fish Hoek.,O7-01- Bellville City,16/06/26,Tue,09:30,Fish Hoek,Fish Hoek C,2,1,,Y,,
42990096,CTTLFA 2026,I2 - Under 18 Premier Two,,,I2-02- Durbanville,I2-04- Fish Hoek,16/06/26,Tue,10:50,Durbanville,Klazinga Park A,3,3,,Y,,
43256700,CTTLFA 2026,K1 - Under 16 Premier One,,,K1-01- Camps Bay,K1-08- Northpine United,16/06/26,Tue,10:50,Camps Bay,Maidens Cove,3,0,,Y,,
43256701,CTTLFA 2026,K1 - Under 16 Premier One,,,K1-02- Cape Town Spurs,K1-04- FC Kapstadt,16/06/26,Tue,10:50,Cape Town Spurs,Ikamva A,0,0,,Y,,
43256702,CTTLFA 2026,K1 - Under 16 Premier One,,,K1-07- Hellenic,K1-06- Hanover Park,16/06/26,Tue,10:50,Hellenic,Tygerhof Sports Complex A,3,0,,Y,,
43256703,CTTLFA 2026,K1 - Under 16 Premier One,,,K1-09- Norway Parks,K1-05- FN Rangers,16/06/26,Tue,10:50,Norway Parks,Royal Road A,0,2,,Y,,
43256704,CTTLFA 2026,K1 - Under 16 Premier One,,,K1-11- Table View,K1-12- CR Vasco Da Gama,16/06/26,Tue,10:50,Table View,Table View A,1,2,,Y,,
43256705,CTTLFA 2026,K1 - Under 16 Premier One,,,K1-13- Wynberg St Johns,K1-03- De Beers,16/06/26,Tue,10:50,Wynberg st Johns,Wynberg A,2,3,,Y,,
43257109,CTTLFA 2026,K2 - Under 16 Premier Two,,,K2-05- Kensington,K2-06- Kuilsriver,16/06/26,Tue,10:50,Kensington,14 Avenue A,0,2,,Y,,
43257152,CTTLFA 2026,K2 - Under 16 Premier Two,,,K2-08- Saxon Rovers,K2-09- Shosholoza,16/06/26,Tue,10:50,Saxon Rovers,Maitland A,1,1,,Y,,
43805765,CTTLFA 2026,K6 - Under 16 Division Six,,,K6-01- Bye.,K6-09- Table View C,16/06/26,Tue,10:50,Chelsea,Hickory Road A,0,0,,Y,,
43805769,CTTLFA 2026,K6 - Under 16 Division Six,,,K6-02- Bothasig C,K6-11- Kensington B,16/06/26,Tue,10:50,Bothasig,Abe Sher B,1,0,,Y,,
43805771,CTTLFA 2026,K6 - Under 16 Division Six,,,K6-05- JMI,K6-10- Shosholoza B,16/06/26,Tue,10:50,Norway Parks,Royal Road E,3,1,,Y,,
43805767,CTTLFA 2026,K6 - Under 16 Division Six,,,K6-07- Ruyterwacht B,K6-06- Meadowridge C,16/06/26,Tue,10:50,Ruyterwacht,Stan Abbot B,0,8,,Y,,
43805774,CTTLFA 2026,K6 - Under 16 Division Six,,,K6-08- Sunningdale City C,K6-04- Holy Cross B,16/06/26,Tue,10:50,Sunningdale City,Sunningdale B,0,6,,Y,,
43806871,CTTLFA 2026,K7 - Under 16 Girls Premier One,,,K7-02- Bellville City,K7-04- Camps Bay,16/06/26,Tue,10:50,Bellville City,PP Smit Stadium B,3,6,,Y,,
43806870,CTTLFA 2026,K7 - Under 16 Girls Premier One,,,K7-03- Bothasig,K7-15- Norway Parks,16/06/26,Tue,10:50,Bothasig,Abe Sher A,0,2,,Y,,
43806865,CTTLFA 2026,K7 - Under 16 Girls Premier One,,,K7-09- Bye.,K7-01- Badgers,16/06/26,Tue,10:50,Bye,#1,0,0,,Y,,
43806867,CTTLFA 2026,K7 - Under 16 Girls Premier One,,,K7-11- Bye.,K7-08- Meadowridge,16/06/26,Tue,10:50,Bye,#1,0,0,,Y,,
43806869,CTTLFA 2026,K7 - Under 16 Girls Premier One,,,K7-13- Wynberg St Johns,K7-06- Fish Hoek,16/06/26,Tue,10:50,Wynberg st Johns,Wynberg C,0,1,,Y,,
43806872,CTTLFA 2026,K7 - Under 16 Girls Premier One,,,K7-14- Nova Generation,K7-05- Clyde Pinelands,16/06/26,Tue,10:50,Nova Generations,Generations Sandown Institute,10,0,,Y,,
43805773,CTTLFA 2026,K8- Under 16 Division Seven,,,K8-01- Bothasig D,K8-05- Meadowridge D,16/06/26,Tue,10:50,Bothasig,Abe Sher C,3,6,,Y,,
43805770,CTTLFA 2026,K8- Under 16 Division Seven,,,K8-03- Edgemead G/W C,K8-02- Durbanville C,16/06/26,Tue,10:50,Edgemead G/W,Edgemead A,1,0,,Y,,
43805766,CTTLFA 2026,K8- Under 16 Division Seven,,,K8-06- Northpine United C,K8-09- YMO FC,16/06/26,Tue,10:50,Northpine United,Central Park A,2,2,,Y,,
43805768,CTTLFA 2026,K8- Under 16 Division Seven,,,K8-08- Table View D,K8-04- Fish Hoek C.,16/06/26,Tue,10:50,Table View,Table View B,6,2,,Y,,
43805772,CTTLFA 2026,K8- Under 16 Division Seven,,,K8-11- Bye,K8-07- Rygersdal C,16/06/26,Tue,10:50,Bye,#1,0,0,,Y,,
42989852,CTTLFA 2026,I1 - Under 18 Premier One,,,I1-01- Camps Bay,I1-08- Northpine United,16/06/26,Tue,12:30,Camps Bay,Maidens Cove,3,1,,Y,,
42989856,CTTLFA 2026,I1 - Under 18 Premier One,,,I1-02- Cape Town Spurs,I1-04- FC Kapstadt,16/06/26,Tue,12:30,Cape Town Spurs,Ikamva A,1,2,,Y,,
42989857,CTTLFA 2026,I1 - Under 18 Premier One,,,I1-07- Hellenic,I1-06- Hanover Park,16/06/26,Tue,12:30,Hellenic,Tygerhof Sports Complex A,2,3,,Y,,
42989853,CTTLFA 2026,I1 - Under 18 Premier One,,,I1-09- Norway Parks,I1-05- FN Rangers,16/06/26,Tue,12:30,Norway Parks,Royal Road A,2,2,,Y,,
42989855,CTTLFA 2026,I1 - Under 18 Premier One,,,I1-11- Table View,I1-12- CR Vasco Da Gama,16/06/26,Tue,12:30,Table View,Table View A,2,1,,Y,,
42989854,CTTLFA 2026,I1 - Under 18 Premier One,,,I1-13- Wynberg St Johns,I1-03- De Beers,16/06/26,Tue,12:30,Wynberg st Johns,Wynberg A,6,1,,Y,,
42989987,CTTLFA 2026,I2 - Under 18 Premier Two,,,I2-05- Kensington,I2-06- Kuilsriver,16/06/26,Tue,12:30,Kensington,14 Avenue A,2,1,,Y,,
42990029,CTTLFA 2026,I2 - Under 18 Premier Two,,,I2-08- Saxon Rovers,I2-09- Shosholoza,16/06/26,Tue,12:30,Saxon Rovers,Maitland A,0,1,,Y,,
43575402,CTTLFA 2026,D2 - 4th Division,,,D2-08- Table View,D2-11- Shosholoza FC,16/06/26,Tue,14:00,Table View,Table View C,2,1,,Y,,
43256307,CTTLFA 2026,B2 - First Reserve,,,FR-02- Bothasig,FR-04- Garden Village,16/06/26,Tue,14:00,Bothasig,Abe Sher A,1,2,,Y,,
43256308,CTTLFA 2026,B2 - First Reserve,,,FR-03- Brooklyn Superstars,FR-08- Meadowridge,16/06/26,Tue,14:00,Bayview Sports Complex,Brooklyn Bayview Sports Complex A,2,5,,Y,,
43256309,CTTLFA 2026,B2 - First Reserve,,,FR-06- Kensington,FR-07- Kuilsriver,16/06/26,Tue,14:00,Kensington,14 Avenue A,1,2,,Y,,
43256311,CTTLFA 2026,B2 - First Reserve,,,FR-12- Sunningdale City,FR-05- JMI,16/06/26,Tue,14:00,Sunningdale City,Sunningdale A,3,0,,Y,,
43256312,CTTLFA 2026,B2 - First Reserve,,,FR-13- Tramway,FR-09- Northpine United,16/06/26,Tue,14:00,Tramway,Groenewald Park A,0,3,,Y,,
43806387,CTTLFA 2026,G1 - Vets 045 A,,,G1-04- Hanover Park,G1-02-Edgemead G/W,16/06/26,Tue,14:00,Hanover Park,Hanover Park B,2,0,,Y,,
43806386,CTTLFA 2026,G1 - Vets 045 A,,,G1-07- Tramway,G1-03- FN Rangers,16/06/26,Tue,14:00,Tramway,Groenewald Park B,1,6,,Y,,
43256107,CTTLFA 2026,A2 - Premier Reserve,,,PR-11- Table View,PR-02- Edgemead G/W,16/06/26,Tue,14:00,Table View,Table View A,0,0,,Y,,
43256103,CTTLFA 2026,A2 - Premier Reserve,,,PR-14- Wynberg St Johns,PR-01- Durbanville,16/06/26,Tue,14:00,Wynberg st Johns,Wynberg A,0,1,,Y,,
43256495,CTTLFA 2026,C2 - Second Reserve,,,SR-01- Avendale Athletico,SR-05- Clyde Pinelands,16/06/26,Tue,14:00,Avendale Athletico,Field Crescent A,2,1,,Y,,
43256500,CTTLFA 2026,C2 - Second Reserve,,,SR-02- Barmsley Spurs,SR-13- Varsity College,16/06/26,Tue,14:00,Chelsea,Hickory Road A,2,7,,Y,,
43256496,CTTLFA 2026,C2 - Second Reserve,,,SR-03- Camps Bay,SR-11- Mutual FC,16/06/26,Tue,14:00,Camps Bay,Camps Bay A,2,2,,Y,,
43256497,CTTLFA 2026,C2 - Second Reserve,,,SR-09- Goodwood United,SR-07- FC Kapstadt,16/06/26,Tue,14:00,Goodwood,Hamilton Road A,2,1,,Y,,
43256498,CTTLFA 2026,C2 - Second Reserve,,,SR-10- Hellenic,SR-15- Young Bafana,16/06/26,Tue,14:00,Hellenic,Tygerhof Sports Complex A,3,8,,Y,,
43256499,CTTLFA 2026,C2 - Second Reserve,,,SR-12- Queens Park,SR-06- De Beers,16/06/26,Tue,14:00,Paddock Road A,Queens Park Paddock A,2,2,,Y,,
43256501,CTTLFA 2026,C2 - Second Reserve,,,SR-14- West End United,SR-08- Bye,16/06/26,Tue,14:00,West End United,West End Park A,0,0,,Y,,
43960351,CTTLFA 2026,,CTTLFA 6th Division Knock Out 2026,,D4-12- Lansdowne,D4-04- Holy Cross,16/06/26,Tue,15:00,Lansdowne,Chukker Road A,0,0,,Y,,
43575704,CTTLFA 2026,F2 - Vets 040 B,,,F2-06- Kuilsriver,F2-10- Jamestown United,16/06/26,Tue,15:30,Serepta Sports Ground,Serepta Sports Ground B,4,1,,Y,,
43575180,CTTLFA 2026,D1 - 3rd Division,,,D1-08- Table View,D1-11- Shosholoza FC,16/06/26,Tue,15:45,Table View,Table View B,3,0,,Y,,
42990229,CTTLFA 2026,B1 - First Division,,,FD-02- Bothasig,FD-04- Garden Village,16/06/26,Tue,15:45,Bothasig,Abe Sher A,3,1,,Y,,
42990228,CTTLFA 2026,B1 - First Division,,,FD-03- Brooklyn Superstars,FD-08- Meadowridge,16/06/26,Tue,15:45,Bayview Sports Complex,Brooklyn Bayview Sports Complex A,0,0,,Y,,
42990227,CTTLFA 2026,B1 - First Division,,,FD-06- Kensington,FD-07- Kuilsriver,16/06/26,Tue,15:45,Kensington,14 Avenue A,3,1,,Y,,
42990225,CTTLFA 2026,B1 - First Division,,,FD-12- Sunningdale City,FD-05- JMI,16/06/26,Tue,15:45,Sunningdale City,Sunningdale A,2,2,,Y,,
42990226,CTTLFA 2026,B1 - First Division,,,FD-13- Tramway,FD-09- Northpine United,16/06/26,Tue,15:45,Tramway,Groenewald Park A,4,2,,Y,,
42996914,CTTLFA 2026,A1 - Premier Division,,,PD-11- Table View,PD-02- Edgemead G/W,16/06/26,Tue,15:45,Table View,Table View A,3,0,,Y,,
42996909,CTTLFA 2026,A1 - Premier Division,,,PD-14- Wynberg St Johns,PD-01- Durbanville,16/06/26,Tue,15:45,Wynberg st Johns,Wynberg A,0,2,,Y,,
43206556,CTTLFA 2026,C1 - Second Division,,,SD-01- Avendale Athletico,SD-05- Clyde Pinelands,16/06/26,Tue,15:45,Avendale Athletico,Field Crescent A,1,1,,Y,,
43206682,CTTLFA 2026,C1 - Second Division,,,SD-02- Barmsley Spurs,SD-13- Varsity College,16/06/26,Tue,15:45,Chelsea,Hickory Road A,7,1,,Y,,
43206559,CTTLFA 2026,C1 - Second Division,,,SD-03- Camps Bay,SD-11- Mutual FC,16/06/26,Tue,15:45,Camps Bay,Camps Bay A,2,2,,Y,,
43206561,CTTLFA 2026,C1 - Second Division,,,SD-09- Goodwood United,SD-07- FC Kapstadt,16/06/26,Tue,15:45,Goodwood,Hamilton Road A,1,1,,Y,,
43206562,CTTLFA 2026,C1 - Second Division,,,SD-10- Hellenic,SD-15- Young Bafana,16/06/26,Tue,15:45,Hellenic,Tygerhof Sports Complex A,3,6,,Y,,
43206563,CTTLFA 2026,C1 - Second Division,,,SD-12- Queens Park,SD-06- De Beers,16/06/26,Tue,15:45,Paddock Road A,Queens Park Paddock A,2,1,,Y,,
43206558,CTTLFA 2026,C1 - Second Division,,,SD-14- West End United,SD-08- Bye,16/06/26,Tue,15:45,West End United,West End Park A,0,0,,Y,,
43317297,CTTLFA 2026,H2 - Womens First Division,,,H2-07- Norway Parks,H2-02- Bothasig,17/06/26,Wed,19:00,Norway Parks,Royal Road A,0,6,,Y,,
43262927,CTTLFA 2026,G4 - Vets 050 A,,,G4-02- Fish Hoek,G4-08- Tramway,17/06/26,Wed,19:30,Fish Hoek,Fish Hoek A,2,1,,Y,,
43575092,CTTLFA 2026,G6 - Vets O50 C,,,G6-02- Hanover Park C,G6-10- Saxon Rovers,17/06/26,Wed,19:30,Hanover Park,Hanover Park B,2,2,,Y,,
43806383,CTTLFA 2026,G1 - Vets 045 A,,,G1-10- Holy Cross,G1-06- Saxon Rovers,17/06/26,Wed,20:00,Holy Cross,Voortrekker Road,2,1,,Y,,
43575108,CTTLFA 2026,G6 - Vets O50 C,,,G6-04- Stephanian Ottery B,G6-05- Table View,17/06/26,Wed,20:00,Stephanian Ottery,Stephanian Ottery B,1,1,,Y,,
43575947,CTTLFA 2026,E1- Vets 035,,,E1-03- Clyde Pinelands,E1-11- C.R. Vasco Da Gama,17/06/26,Wed,20:30,Clyde Pinelands,Ringwood Drive A,0,11,,Y,,
43262808,CTTLFA 2026,G5 - Vets 050 B,,,G5-01- Bothasig,G5-06- Green Point Salesians,18/06/26,Thu,19:00,Bothasig,Abe Sher A,3,0,,Y,,
43317313,CTTLFA 2026,H2 - Womens First Division,,,H2-09- Stephanian Ottery,H2-08- Saxon Rovers,18/06/26,Thu,19:00,Stephanian Ottery,Stephanian Ottery A,0,3,,Y,,
43806393,CTTLFA 2026,G1 - Vets 045 A,,,G1-02-Edgemead G/W,G1-13- Stephanian Ottery,18/06/26,Thu,19:30,Edgemead G/W,Edgemead A,0,0,,Y,,
43575581,CTTLFA 2026,D4 - 6th Division,,,D4-03- De Beers,D4-05- Kuilsriver,18/06/26,Thu,20:00,De Beers,Somerset West B,1,0,,Y,,
43575834,CTTLFA 2026,E2- Vets 035 B,,,E2-01- Bellville City,E2-11- Turfhall,18/06/26,Thu,20:00,Bellville City,PP Smit Stadium C,4,0,,Y,,
43575945,CTTLFA 2026,E1- Vets 035,,,E1-01- Avendale Athletico,E1-04-FN Rangers,18/06/26,Thu,20:30,Chelsea,Hickory Road A,2,2,,Y,,
43574505,CTTLFA 2026,O7 - Under 12 Girls Premier One (9v9),,,O7-06- Meadowridge B,O7-08- Wynberg St Johns,19/06/26,Fri,18:30,Meadowridge,Meadowridge B,3,0,,Y,,
43806549,CTTLFA 2026,H1 - Womens Premier League,,,H1-03- Clyde Pinelands,H1-02- Bellville City,19/06/26,Fri,19:00,Clyde Pinelands,Ringwood Drive B,2,1,,Y,,
43806548,CTTLFA 2026,H1 - Womens Premier League,,,H1-09- Northpine United,H1-12- Bye.,19/06/26,Fri,19:00,Northpine United,Central Park A,0,0,,Y,,
43317309,CTTLFA 2026,H2 - Womens First Division,,,H2-04- Kensington,H2-11- Magic Ladies B,19/06/26,Fri,19:00,Kensington,14 Avenue A,1,2,,Y,,
43317310,CTTLFA 2026,H2 - Womens First Division,,,H2-06- Meadowridge,H2-12- Hanover Park,19/06/26,Fri,19:00,Meadowridge,Meadowridge A,0,2,,Y,,
43317311,CTTLFA 2026,H2 - Womens First Division,,,H2-07- Norway Parks,H2-03- Green Point Salesians B,19/06/26,Fri,19:00,Norway Parks,Royal Road A,1,2,,Y,,
43256503,CTTLFA 2026,C2 - Second Reserve,,,SR-02- Barmsley Spurs,SR-07- FC Kapstadt,19/06/26,Fri,19:00,Chelsea,Hickory Road A,1,3,,Y,,
43262928,CTTLFA 2026,G4 - Vets 050 A,,,G4-06- Rygersdal,G4-03- FN Rangers,19/06/26,Fri,19:30,U C T,U C T,1,3,,Y,,
43262494,CTTLFA 2026,F1 - Vets 040 A,,,F1-09- Sunningdale City,F1-05- Hanover Park,19/06/26,Fri,20:00,Sunningdale City,Sunningdale A,2,4,,Y,,
43575714,CTTLFA 2026,F2 - Vets 040 B,,,F2-12- Sunningdale City B,F2-05- Green Point Salesians,19/06/26,Fri,20:00,Sunningdale City,Sunningdale B,1,5,,Y,,
43575268,CTTLFA 2026,D3 - 5th Division,,,D3-07- Northpine United,D3-01- Bothasig,19/06/26,Fri,20:30,Northpine United,Central Park A,5,2,,Y,,
43575835,CTTLFA 2026,E2- Vets 035 B,,,E2-03- Green Point Salesians,E2-02- Durbanville,19/06/26,Fri,20:30,Green Point,Green Point A,5,1,,Y,,
43575836,CTTLFA 2026,E2- Vets 035 B,,,E2-10- Wynberg St Johns,E2-07- Meadowridge,19/06/26,Fri,20:30,Wynberg st Johns,Wynberg A,3,2,,Y,,
43262487,CTTLFA 2026,F1 - Vets 040 A,,,F1-03- Fish Hoek,F1-10- C.R. Vasco Da Gama,19/06/26,Fri,20:30,Fish Hoek,Fish Hoek A,0,6,,Y,,
43262491,CTTLFA 2026,F1 - Vets 040 A,,,F1-06- Norway Parks,F1-07- Rygersdal,19/06/26,Fri,20:30,Norway Parks,Royal Road A,3,5,,Y,,
43575710,CTTLFA 2026,F2 - Vets 040 B,,,F2-08- Kensington,F2-11- Saxon Rovers,19/06/26,Fri,20:30,Kensington,14 Avenue A,1,5,,Y,,
43575713,CTTLFA 2026,F2 - Vets 040 B,,,F2-09- Wynberg St Johns,F2-01- Avendale Athletico,19/06/26,Fri,20:30,Wynberg st Johns,Wynberg B,2,4,,Y,,
43575712,CTTLFA 2026,F2 - Vets 040 B,,,F2-10- Jamestown United,F2-02- Bothasig,19/06/26,Fri,20:30,Bothasig,Abe Sher A,2,3,,Y,,
42990234,CTTLFA 2026,B1 - First Division,,,FD-07- Kuilsriver,FD-13- Tramway,19/06/26,Fri,20:30,Serepta Sports Ground,Serepta Sports Ground A,4,2,,Y,,
43206566,CTTLFA 2026,C1 - Second Division,,,SD-02- Barmsley Spurs,SD-07- FC Kapstadt,19/06/26,Fri,20:30,Chelsea,Hickory Road A,4,2,,Y,,
42996947,CTTLFA 2026,A1 - Premier Division,,,PD-12- UCT,PD-06- Hanover Park,19/06/26,Fri,20:45,U C T,U C T,1,3,,Y,,
43257018,CTTLFA 2026,O1 - Under 12 Premier One,,,O1-03- De Beers,O1-02- Cape Town Spurs,20/06/26,Sat,08:15,De Beers,Somerset West A,0,0,,Y,,
43257020,CTTLFA 2026,O1 - Under 12 Premier One,,,O1-05- FN Rangers,O1-11- Table View,20/06/26,Sat,08:15,FN Rangers,FNB Stadium A,2,0,,Y,,
43257021,CTTLFA 2026,O1 - Under 12 Premier One,,,O1-06- Hanover Park,O1-01- Camps Bay,20/06/26,Sat,08:15,Hanover Park,Hanover Park A,2,0,,Y,,
43257022,CTTLFA 2026,O1 - Under 12 Premier One,,,O1-08- Northpine United,O1-09- Norway Parks,20/06/26,Sat,08:15,Northpine United,Central Park A,2,0,,Y,,
43257023,CTTLFA 2026,O1 - Under 12 Premier One,,,O1-12- CR Vasco Da Gama,O1-10- Rygersdal,20/06/26,Sat,08:15,Vasco da Gama,Da Gama Park B,1,2,,Y,,
43257425,CTTLFA 2026,O2 - Under 12 Premier Two,,,O2-01- Clyde Pinelands,O2-10- Stephanian Ottery,20/06/26,Sat,08:15,Clyde Pinelands,Ringwood Drive A,0,4,,Y,,
43257426,CTTLFA 2026,O2 - Under 12 Premier Two,,,O2-02- Durbanville,O2-12- Young Bafana,20/06/26,Sat,08:15,Durbanville,Klazinga Park A,1,2,,Y,,
43257427,CTTLFA 2026,O2 - Under 12 Premier Two,,,O2-03- Edgemead G/W,O2-11- Sunningdale City,20/06/26,Sat,08:15,Edgemead G/W,Edgemead A,0,6,,Y,,
43257428,CTTLFA 2026,O2 - Under 12 Premier Two,,,O2-04- Fish Hoek,O2-07- Meadowridge,20/06/26,Sat,08:15,Fish Hoek,Fish Hoek A,3,1,,Y,,
43257429,CTTLFA 2026,O2 - Under 12 Premier Two,,,O2-05- Kensington,O2-09- Shosholoza,20/06/26,Sat,08:15,Kensington,14 Avenue A,2,1,,Y,,
43257430,CTTLFA 2026,O2 - Under 12 Premier Two,,,O2-08- Saxon Rovers,O2-06- Kuilsriver,20/06/26,Sat,08:15,Saxon Rovers,Maitland A,3,1,,Y,,
43260921,CTTLFA 2026,O3B - Under 12 Premier Three B,,,O3-03- Bothasig,O3-02- Bellville City,20/06/26,Sat,08:15,Bothasig,Abe Sher A,3,2,,Y,,
43260894,CTTLFA 2026,O3B - Under 12 Premier Three B,,,O3-05- Garden Village,O3-14- YSD Macassar,20/06/26,Sat,08:15,Garden Village,Alexander Road,0,3,,Y,,
43805277,CTTLFA 2026,O3 - Under 12 Premier Three,,,O3-11- Ruyterwacht,O3-01- Avendale Athletico,20/06/26,Sat,08:15,Ruyterwacht,Stan Abbott,1,0,,Y,,
43274281,CTTLFA 2026,O4 - Under 12 Division Four,,,O4-02- Cape Town Spurs B,O4-09- Table View B,20/06/26,Sat,08:15,Cape Town Spurs,Ikamva D,4,3,,Y,,
43274283,CTTLFA 2026,O4 - Under 12 Division Four,,,O4-03- De Beers B.,O4-08- Saxon Rovers B,20/06/26,Sat,08:15,De Beers,Somerset West B,2,2,,Y,,
43274278,CTTLFA 2026,O4 - Under 12 Division Four,,,O4-07- Rygersdal B,O4-05- Northpine United B,20/06/26,Sat,08:15,Rygersdal,Zwaanswyk High School,1,5,,Y,,
43274284,CTTLFA 2026,O4 - Under 12 Division Four,,,O4-10- CR Vasco Da Gama B,O4-06- Norway Parks B,20/06/26,Sat,08:15,Vasco da Gama,Da Gama Park C,4,0,,Y,,
43274276,CTTLFA 2026,O4 - Under 12 Division Four,,,O4-11- Wynberg St Johns B.,O4-01- Camps Bay B.,20/06/26,Sat,08:15,Wynberg st Johns,Wynberg B,4,0,,Y,,
43274280,CTTLFA 2026,O5 - Under 12 Division Five,,,O5-02- Bothasig B,O5-06- Fish Hoek B.,20/06/26,Sat,08:15,Bothasig,Abe Sher B,4,1,,Y,,
43274282,CTTLFA 2026,O5 - Under 12 Division Five,,,O5-03- Clyde Pinelands B,O5-11- Sunningdale City B,20/06/26,Sat,08:15,Clyde Pinelands,Ringwood Drive B,0,7,,Y,,
43274277,CTTLFA 2026,O5 - Under 12 Division Five,,,O5-04- Durbanville B.,O5-01- Bellville City B.,20/06/26,Sat,08:15,Durbanville,Klazinga Park B,2,2,,Y,,
43274275,CTTLFA 2026,O5 - Under 12 Division Five,,,O5-07- Goodwood United B,O5-05- Edgemead G/W B.,20/06/26,Sat,08:15,Goodwood,Hamilton Road B,1,3,,Y,,
43274279,CTTLFA 2026,O5 - Under 12 Division Five,,,O5-10- Stephanian Ottery B,O5-08- Kuilsriver B.,20/06/26,Sat,08:15,Stephanian Ottery,Stephanian Ottery A,4,1,,Y,,
43331120,CTTLFA 2026,O6 - Under 12 Division Six,,,O6-03- Kensington B,O6-07- Meadowridge C,20/06/26,Sat,08:15,Kensington,14 Avenue B,0,7,,Y,,
43574504,CTTLFA 2026,O7 - Under 12 Girls Premier One (9v9),,,O7-01- Bellville City,O7-04- Bye,20/06/26,Sat,08:15,Bellville City,PP Smit Stadium C,0,0,,Y,,
43574507,CTTLFA 2026,O7 - Under 12 Girls Premier One (9v9),,,O7-03- Fish Hoek.,O7-02- Bothasig,20/06/26,Sat,08:15,Fish Hoek,Fish Hoek C,2,1,,Y,,
43574506,CTTLFA 2026,O7 - Under 12 Girls Premier One (9v9),,,O7-09- Hout Bay,O7-05- Meadowridge A,20/06/26,Sat,08:15,Chukker Sports Complex,#1,1,11,,Y,,
43806077,CTTLFA 2026,O8- Under 12 Division Seven,,,O8-01- Tramway,O8-04- Meadowridge D,20/06/26,Sat,08:15,Tramway,Groenewald Park A,13,2,,Y,,
43806080,CTTLFA 2026,O8- Under 12 Division Seven,,,O8-02- Durbanville C,O8-10- Garlandale B,20/06/26,Sat,08:15,Durbanville,Klazinga Park C,2,1,,Y,,
43806076,CTTLFA 2026,O8- Under 12 Division Seven,,,O8-05- Norway Parks C,O8-09- Lansdowne,20/06/26,Sat,08:15,Norway Parks,Royal Road D,2,5,,Y,,
43806078,CTTLFA 2026,O8- Under 12 Division Seven,,,O8-08- Wynberg St Johns C,O8-07- Tramway B,20/06/26,Sat,08:15,Wynberg st Johns,Wynberg A,0,5,,Y,,
43257019,CTTLFA 2026,O1 - Under 12 Premier One,,,O1-04- FC Kapstadt,O1-07- Hellenic,20/06/26,Sat,09:00,FC Kapstadt,Hartleyvale D,3,1,,Y,,
43260924,CTTLFA 2026,O3B - Under 12 Premier Three B,,,O3-15- Mutual FC,O3-06- Goodwood United,20/06/26,Sat,09:00,Mutual FC,Pinelands Oval C,5,2,,Y,,
43260808,CTTLFA 2026,K3B - Under 16 Premier Three B,,,K3-09- Holy Cross,K3-13- West End United,20/06/26,Sat,09:20,Holy Cross,Voortrekker Road,4,0,,Y,,
43256862,CTTLFA 2026,M1 - Under 14 Premier One,,,M1-03- De Beers,M1-02- Cape Town Spurs,20/06/26,Sat,09:30,De Beers,Somerset West A,3,0,,Y,,
43256864,CTTLFA 2026,M1 - Under 14 Premier One,,,M1-05- FN Rangers,M1-11- Table View,20/06/26,Sat,09:30,FN Rangers,FNB Stadium A,2,0,,Y,,
43256865,CTTLFA 2026,M1 - Under 14 Premier One,,,M1-06- Hanover Park,M1-01- Camps Bay,20/06/26,Sat,09:30,Hanover Park,Hanover Park A,6,1,,Y,,
43256866,CTTLFA 2026,M1 - Under 14 Premier One,,,M1-08- Northpine United,M1-09- Norway Parks,20/06/26,Sat,09:30,Northpine United,Central Park A,3,0,,Y,,
43256867,CTTLFA 2026,M1 - Under 14 Premier One,,,M1-12- CR Vasco Da Gama,M1-10- Rygersdal,20/06/26,Sat,09:30,Vasco da Gama,Da Gama Park B,1,4,,Y,,
43257293,CTTLFA 2026,M2 - Under 14 Premier Two,,,M2-01- Clyde Pinelands,M2-10- Stephanian Ottery,20/06/26,Sat,09:30,Clyde Pinelands,Ringwood Drive A,3,1,,Y,,
43257294,CTTLFA 2026,M2 - Under 14 Premier Two,,,M2-02- Durbanville,M2-12- Young Bafana,20/06/26,Sat,09:30,Durbanville,Klazinga Park A,0,1,,Y,,
43257295,CTTLFA 2026,M2 - Under 14 Premier Two,,,M2-03- Edgemead G/W,M2-11- Sunningdale City,20/06/26,Sat,09:30,Edgemead G/W,Edgemead A,5,2,,Y,,
43257296,CTTLFA 2026,M2 - Under 14 Premier Two,,,M2-04- Fish Hoek,M2-07- Meadowridge,20/06/26,Sat,09:30,Fish Hoek,Fish Hoek A,1,2,,Y,,
43257297,CTTLFA 2026,M2 - Under 14 Premier Two,,,M2-05- Kensington,M2-09- Shosholoza,20/06/26,Sat,09:30,Kensington,14 Avenue A,4,4,,Y,,
43257298,CTTLFA 2026,M2 - Under 14 Premier Two,,,M2-08- Saxon Rovers,M2-06- Kuilsriver,20/06/26,Sat,09:30,Saxon Rovers,Maitland A,0,2,,Y,,
43260863,CTTLFA 2026,M3B - Under 14 Premier Three B,,,M3-03- Bothasig,M3-02- Bellville City,20/06/26,Sat,09:30,Bothasig,Abe Sher A,2,3,,Y,,
43260836,CTTLFA 2026,M3B - Under 14 Premier Three B,,,M3-05- Garden Village,M3-14- YSD Macassar,20/06/26,Sat,09:30,Garden Village,Alexander Road,1,8,,Y,,
43805606,CTTLFA 2026,M3 - Under 14 Premier Three,,,M3-11- Ruyterwacht,M3-01- Avendale Athletico,20/06/26,Sat,09:30,Ruyterwacht,Stan Abbott,3,2,,Y,,
43260866,CTTLFA 2026,M3B - Under 14 Premier Three B,,,M3-15- Mutual FC,M3-06- Goodwood United,20/06/26,Sat,09:30,Mutual FC,Pinelands Oval A,0,3,,Y,,
43279176,CTTLFA 2026,M4 - Under 14 Division Four,,,M4-02- Cape Town Spurs B,M4-09- Table View B,20/06/26,Sat,09:30,Cape Town Spurs,Ikamva C,1,1,,Y,,
43279177,CTTLFA 2026,M4 - Under 14 Division Four,,,M4-03- De Beers B.,M4-08- Saxon Rovers B.,20/06/26,Sat,09:30,De Beers,Somerset West B,2,3,,Y,,
43279178,CTTLFA 2026,M4 - Under 14 Division Four,,,M4-07- Rygersdal B,M4-05- Northpine United B,20/06/26,Sat,09:30,Rygersdal,Zwaanswyk High School,1,2,,Y,,
43279179,CTTLFA 2026,M4 - Under 14 Division Four,,,M4-10- CR Vasco Da Gama B,M4-06- Norway Parks B,20/06/26,Sat,09:30,Vasco da Gama,Da Gama Park C,4,1,,Y,,
43279180,CTTLFA 2026,M4 - Under 14 Division Four,,,M4-11- Wynberg St Johns B.,M4-01- Camps Bay B.,20/06/26,Sat,09:30,Wynberg st Johns,Wynberg B,7,0,,Y,,
43279510,CTTLFA 2026,M5 - Under 14 Division Five,,,M5-02- Bothasig B,M5-06- Fish Hoek B.,20/06/26,Sat,09:30,Bothasig,Abe Sher B,3,0,Home Walkover,Y,,
43279511,CTTLFA 2026,M5 - Under 14 Division Five,,,M5-03- Clyde Pinelands B,M5-11- Sunningdale City B,20/06/26,Sat,09:30,Clyde Pinelands,Ringwood Drive B,0,4,,Y,,
43279512,CTTLFA 2026,M5 - Under 14 Division Five,,,M5-04- Durbanville B.,M5-01- Bellville City B.,20/06/26,Sat,09:30,Durbanville,Klazinga Park B,8,0,,Y,,
43279513,CTTLFA 2026,M5 - Under 14 Division Five,,,M5-07- Goodwood United B,M5-05- Edgemead G/W B.,20/06/26,Sat,09:30,Goodwood,Hamilton Road B,1,6,,Y,,
43279514,CTTLFA 2026,M5 - Under 14 Division Five,,,M5-10- Stephanian Ottery B,M5-08- Kuilsriver B.,20/06/26,Sat,09:30,Stephanian Ottery,Stephanian Ottery A,1,4,,Y,,
43272874,CTTLFA 2026,M6 - Under 14 Division Six,,,M6-02- Brooklyn Superstars,M6-04- Kensington B,20/06/26,Sat,09:30,Bayview Sports Complex,Brooklyn Bayview Sports Complex A,11,0,,Y,,
43272875,CTTLFA 2026,M6 - Under 14 Division Six,,,M6-03- Bye,M6-05- Edgemead G/W C,20/06/26,Sat,09:30,Bye,#1,0,0,,Y,,
43272872,CTTLFA 2026,M6 - Under 14 Division Six,,,M6-09- JMI,M6-01- Shosholoza B,20/06/26,Sat,09:30,Norway Parks,Royal Road E,7,1,,Y,,
43806195,CTTLFA 2026,M7 - Under 14 Division Seven,,,M7-01- Bothasig C,M7-07- Table View C,20/06/26,Sat,09:30,Bothasig,Abe Sher C,2,5,,Y,,
43806193,CTTLFA 2026,M7 - Under 14 Division Seven,,,M7-06- Sunningdale City C.,M7-05- Rygersdal C,20/06/26,Sat,09:30,Sunningdale City,Sunningdale A,4,6,,Y,,
43806196,CTTLFA 2026,M7 - Under 14 Division Seven,,,M7-08- Wynberg St Johns C,M7-03- Meadowridge C,20/06/26,Sat,09:30,Wynberg st Johns,Wynberg A,3,3,,Y,,
43806190,CTTLFA 2026,M7 - Under 14 Division Seven,,,M7-09- Durbanville C,M7-04- Northpine United C,20/06/26,Sat,09:30,Durbanville,Klazinga Park C,6,5,,Y,,
43574610,CTTLFA 2026,M8 - Under 14 Girls Premier One,,,M8-04- Fish Hoek,M8-07- Rygersdal,20/06/26,Sat,09:30,Fish Hoek,Fish Hoek C,3,3,,Y,,
43574612,CTTLFA 2026,M8 - Under 14 Girls Premier One,,,M8-09- Stephanian Ottery,M8-06- Norway Parks,20/06/26,Sat,09:30,Stephanian Ottery,Stephanian Ottery B,3,1,,Y,,
43574613,CTTLFA 2026,M8 - Under 14 Girls Premier One,,,M8-11- Wynberg St Johns,M8-05- Meadowridge,20/06/26,Sat,09:30,Wynberg st Johns,Wynberg C,0,3,,Y,,
43574611,CTTLFA 2026,M8 - Under 14 Girls Premier One,,,M8-12- Hout Bay,M8-02- Bothasig,20/06/26,Sat,09:30,Chukker Sports Complex,#1,7,0,,Y,,
43806197,CTTLFA 2026,M9- Under 14 Division Eight,,,M9-02- Bothasig D,M9-04- Tramway,20/06/26,Sat,09:30,Bothasig,Abe Sher D,0,21,,Y,,
43806191,CTTLFA 2026,M9- Under 14 Division Eight,,,M9-05- Meadowridge D,M9-03- Edgemead G/W D,20/06/26,Sat,09:30,Meadowridge,Meadowridge A,1,2,,Y,,
43806192,CTTLFA 2026,M9- Under 14 Division Eight,,,M9-06- Northpine United D,M9-08- Table View D,20/06/26,Sat,09:30,Northpine United,Central Park B,4,1,,Y,,
43806194,CTTLFA 2026,M9- Under 14 Division Eight,,,M9-09- Garlandale B,M9-01- Bellville City C,20/06/26,Sat,09:30,Garlandale,Garlandale A,11,0,,Y,,
43260922,CTTLFA 2026,O3B - Under 12 Premier Three B,,,O3-09- Holy Cross,O3-13- West End United,20/06/26,Sat,09:30,Holy Cross,Holy Cross School A,11,0,,Y,,
43331117,CTTLFA 2026,O6 - Under 12 Division Six,,,O6-05- Fish Hoek C,O6-09- Holy Cross B,20/06/26,Sat,09:30,Fish Hoek,Fish Hoek B,0,3,,Y,,
43256863,CTTLFA 2026,M1 - Under 14 Premier One,,,M1-04- FC Kapstadt,M1-07- Hellenic,20/06/26,Sat,10:15,FC Kapstadt,Hartleyvale D,1,2,,Y,,
43806079,CTTLFA 2026,O8- Under 12 Division Seven,,,O8-06- Rygersdal C,O8-03- Mutual B,20/06/26,Sat,10:30,Mutual FC,Pinelands Oval C,1,5,,Y,,
43256706,CTTLFA 2026,K1 - Under 16 Premier One,,,K1-03- De Beers,K1-02- Cape Town Spurs,20/06/26,Sat,10:50,De Beers,Somerset West A,2,1,,Y,,
43256708,CTTLFA 2026,K1 - Under 16 Premier One,,,K1-05- FN Rangers,K1-11- Table View,20/06/26,Sat,10:50,FN Rangers,FNB Stadium A,5,0,,Y,,
43256709,CTTLFA 2026,K1 - Under 16 Premier One,,,K1-06- Hanover Park,K1-01- Camps Bay,20/06/26,Sat,10:50,Hanover Park,Hanover Park A,3,2,,Y,,
43256710,CTTLFA 2026,K1 - Under 16 Premier One,,,K1-08- Northpine United,K1-09- Norway Parks,20/06/26,Sat,10:50,Northpine United,Central Park A,0,4,,Y,,
43257160,CTTLFA 2026,K2 - Under 16 Premier Two,,,K2-01- Clyde Pinelands,K2-10- Stephanian Ottery,20/06/26,Sat,10:50,Clyde Pinelands,Ringwood Drive A,1,4,,Y,,
43257161,CTTLFA 2026,K2 - Under 16 Premier Two,,,K2-02- Durbanville,K2-12- Young Bafana,20/06/26,Sat,10:50,Durbanville,Klazinga Park A,0,3,,Y,,
43257162,CTTLFA 2026,K2 - Under 16 Premier Two,,,K2-03- Edgemead G/W,K2-11- Sunningdale City,20/06/26,Sat,10:50,Edgemead G/W,Edgemead A,1,1,,Y,,
43257163,CTTLFA 2026,K2 - Under 16 Premier Two,,,K2-04- Fish Hoek,K2-07- Meadowridge,20/06/26,Sat,10:50,Fish Hoek,Fish Hoek A,1,1,,Y,,
43257164,CTTLFA 2026,K2 - Under 16 Premier Two,,,K2-05- Kensington,K2-09- Shosholoza,20/06/26,Sat,10:50,Kensington,14 Avenue A,4,2,,Y,,
43257165,CTTLFA 2026,K2 - Under 16 Premier Two,,,K2-08- Saxon Rovers,K2-06- Kuilsriver,20/06/26,Sat,10:50,Saxon Rovers,Maitland A,1,2,,Y,,
43260807,CTTLFA 2026,K3B - Under 16 Premier Three B,,,K3-03- Bothasig,K3-02- Bellville City,20/06/26,Sat,10:50,Bothasig,Abe Sher A,3,1,,Y,,
43260780,CTTLFA 2026,K3B - Under 16 Premier Three B,,,K3-05- Garden Village,K3-14- YSD Macassar,20/06/26,Sat,10:50,Garden Village,Alexander Road,3,3,,Y,,
43805345,CTTLFA 2026,K3 - Under 16 Premier Three,,,K3-11- Ruyterwacht,K3-01- Avendale Athletico,20/06/26,Sat,10:50,Ruyterwacht,Stan Abbott,8,1,,Y,,
43260810,CTTLFA 2026,K3B - Under 16 Premier Three B,,,K3-15- Mutual FC,K3-06- Goodwood United,20/06/26,Sat,10:50,Mutual FC,Pinelands Oval A,3,0,,Y,,
43279287,CTTLFA 2026,K4 - Under 16 Division Four,,,K4-02- Cape Town Spurs B,K4-09- Table View B.,20/06/26,Sat,10:50,Cape Town Spurs,Ikamva C,1,0,,Y,,
43279288,CTTLFA 2026,K4 - Under 16 Division Four,,,K4-03- De Beers B.,K4-08- Saxon Rovers B,20/06/26,Sat,10:50,De Beers,Somerset West B,2,1,,Y,,
43279289,CTTLFA 2026,K4 - Under 16 Division Four,,,K4-07- Rygersdal B,K4-05- Northpine United B,20/06/26,Sat,10:50,Rygersdal,Zwaanswyk High School,0,5,,Y,,
43279290,CTTLFA 2026,K4 - Under 16 Division Four,,,K4-10- CR Vasco Da Gama B,K4-06- Norway Parks B,20/06/26,Sat,10:50,Vasco da Gama,Da Gama Park C,0,4,,Y,,
43279291,CTTLFA 2026,K4 - Under 16 Division Four,,,K4-11- Wynberg St Johns B.,K4-01- Bye,20/06/26,Sat,10:50,Wynberg st Johns,Wynberg B,0,0,,Y,,
43279400,CTTLFA 2026,K5 - Under 16 Division Five,,,K5-02- Bothasig B,K5-06- Fish Hoek B.,20/06/26,Sat,10:50,Bothasig,Abe Sher B,0,1,,Y,,
43279401,CTTLFA 2026,K5 - Under 16 Division Five,,,K5-03- Clyde Pinelands B,K5-11- Sunningdale City B,20/06/26,Sat,10:50,Clyde Pinelands,Ringwood Drive B,1,7,,Y,,
43279402,CTTLFA 2026,K5 - Under 16 Division Five,,,K5-04- Durbanville B.,K5-01- Bellville City B.,20/06/26,Sat,10:50,Durbanville,Klazinga Park B,5,0,,Y,,
43279403,CTTLFA 2026,K5 - Under 16 Division Five,,,K5-07- Goodwood United B,K5-05- Edgemead G/W B.,20/06/26,Sat,10:50,Goodwood,Hamilton Road B,0,10,,Y,,
43279404,CTTLFA 2026,K5 - Under 16 Division Five,,,K5-10- Stephanian Ottery B,K5-08- Kuilsriver B.,20/06/26,Sat,10:50,Stephanian Ottery,Stephanian Ottery A,1,1,,Y,,
43805781,CTTLFA 2026,K6 - Under 16 Division Six,,,K6-04- Holy Cross B,K6-03- Brooklyn Superstars,20/06/26,Sat,10:50,Holy Cross,Voortrekker Road,3,3,,Y,,
43805784,CTTLFA 2026,K6 - Under 16 Division Six,,,K6-06- Meadowridge C,K6-02- Bothasig C,20/06/26,Sat,10:50,Meadowridge,Meadowridge B,2,1,,Y,,
43805775,CTTLFA 2026,K6 - Under 16 Division Six,,,K6-09- Table View C,K6-08- Sunningdale City C,20/06/26,Sat,10:50,Table View,Table View C,1,0,,Y,,
43805779,CTTLFA 2026,K6 - Under 16 Division Six,,,K6-10- Shosholoza B,K6-01- Bye.,20/06/26,Sat,10:50,Pelican Heights Sports Ground,Pelican A,0,0,,Y,,
43805783,CTTLFA 2026,K6 - Under 16 Division Six,,,K6-11- Kensington B,K6-05- JMI,20/06/26,Sat,10:50,Kensington,14 Avenue B,1,5,,Y,,
43806877,CTTLFA 2026,K7 - Under 16 Girls Premier One,,,K7-04- Camps Bay,K7-14- Nova Generation,20/06/26,Sat,10:50,Camps Bay,Camps Bay A,7,2,,Y,,
43806873,CTTLFA 2026,K7 - Under 16 Girls Premier One,,,K7-05- Clyde Pinelands,K7-11- Bye.,20/06/26,Sat,10:50,Clyde Pinelands,Ringwood Drive B,0,0,,Y,,
43806876,CTTLFA 2026,K7 - Under 16 Girls Premier One,,,K7-06- Fish Hoek,K7-01- Badgers,20/06/26,Sat,10:50,Fish Hoek,Fish Hoek C,0,0,,Y,,
43806874,CTTLFA 2026,K7 - Under 16 Girls Premier One,,,K7-08- Meadowridge,K7-13- Wynberg St Johns,20/06/26,Sat,10:50,Meadowridge,Meadowridge A,1,2,,Y,,
43806878,CTTLFA 2026,K7 - Under 16 Girls Premier One,,,K7-10- Rygersdal,K7-09- Bye.,20/06/26,Sat,10:50,Rygersdal,Rygersdal B,0,0,,Y,,
43806875,CTTLFA 2026,K7 - Under 16 Girls Premier One,,,K7-15- Norway Parks,K7-02- Bellville City,20/06/26,Sat,10:50,Norway Parks,Royal Road A,1,0,,Y,,
43805778,CTTLFA 2026,K8- Under 16 Division Seven,,,K8-02- Durbanville C,K8-06- Northpine United C,20/06/26,Sat,10:50,Durbanville,Klazinga Park C,0,6,,Y,,
43805776,CTTLFA 2026,K8- Under 16 Division Seven,,,K8-04- Fish Hoek C.,K8-03- Edgemead G/W C,20/06/26,Sat,10:50,Fish Hoek,Fish Hoek B,2,1,,Y,,
43805782,CTTLFA 2026,K8- Under 16 Division Seven,,,K8-09- YMO FC,K8-11- Bye,20/06/26,Sat,10:50,YMO FC,Upper Cambridge A,0,0,,Y,,
43260864,CTTLFA 2026,M3B - Under 14 Premier Three B,,,M3-09- Holy Cross,M3-13- West End United,20/06/26,Sat,10:50,Holy Cross,Holy Cross School A,24,0,,Y,,
43574609,CTTLFA 2026,M8 - Under 14 Girls Premier One,,,M8-01- Bellville City,M8-03- Camps Bay,20/06/26,Sat,10:50,Bellville City,PP Smit Stadium C,1,0,,Y,,
43256707,CTTLFA 2026,K1 - Under 16 Premier One,,,K1-04- FC Kapstadt,K1-07- Hellenic,20/06/26,Sat,11:35,FC Kapstadt,Hartleyvale D,1,2,,Y,,
42989861,CTTLFA 2026,I1 - Under 18 Premier One,,,I1-03- De Beers,I1-02- Cape Town Spurs,20/06/26,Sat,12:30,De Beers,Somerset West A,0,2,,Y,,
42989863,CTTLFA 2026,I1 - Under 18 Premier One,,,I1-05- FN Rangers,I1-11- Table View,20/06/26,Sat,12:30,FN Rangers,FNB Stadium A,0,1,,Y,,
42989862,CTTLFA 2026,I1 - Under 18 Premier One,,,I1-06- Hanover Park,I1-01- Camps Bay,20/06/26,Sat,12:30,Hanover Park,Hanover Park A,5,2,,Y,,
42989860,CTTLFA 2026,I1 - Under 18 Premier One,,,I1-08- Northpine United,I1-09- Norway Parks,20/06/26,Sat,12:30,Northpine United,Central Park A,3,4,,Y,,
42989859,CTTLFA 2026,I1 - Under 18 Premier One,,,I1-12- CR Vasco Da Gama,I1-10- Rygersdal,20/06/26,Sat,12:30,Vasco da Gama,Da Gama Park B,5,1,,Y,,
42990041,CTTLFA 2026,I2 - Under 18 Premier Two,,,I2-01- Clyde Pinelands,I2-10- Stephanian Ottery,20/06/26,Sat,12:30,Clyde Pinelands,Ringwood Drive A,2,2,,Y,,
42990042,CTTLFA 2026,I2 - Under 18 Premier Two,,,I2-02- Durbanville,I2-12- Young Bafana,20/06/26,Sat,12:30,Durbanville,Klazinga Park A,2,1,,Y,,
42990044,CTTLFA 2026,I2 - Under 18 Premier Two,,,I2-03- Edgemead G/W,I2-11- Sunningdale City,20/06/26,Sat,12:30,Edgemead G/W,Edgemead A,2,1,,Y,,
42990040,CTTLFA 2026,I2 - Under 18 Premier Two,,,I2-04- Fish Hoek,I2-07- Meadowridge,20/06/26,Sat,12:30,Fish Hoek,Fish Hoek A,3,1,,Y,,
42990043,CTTLFA 2026,I2 - Under 18 Premier Two,,,I2-05- Kensington,I2-09- Shosholoza,20/06/26,Sat,12:30,Kensington,14 Avenue A,1,0,,Y,,
42990039,CTTLFA 2026,I2 - Under 18 Premier Two,,,I2-08- Saxon Rovers,I2-06- Kuilsriver,20/06/26,Sat,12:30,Saxon Rovers,Maitland A,0,1,,Y,,
43206947,CTTLFA 2026,I3B - Under 18 Premier Three B,,,I3-03- Bothasig,I3-02- Bellville City,20/06/26,Sat,12:30,Bothasig,Abe Sher A,4,0,,Y,,
43206919,CTTLFA 2026,I3B - Under 18 Premier Three B,,,I3-05- Garden Village,I3-14- YSD Macassar,20/06/26,Sat,12:30,Garden Village,Alexander Road,5,2,,Y,,
43206946,CTTLFA 2026,I3B - Under 18 Premier Three B,,,I3-09- Holy Cross,I3-13- West End United,20/06/26,Sat,12:30,Holy Cross,Voortrekker Road,1,1,,Y,,
43804799,CTTLFA 2026,I3 - Under 18 Premier Three,,,I3-11- Ruyterwacht,I3-01- Avendale Athletico,20/06/26,Sat,12:30,Ruyterwacht,Stan Abbott,9,1,,Y,,
43206945,CTTLFA 2026,I3B - Under 18 Premier Three B,,,I3-15- Mutual FC,I3-06- Goodwood United,20/06/26,Sat,12:30,Mutual FC,Pinelands Oval A,1,1,,Y,,
43275104,CTTLFA 2026,I4 - Under 18 Division Four,,,I4-01- Bothasig B,I4-09- CR Vasco Da Gama B,20/06/26,Sat,12:30,Bothasig,Abe Sher B,2,9,,Y,,
43275107,CTTLFA 2026,I4 - Under 18 Division Four,,,I4-02- Cape Town Spurs B,I4-06- Rygersdal B.,20/06/26,Sat,12:30,Cape Town Spurs,Ikamva C,6,2,,Y,,
43275106,CTTLFA 2026,I4 - Under 18 Division Four,,,I4-03- FN Rangers B,I4-10- Wynberg St Johns B.,20/06/26,Sat,12:30,FN Rangers,FNB Stadium B,4,1,,Y,,
43275105,CTTLFA 2026,I4 - Under 18 Division Four,,,I4-04- Northpine United B,I4-08- Table View B,20/06/26,Sat,12:30,Northpine United,Central Park B,4,2,,Y,,
43275108,CTTLFA 2026,I4 - Under 18 Division Four,,,I4-07- Saxon Rovers B,I4-05- Norway Parks B,20/06/26,Sat,12:30,Saxon Rovers,Maitland B,1,4,,Y,,
43805527,CTTLFA 2026,I5 - Under 18 Division Five,,,I5-03- Durbanville B.,I5-06- JMI,20/06/26,Sat,12:30,Durbanville,Klazinga Park B,5,2,,Y,,
43805777,CTTLFA 2026,K8- Under 16 Division Seven,,,K8-05- Meadowridge D,K8-08- Table View D,20/06/26,Sat,12:30,Meadowridge,Meadowridge A,0,0,,Y,,
43805780,CTTLFA 2026,K8- Under 16 Division Seven,,,K8-07- Rygersdal C,K8-10- Lansdowne,20/06/26,Sat,12:30,Rygersdal,Zwaanswyk High School,1,3,,Y,,
42989858,CTTLFA 2026,I1 - Under 18 Premier One,,,I1-04- FC Kapstadt,I1-07- Hellenic,20/06/26,Sat,13:20,FC Kapstadt,Hartleyvale D,3,2,,Y,,
43575446,CTTLFA 2026,D2 - 4th Division,,,D2-02- Bothasig,D2-09- C.R. Vasco Da Gama,20/06/26,Sat,14:00,Bothasig,Abe Sher B,0,3,,Y,,
43575450,CTTLFA 2026,D2 - 4th Division,,,D2-05- Norway Parks,D2-12- Kensington,20/06/26,Sat,14:00,Norway Parks,Royal Road D,3,5,,Y,,
43575445,CTTLFA 2026,D2 - 4th Division,,,D2-11- Shosholoza FC,D2-01- Avendale Athletico,20/06/26,Sat,14:00,Pelican Heights Sports Ground,Pelican A,1,5,,Y,,
43575267,CTTLFA 2026,D3 - 5th Division,,,D3-03- Durbanville,D3-08- Table View,20/06/26,Sat,14:00,Durbanville,Klazinga Park B,1,2,,Y,,
43575265,CTTLFA 2026,D3 - 5th Division,,,D3-05-Bellville City,D3-09- Tramway,20/06/26,Sat,14:00,Bellville City,PP Smit Stadium B,1,3,,Y,,
43575578,CTTLFA 2026,D4 - 6th Division,,,D4-01- Garlandale FC,D4-06- Bye,20/06/26,Sat,14:00,Garlandale,Garlandale A,0,0,,Y,,
43575580,CTTLFA 2026,D4 - 6th Division,,,D4-02- Clyde Pinelands,D4-08- Bothasig,20/06/26,Sat,14:00,Clyde Pinelands,Ringwood Drive B,2,2,,Y,,
43575941,CTTLFA 2026,E1- Vets 035,,,E1-02- Camps Bay,E1-11- C.R. Vasco Da Gama,20/06/26,Sat,14:00,Camps Bay,Camps Bay A,2,3,,Y,,
43262488,CTTLFA 2026,F1 - Vets 040 A,,,F1-02- Edgemead G/W,F1-01- Bellville City,20/06/26,Sat,14:00,Edgemead G/W,Edgemead A,5,0,,Y,,
43575711,CTTLFA 2026,F2 - Vets 040 B,,,F2-04- Goodwood United,F2-07- Bye,20/06/26,Sat,14:00,Goodwood,Hamilton Road B,0,0,,Y,,
43256313,CTTLFA 2026,B2 - First Reserve,,,FR-02- Bothasig,FR-08- Meadowridge,20/06/26,Sat,14:00,Bothasig,Abe Sher A,2,3,,Y,,
43256314,CTTLFA 2026,B2 - First Reserve,,,FR-03- Brooklyn Superstars,FR-01- Bellville City FC,20/06/26,Sat,14:00,Bayview Sports Complex,Brooklyn Bayview Sports Complex A,2,1,,Y,,
43256318,CTTLFA 2026,B2 - First Reserve,,,FR-04- Garden Village,FR-12- Sunningdale City,20/06/26,Sat,14:00,Garden Village,Alexander Road,2,1,,Y,,
43256316,CTTLFA 2026,B2 - First Reserve,,,FR-09- Northpine United,FR-10- Ruyterwacht,20/06/26,Sat,14:00,Northpine United,Central Park A,1,0,,Y,,
43256317,CTTLFA 2026,B2 - First Reserve,,,FR-11- Stephanian Ottery,FR-05- JMI,20/06/26,Sat,14:00,Stephanian Ottery,Stephanian Ottery A,11,0,,Y,,
43806394,CTTLFA 2026,G1 - Vets 045 A,,,G1-03- FN Rangers,G1-08- Bothasig,20/06/26,Sat,14:00,FN Rangers,FNB Stadium C,3,0,,Y,,
43806389,CTTLFA 2026,G1 - Vets 045 A,,,G1-05- Meadowridge,G1-09- Garden Village,20/06/26,Sat,14:00,Meadowridge,Meadowridge A,2,1,,Y,,
43806392,CTTLFA 2026,G1 - Vets 045 A,,,G1-06- Saxon Rovers,G1-07- Tramway,20/06/26,Sat,14:00,Saxon Rovers,Maitland A,0,2,,Y,,
43806391,CTTLFA 2026,G1 - Vets 045 A,,,G1-11- Lansdowne,G1-01- De Beers,20/06/26,Sat,14:00,Lansdowne,Chukker Road A,1,6,,Y,,
43262926,CTTLFA 2026,G4 - Vets 050 A,,,G4-07- Stephanian Ottery,G4-04- Hanover Park,20/06/26,Sat,14:00,Hanover Park,Hanover Park B,0,2,,Y,,
43262806,CTTLFA 2026,G5 - Vets 050 B,,,G5-05- Everton United,G5-04- Edgemead G/W,20/06/26,Sat,14:00,Heideveld Astro,Astro A,4,2,,Y,,
43262802,CTTLFA 2026,G5 - Vets 050 B,,,G5-08- Lansdowne,G5-03- Durbanville,20/06/26,Sat,14:00,Lansdowne,Chukker Road B,1,4,,Y,,
43575106,CTTLFA 2026,G6 - Vets O50 C,,,G6-01- Avendale Athletico,G6-06- Tramway B,20/06/26,Sat,14:00,Avendale Athletico,Field Crescent A,3,2,,Y,,
43575107,CTTLFA 2026,G6 - Vets O50 C,,,G6-02- Hanover Park C,G6-11- Bye,20/06/26,Sat,14:00,Hanover Park,Hanover Park B,0,0,,Y,,
43575104,CTTLFA 2026,G6 - Vets O50 C,,,G6-03- West End United C,G6-09- YMO FC,20/06/26,Sat,14:00,West End United,West End Park B,1,2,,Y,,
43575105,CTTLFA 2026,G6 - Vets O50 C,,,G6-10- Saxon Rovers,G6-08- Wynberg St Johns,20/06/26,Sat,14:00,Saxon Rovers,Maitland B,2,0,,Y,,
43256133,CTTLFA 2026,A2 - Premier Reserve,,,PR-01- Durbanville,PR-02- Edgemead G/W,20/06/26,Sat,14:00,Durbanville,Klazinga Park A,1,4,,Y,,
43256134,CTTLFA 2026,A2 - Premier Reserve,,,PR-04- FN Rangers,PR-10- Saxon Rovers,20/06/26,Sat,14:00,FN Rangers,FNB Stadium A,1,2,,Y,,
43256135,CTTLFA 2026,A2 - Premier Reserve,,,PR-05- Green Point Salesians,PR-13- C.R. Vasco Da Gama,20/06/26,Sat,14:00,Green Point,Green Point A,1,2,,Y,,
43256136,CTTLFA 2026,A2 - Premier Reserve,,,PR-07- Holy Cross,PR-03- Fish Hoek,20/06/26,Sat,14:00,Holy Cross,Voortrekker Road,1,0,,Y,,
43256137,CTTLFA 2026,A2 - Premier Reserve,,,PR-09- Rygersdal,PR-11- Table View,20/06/26,Sat,14:00,U C T,U C T,2,3,,Y,,
43256138,CTTLFA 2026,A2 - Premier Reserve,,,PR-14- Wynberg St Johns,PR-08- Norway Parks,20/06/26,Sat,14:00,Wynberg st Johns,Wynberg A,2,1,,Y,,
43256504,CTTLFA 2026,C2 - Second Reserve,,,SR-04- Chelsea Bridgetown,SR-13- Varsity College,20/06/26,Sat,14:00,Chelsea,Hickory Road A,3,2,,Y,,
43256505,CTTLFA 2026,C2 - Second Reserve,,,SR-05- Clyde Pinelands,SR-16- YSD Macassar,20/06/26,Sat,14:00,Clyde Pinelands,Ringwood Drive A,3,2,,Y,,
43256506,CTTLFA 2026,C2 - Second Reserve,,,SR-06- De Beers,SR-03- Camps Bay,20/06/26,Sat,14:00,De Beers,Somerset West A,3,3,,Y,,
43256507,CTTLFA 2026,C2 - Second Reserve,,,SR-08- Bye,SR-10- Hellenic,20/06/26,Sat,14:00,Bye,#1,0,0,,Y,,
43256508,CTTLFA 2026,C2 - Second Reserve,,,SR-09- Goodwood United,SR-12- Queens Park,20/06/26,Sat,14:00,Goodwood,Hamilton Road A,1,3,,Y,,
43256509,CTTLFA 2026,C2 - Second Reserve,,,SR-11- Mutual FC,SR-14- West End United,20/06/26,Sat,14:00,Mutual FC,Pinelands Oval A,1,0,,Y,,
43256510,CTTLFA 2026,C2 - Second Reserve,,,SR-15- Young Bafana,SR-01- Avendale Athletico,20/06/26,Sat,14:00,Young Bafana,YB Arena A,3,0,Home Walkover,Y,,
43806390,CTTLFA 2026,G1 - Vets 045 A,,,G1-12- Table View,G1-10- Holy Cross,20/06/26,Sat,15:00,Table View,Table View B,2,0,,Y,,
43575579,CTTLFA 2026,D4 - 6th Division,,,D4-07- Rygersdal,D4-11- Edgemead G/W,20/06/26,Sat,15:30,Rygersdal,Allenby Drive Sports Complex,5,3,,Y,,
43262801,CTTLFA 2026,G5 - Vets 050 B,,,G5-07- Hanover Park B,G5-02- Bye.,20/06/26,Sat,15:30,Hanover Park,Hanover Park C,0,0,,Y,,
43575263,CTTLFA 2026,D1 - 3rd Division,,,D1-03- Durbanville,D1-08- Table View,20/06/26,Sat,15:45,Durbanville,Klazinga Park B,4,2,,Y,,
43575261,CTTLFA 2026,D1 - 3rd Division,,,D1-04- Edgemead G/W,D1-05- Garden Village,20/06/26,Sat,15:45,Edgemead G/W,Edgemead A,1,0,,Y,,
43575266,CTTLFA 2026,D1 - 3rd Division,,,D1-09- C.R. Vasco Da Gama,D1-02- Bothasig,20/06/26,Sat,15:45,Vasco da Gama,Da Gama Park B,2,0,,Y,,
43575259,CTTLFA 2026,D1 - 3rd Division,,,D1-10- Wynberg St Johns,D1-01- Bellville City FC,20/06/26,Sat,15:45,Wynberg st Johns,Wynberg B,1,3,,Y,,
43575262,CTTLFA 2026,D1 - 3rd Division,,,D1-11- Shosholoza FC,D1-06- Green Point Salesians,20/06/26,Sat,15:45,Pelican Heights Sports Ground,Pelican A,2,1,,Y,,
43575449,CTTLFA 2026,D2 - 4th Division,,,D2-08- Table View,D2-04- Fish Hoek,20/06/26,Sat,15:45,Table View,Table View A,4,3,,Y,,
43575264,CTTLFA 2026,D3 - 5th Division,,,D3-02- Clyde Pinelands,D3-06- Mutual FC,20/06/26,Sat,15:45,Clyde Pinelands,Ringwood Drive B,9,0,,Y,,
43575260,CTTLFA 2026,D3 - 5th Division,,,D3-11- Hanover Park,D3-04- Edgemead G/W,20/06/26,Sat,15:45,Hanover Park,Hanover Park A,2,2,,Y,,
43575582,CTTLFA 2026,D4 - 6th Division,,,D4-12- Lansdowne,D4-10- Sunningdale City,20/06/26,Sat,15:45,Lansdowne,Chukker Road A,4,0,,Y,,
43575948,CTTLFA 2026,E1- Vets 035,,,E1-02- Camps Bay,E1-09- Bye,20/06/26,Sat,15:45,Camps Bay,Camps Bay A,0,0,,Y,,
43575946,CTTLFA 2026,E1- Vets 035,,,E1-05- Goodwood United,E1-07- Kensington,20/06/26,Sat,15:45,Goodwood,Hamilton Road B,1,1,,Y,,
43575949,CTTLFA 2026,E1- Vets 035,,,E1-08- Ruyterwacht,E1-06- Hanover Park,20/06/26,Sat,15:45,Ruyterwacht,Stan Abbott,2,2,,Y,,
43575833,CTTLFA 2026,E2- Vets 035 B,,,E2-09- Tramway,E2-12- Clyde Pinelands B,20/06/26,Sat,15:45,Tramway,Groenewald Park A,2,1,,Y,,
43575837,CTTLFA 2026,E2- Vets 035 B,,,E2-13- Cape Town Spurs,E2-06- FN Rangers B,20/06/26,Sat,15:45,Cape Town Spurs,Ikamva A,1,2,,Y,,
43262492,CTTLFA 2026,F1 - Vets 040 A,,,F1-04- FN Rangers,F1-08- Stephanian Ottery,20/06/26,Sat,15:45,FN Rangers,FNB Stadium B,5,0,,Y,,
43575715,CTTLFA 2026,F2 - Vets 040 B,,,F2-03- Garlandale,F2-06- Kuilsriver,20/06/26,Sat,15:45,Garlandale,Garlandale B,0,8,,Y,,
42990236,CTTLFA 2026,B1 - First Division,,,FD-02- Bothasig,FD-08- Meadowridge,20/06/26,Sat,15:45,Bothasig,Abe Sher A,2,0,,Y,,
42990233,CTTLFA 2026,B1 - First Division,,,FD-03- Brooklyn Superstars,FD-01- Bellville City FC,20/06/26,Sat,15:45,Bayview Sports Complex,Brooklyn Bayview Sports Complex A,0,3,,Y,,
42990231,CTTLFA 2026,B1 - First Division,,,FD-04- Garden Village,FD-12- Sunningdale City,20/06/26,Sat,15:45,Garden Village,Alexander Road,3,2,,Y,,
42990235,CTTLFA 2026,B1 - First Division,,,FD-09- Northpine United,FD-10- Ruyterwacht,20/06/26,Sat,15:45,Northpine United,Central Park A,4,0,,Y,,
42990232,CTTLFA 2026,B1 - First Division,,,FD-11- Stephanian Ottery,FD-05- JMI,20/06/26,Sat,15:45,Stephanian Ottery,Stephanian Ottery A,1,0,,Y,,
43262925,CTTLFA 2026,G4 - Vets 050 A,,,G4-09- West End United A,G4-01- Clyde Pinelands,20/06/26,Sat,15:45,West End United,West End Park B,6,0,,Y,,
42996946,CTTLFA 2026,A1 - Premier Division,,,PD-01- Durbanville,PD-02- Edgemead G/W,20/06/26,Sat,15:45,Durbanville,Klazinga Park A,1,1,,Y,,
42996944,CTTLFA 2026,A1 - Premier Division,,,PD-04- FN Rangers,PD-10- Saxon Rovers,20/06/26,Sat,15:45,FN Rangers,FNB Stadium A,4,2,,Y,,
42996943,CTTLFA 2026,A1 - Premier Division,,,PD-05- Green Point Salesians,PD-13- C.R. Vasco Da Gama,20/06/26,Sat,15:45,Green Point,Green Point A,1,1,,Y,,
42996942,CTTLFA 2026,A1 - Premier Division,,,PD-07- Holy Cross,PD-03- Fish Hoek,20/06/26,Sat,15:45,Holy Cross,Voortrekker Road,1,0,,Y,,
42996948,CTTLFA 2026,A1 - Premier Division,,,PD-09- Rygersdal,PD-11- Table View,20/06/26,Sat,15:45,U C T,U C T,5,2,,Y,,
42996945,CTTLFA 2026,A1 - Premier Division,,,PD-14- Wynberg St Johns,PD-08- Norway Parks,20/06/26,Sat,15:45,Wynberg st Johns,Wynberg A,3,0,,Y,,
43206570,CTTLFA 2026,C1 - Second Division,,,SD-04- Chelsea Bridgetown,SD-13- Varsity College,20/06/26,Sat,15:45,Chelsea,Hickory Road A,7,0,,Y,,
43206569,CTTLFA 2026,C1 - Second Division,,,SD-05- Clyde Pinelands,SD-16- YSD Macassar,20/06/26,Sat,15:45,Clyde Pinelands,Ringwood Drive A,1,0,,Y,,
43206564,CTTLFA 2026,C1 - Second Division,,,SD-06- De Beers,SD-03- Camps Bay,20/06/26,Sat,15:45,De Beers,Somerset West A,3,3,,Y,,
43206567,CTTLFA 2026,C1 - Second Division,,,SD-08- Bye,SD-10- Hellenic,20/06/26,Sat,15:45,Bye,#1,0,0,,Y,,
43206565,CTTLFA 2026,C1 - Second Division,,,SD-09- Goodwood United,SD-12- Queens Park,20/06/26,Sat,15:45,Goodwood,Hamilton Road A,4,4,,Y,,
43206568,CTTLFA 2026,C1 - Second Division,,,SD-11- Mutual FC,SD-14- West End United,20/06/26,Sat,15:45,Mutual FC,Pinelands Oval A,1,1,,Y,,
43206571,CTTLFA 2026,C1 - Second Division,,,SD-15- Young Bafana,SD-01- Avendale Athletico,20/06/26,Sat,15:45,Young Bafana,YB Arena A,3,0,,Y,,
43256956,CTTLFA 2026,O1 - Under 12 Premier One,,,O1-01- Camps Bay,O1-13- Wynberg St Johns,21/06/26,Sun,08:15,Camps Bay,Maidens Cove,1,1,,Y,,
43256800,CTTLFA 2026,M1 - Under 14 Premier One,,,M1-01- Camps Bay,M1-13- Wynberg St Johns,21/06/26,Sun,09:30,Camps Bay,Maidens Cove,3,2,,Y,,
43256644,CTTLFA 2026,K1 - Under 16 Premier One,,,K1-01- Camps Bay,K1-13- Wynberg St Johns,21/06/26,Sun,10:50,Camps Bay,Maidens Cove,2,0,,Y,,
43331118,CTTLFA 2026,O6 - Under 12 Division Six,,,O6-04- FC Kapstadt B,O6-02- Brooklyn Superstars,21/06/26,Sun,11:00,FC Kapstadt,Malta Park Astro,2,1,,Y,,
42989799,CTTLFA 2026,I1 - Under 18 Premier One,,,I1-01- Camps Bay,I1-13- Wynberg St Johns,21/06/26,Sun,12:30,Camps Bay,Maidens Cove,2,0,,Y,,
43272873,CTTLFA 2026,M6 - Under 14 Division Six,,,M6-06- FC Kapstadt B,M6-08- Holy Cross B.,21/06/26,Sun,12:30,FC Kapstadt,Malta Park Astro,3,0,,Y,,
43256410,CTTLFA 2026,C2 - Second Reserve,,,SR-07- FC Kapstadt,SR-15- Young Bafana,21/06/26,Sun,14:00,FC Kapstadt,Malta Park Astro,0,4,,Y,,
43256435,CTTLFA 2026,C2 - Second Reserve,,,SR-11- Mutual FC,SR-02- Barmsley Spurs,21/06/26,Sun,14:00,Mutual FC,Pinelands Oval A,3,0,,Y,,
43256421,CTTLFA 2026,C2 - Second Reserve,,,SR-12- Queens Park,SR-01- Avendale Athletico,21/06/26,Sun,14:00,Queens Park,10 Dongel Road Milnerton,0,3,,Y,,
43575183,CTTLFA 2026,D3 - 5th Division,,,D3-06- Mutual FC,D3-10- C.R. Vasco Da Gama,21/06/26,Sun,15:45,Mutual FC,Pinelands Oval B,1,6,,Y,,
43206472,CTTLFA 2026,C1 - Second Division,,,SD-07- FC Kapstadt,SD-15- Young Bafana,21/06/26,Sun,15:45,FC Kapstadt,Malta Park Astro,0,4,,Y,,
43206494,CTTLFA 2026,C1 - Second Division,,,SD-11- Mutual FC,SD-02- Barmsley Spurs,21/06/26,Sun,15:45,Mutual FC,Pinelands Oval A,0,2,,Y,,
43206480,CTTLFA 2026,C1 - Second Division,,,SD-12- Queens Park,SD-01- Avendale Athletico,21/06/26,Sun,15:45,Queens Park,10 Dongel Road Milnerton,2,2,,Y,,
43575583,CTTLFA 2026,D4 - 6th Division,,,D4-09- Stephanian Ottery,D4-04- Holy Cross,22/06/26,Mon,20:00,Stephanian Ottery,Stephanian Ottery A,4,2,,Y,,
43317312,CTTLFA 2026,H2 - Womens First Division,,,H2-05- Kuilsriver,H2-01- Badgers B.,23/06/26,Tue,19:00,Serepta Sports Ground,Serepta Sports Ground A,3,1,,Y,,
43575448,CTTLFA 2026,D2 - 4th Division,,,D2-10- Wynberg St Johns,D2-06- Ruyterwacht,24/06/26,Wed,19:30,Wynberg st Johns,Wynberg B,1,1,,Y,,
43575921,CTTLFA 2026,E1- Vets 035,,,E1-11- C.R. Vasco Da Gama,E1-06- Hanover Park,24/06/26,Wed,19:30,Vasco da Gama,Da Gama Park A,3,2,,Y,,
43575109,CTTLFA 2026,G6 - Vets O50 C,,,G6-06- Tramway B,G6-10- Saxon Rovers,24/06/26,Wed,20:00,Tramway,Groenewald Park A,2,0,,Y,,
43575270,CTTLFA 2026,D1 - 3rd Division,,,D1-02- Bothasig,D1-03- Durbanville,24/06/26,Wed,20:30,Bothasig,Abe Sher A,0,3,,Y,,
43575842,CTTLFA 2026,E2- Vets 035 B,,,E2-11- Turfhall,E2-03- Green Point Salesians,24/06/26,Wed,20:30,Green Point,Green Point A,1,4,,Y,,
43575840,CTTLFA 2026,E2- Vets 035 B,,,E2-12- Clyde Pinelands B,E2-10- Wynberg St Johns,24/06/26,Wed,20:30,Clyde Pinelands,Ringwood Drive B,1,5,,Y,,
43256820,CTTLFA 2026,M1 - Under 14 Premier One,,,M1-04- FC Kapstadt,M1-05- FN Rangers,25/06/26,Thu,18:30,FC Kapstadt,Hartleyvale A,1,0,,Y,,
43262499,CTTLFA 2026,F1 - Vets 040 A,,,F1-07- Rygersdal,F1-03- Fish Hoek,25/06/26,Thu,19:00,U C T,U C T,3,0,,Y,,
43256319,CTTLFA 2026,B2 - First Reserve,,,FR-01- Bellville City FC,FR-02- Bothasig,25/06/26,Thu,19:00,Bellville City,PP Smit Stadium A,3,2,,Y,,
42990048,CTTLFA 2026,I2 - Under 18 Premier Two,,,I2-04- Fish Hoek,I2-09- Shosholoza,25/06/26,Thu,19:00,Fish Hoek,Fish Hoek A,1,1,,Y,,
43575447,CTTLFA 2026,D2 - 4th Division,,,D2-07- Rygersdal,D2-03- Edgemead G/W,25/06/26,Thu,20:30,U C T,U C T,1,4,,Y,,
43262500,CTTLFA 2026,F1 - Vets 040 A,,,F1-05- Hanover Park,F1-06- Norway Parks,25/06/26,Thu,20:30,Hanover Park,Hanover Park A,4,0,,Y,,
42990237,CTTLFA 2026,B1 - First Division,,,FD-01- Bellville City FC,FD-02- Bothasig,25/06/26,Thu,20:30,Bellville City,PP Smit Stadium A,3,2,,Y,,
43262931,CTTLFA 2026,G4 - Vets 050 A,,,G4-01- Clyde Pinelands,G4-02- Fish Hoek,25/06/26,Thu,20:30,Clyde Pinelands,Ringwood Drive A,0,4,,Y,,
43806398,CTTLFA 2026,G1 - Vets 045 A,,,G1-09- Garden Village,G1-02-Edgemead G/W,26/06/26,Fri,19:00,Garden Village,Alexander Road,1,2,,Y,,
43262932,CTTLFA 2026,G4 - Vets 050 A,,,G4-05- Holy Cross,G4-07- Stephanian Ottery,26/06/26,Fri,19:00,Holy Cross,Voortrekker Road,2,3,,Y,,
43575111,CTTLFA 2026,G6 - Vets O50 C,,,G6-08- Wynberg St Johns,G6-04- Stephanian Ottery B,26/06/26,Fri,19:00,Wynberg st Johns,Wynberg B,4,1,,Y,,
43575112,CTTLFA 2026,G6 - Vets O50 C,,,G6-11- Bye,G6-01- Avendale Athletico,26/06/26,Fri,19:00,Bye,#1,0,0,,Y,,
43806555,CTTLFA 2026,H1 - Womens Premier League,,,H1-02- Bellville City,H1-06- Green Point Salesians,26/06/26,Fri,19:00,Bellville City,PP Smit Stadium C,1,3,,Y,,
43806552,CTTLFA 2026,H1 - Womens Premier League,,,H1-09- Northpine United,H1-04- Fish Hoek,26/06/26,Fri,19:00,Northpine United,Central Park A,0,8,,Y,,
43317316,CTTLFA 2026,H2 - Womens First Division,,,H2-03- Green Point Salesians B,H2-05- Kuilsriver,26/06/26,Fri,19:00,Green Point,Green Point A,0,2,,Y,,
43317318,CTTLFA 2026,H2 - Womens First Division,,,H2-12- Hanover Park,H2-09- Stephanian Ottery,26/06/26,Fri,19:00,Hanover Park,Hanover Park A,2,0,,Y,,
43575841,CTTLFA 2026,E2- Vets 035 B,,,E2-02- Durbanville,E2-09- Tramway,26/06/26,Fri,19:30,Durbanville,Klazinga Park A,4,0,,Y,,
43262497,CTTLFA 2026,F1 - Vets 040 A,,,F1-08- Stephanian Ottery,F1-02- Edgemead G/W,26/06/26,Fri,19:30,Stephanian Ottery,Stephanian Ottery A,0,0,,Y,,
43262502,CTTLFA 2026,F1 - Vets 040 A,,,F1-10- C.R. Vasco Da Gama,F1-04- FN Rangers,26/06/26,Fri,19:30,Vasco da Gama,Da Gama Park A,2,1,,Y,,
43806396,CTTLFA 2026,G1 - Vets 045 A,,,G1-08- Bothasig,G1-06- Saxon Rovers,26/06/26,Fri,19:30,Bothasig,Abe Sher B,2,1,,Y,,
43262810,CTTLFA 2026,G5 - Vets 050 B,,,G5-03- Durbanville,G5-10- West End United B,26/06/26,Fri,19:30,Durbanville,Klazinga Park B,5,2,,Y,,
43575452,CTTLFA 2026,D2 - 4th Division,,,D2-01- Avendale Athletico,D2-02- Bothasig,26/06/26,Fri,20:00,Avendale Athletico,Field Crescent A,5,1,,Y,,
43575838,CTTLFA 2026,E2- Vets 035 B,,,E2-06- FN Rangers B,E2-01- Bellville City,26/06/26,Fri,20:00,Bellville City,PP Smit Stadium B,6,2,,Y,,
43262503,CTTLFA 2026,F1 - Vets 040 A,,,F1-01- Bellville City,F1-09- Sunningdale City,26/06/26,Fri,20:00,Bellville City,PP Smit Stadium A,4,2,,Y,,
43575277,CTTLFA 2026,D1 - 3rd Division,,,D1-05- Garden Village,D1-10- Wynberg St Johns,26/06/26,Fri,20:30,Garden Village,Alexander Road,5,2,,Y,,
43575273,CTTLFA 2026,D1 - 3rd Division,,,D1-06- Green Point Salesians,D1-07- Saxon Rovers,26/06/26,Fri,20:30,Green Point,Green Point A,0,0,,Y,,
43575271,CTTLFA 2026,D3 - 5th Division,,,D3-09- Tramway,D3-10- C.R. Vasco Da Gama,26/06/26,Fri,20:30,Tramway,Groenewald Park A,1,3,,Y,,
43575588,CTTLFA 2026,D4 - 6th Division,,,D4-04- Holy Cross,D4-01- Garlandale FC,26/06/26,Fri,20:30,Holy Cross,Voortrekker Road,5,1,,Y,,
43575586,CTTLFA 2026,D4 - 6th Division,,,D4-06- Bye,D4-03- De Beers,26/06/26,Fri,20:30,Paddock Road A,Queens Park Paddock A,0,0,,Y,,
43575950,CTTLFA 2026,E1- Vets 035,,,E1-07- Kensington,E1-08- Ruyterwacht,26/06/26,Fri,20:30,Kensington,14 Avenue A,2,2,,Y,,
43575716,CTTLFA 2026,F2 - Vets 040 B,,,F2-02- Bothasig,F2-03- Garlandale,26/06/26,Fri,20:30,Bothasig,Abe Sher A,5,1,,Y,,
43575721,CTTLFA 2026,F2 - Vets 040 B,,,F2-06- Kuilsriver,F2-01- Avendale Athletico,26/06/26,Fri,20:30,Serepta Sports Ground,Serepta Sports Ground A,1,2,,Y,,
43575717,CTTLFA 2026,F2 - Vets 040 B,,,F2-09- Wynberg St Johns,F2-12- Sunningdale City B,26/06/26,Fri,20:30,Wynberg st Johns,Wynberg B,2,4,,Y,,
43262929,CTTLFA 2026,G4 - Vets 050 A,,,G4-04- Hanover Park,G4-06- Rygersdal,26/06/26,Fri,20:30,Hanover Park,Hanover Park A,9,0,,Y,,
44159107,CTTLFA 2026,,U/12 Premier One Knockout 2026,,O1-05- FN Rangers,O1-04- FC Kapstadt,27/06/26,Sat,08:15,FN Rangers,FNB Stadium A,1,0,,Y,,
43979958,CTTLFA 2026,,U/12 Premier One Knockout 2026,,O1-08- Northpine United,O1-03- De Beers,27/06/26,Sat,08:15,Northpine United,Central Park A,2,3,,Y,,
43978713,CTTLFA 2026,,U/12 Premier One Knockout 2026,,O1-09- Norway Parks,O1-10- Rygersdal,27/06/26,Sat,08:15,Norway Parks,Royal Road A,2,1,,Y,,
43890458,CTTLFA 2026,,U/12 Premier One Knockout 2026,,O1-12- CR Vasco Da Gama,O1-07- Hellenic,27/06/26,Sat,08:15,Vasco da Gama,Da Gama Park B,0,2,,Y,,
43979980,CTTLFA 2026,,U/12 Premier Two Knockout 2026,,O2-03- Edgemead G/W,O2-08- Saxon Rovers,27/06/26,Sat,08:15,Edgemead G/W,Edgemead A,1,1,,Y,,
43890422,CTTLFA 2026,,U/12 Premier Two Knockout 2026,,O2-07- Meadowridge,O2-10- Stephanian Ottery,27/06/26,Sat,08:15,Meadowridge,Meadowridge A,3,2,,Y,,
43979158,CTTLFA 2026,,U/12 Division Four Knockout 2026,,O4-02- Cape Town Spurs B,O4-04- FN Rangers B,27/06/26,Sat,08:15,Cape Town Spurs,Ikamva C,1,1,,Y,,
43890409,CTTLFA 2026,,U/12 Division Four Knockout 2026,,O4-06- Norway Parks B,O4-03- De Beers B.,27/06/26,Sat,08:15,Norway Parks,Royal Road C,8,1,,Y,,
43890403,CTTLFA 2026,,U/12 Division Five Knockout 2026,,O5-04- Durbanville B.,O5-06- Fish Hoek B.,27/06/26,Sat,08:15,Durbanville,Klazinga Park A,0,0,,Y,,
43979811,CTTLFA 2026,,U/12 Division Five Knockout 2026,,O5-05- Edgemead G/W B.,O5-11- Sunningdale City B,27/06/26,Sat,08:15,Edgemead G/W,Edgemead C,4,3,,Y,,
43890404,CTTLFA 2026,,U/12 Division Five Knockout 2026,,O5-08- Kuilsriver B.,O5-07- Goodwood United B,27/06/26,Sat,08:15,Serepta Sports Ground,Serepta Sports Ground B,2,4,,Y,,
43975220,CTTLFA 2026,,U/12 Division Five Knockout 2026,,O5-10- Stephanian Ottery B,O5-02- Bothasig B,27/06/26,Sat,08:15,Stephanian Ottery,Stephanian Ottery A,1,2,,Y,,
43890399,CTTLFA 2026,,U/12 Division Six Knockout 2026,,O6-05- Fish Hoek C,O6-08- Stephanian Ottery C,27/06/26,Sat,08:15,Fish Hoek,Fish Hoek B,0,2,,Y,,
43890398,CTTLFA 2026,,U/12 Division Six Knockout 2026,,O6-06- Grass Boots B,O6-07- Meadowridge C,27/06/26,Sat,08:15,Grass Boots,"Van Riebeeck Park, Sidmouth Road A",7,4,,Y,,
43978735,CTTLFA 2026,,U/12 Division Seven Knockout 2026,,O8-06- Rygersdal C,O8-08- Wynberg St Johns C,27/06/26,Sat,08:15,Rygersdal,Zwaanswyk High School,4,2,,Y,,
43890384,CTTLFA 2026,,U/12 Division Seven Knockout 2026,,O8-03- Mutual B,O8-07- Tramway B,27/06/26,Sat,09:00,Mutual FC,Pinelands Oval B,2,0,,Y,,
43975240,CTTLFA 2026,,U/14 Premier One Knockout 2026,,M1-09- Norway Parks,M1-08- Northpine United,27/06/26,Sat,09:30,Norway Parks,Royal Road A,4,5,,Y,,
43978524,CTTLFA 2026,,U/14 Premier One Knockout 2026,,M1-11- Table View,M1-02- Cape Town Spurs,27/06/26,Sat,09:30,Table View,Table View A,5,4,,Y,,
43890503,CTTLFA 2026,,U/14 Premier One Knockout 2026,,M1-12- CR Vasco Da Gama,M1-07- Hellenic,27/06/26,Sat,09:30,Vasco da Gama,Da Gama Park B,0,4,,Y,,
43986855,CTTLFA 2026,,U/14 Premier Two Knockout 2026,,M2-05- Kensington,M2-12- Young Bafana,27/06/26,Sat,09:30,Kensington,14 Avenue A,0,0,,Y,,
43975219,CTTLFA 2026,,U/14 Premier Two Knockout 2026,,M2-06- Kuilsriver,M2-02- Durbanville,27/06/26,Sat,09:30,Serepta Sports Ground,Serepta Sports Ground B,2,1,,Y,,
43890497,CTTLFA 2026,,U/14 Premier Two Knockout 2026,,M2-08- Saxon Rovers,M2-10- Stephanian Ottery,27/06/26,Sat,09:30,Saxon Rovers,Maitland A,1,1,,Y,,
43890496,CTTLFA 2026,,U/14 Premier Two Knockout 2026,,M2-11- Sunningdale City,M2-03- Edgemead G/W,27/06/26,Sat,09:30,Sunningdale City,Sunningdale A,2,1,,Y,,
43975283,CTTLFA 2026,,U/14 Division Four Knockout 2026,,M4-04- FN Rangers B,M4-07- Rygersdal B,27/06/26,Sat,09:30,FN Rangers,FNB Stadium A,2,1,,Y,,
43979959,CTTLFA 2026,,U/14 Division Four Knockout 2026,,M4-06- Norway Parks B,M4-03- De Beers B.,27/06/26,Sat,09:30,Norway Parks,Royal Road C,2,4,,Y,,
43890484,CTTLFA 2026,,U/14 Division Four Knockout 2026,,M4-08- Saxon Rovers B.,M4-11- Wynberg St Johns B.,27/06/26,Sat,09:30,Saxon Rovers,Maitland B,1,1,,Y,,
43890483,CTTLFA 2026,,U/14 Division Four Knockout 2026,,M4-10- CR Vasco Da Gama B,M4-05- Northpine United B,27/06/26,Sat,09:30,Vasco da Gama,Da Gama Park C,3,1,,Y,,
43890478,CTTLFA 2026,,U/14 Division Five Knockout 2026,,M5-03- Clyde Pinelands B,M5-01- Bellville City B.,27/06/26,Sat,09:30,Clyde Pinelands,Ringwood Drive A,4,2,,Y,,
43890479,CTTLFA 2026,,U/14 Division Five Knockout 2026,,M5-04- Durbanville B.,M5-08- Kuilsriver B.,27/06/26,Sat,09:30,Durbanville,Klazinga Park A,1,2,,Y,,
43975039,CTTLFA 2026,,U/14 Division Five Knockout 2026,,M5-05- Edgemead G/W B.,M5-09- Meadowridge B.,27/06/26,Sat,09:30,Edgemead G/W,Edgemead A,2,0,,Y,,
43979813,CTTLFA 2026,,U/14 Division Five Knockout 2026,,M5-11- Sunningdale City B,M5-02- Bothasig B,27/06/26,Sat,09:30,Sunningdale City,Sunningdale B,4,2,,Y,,
43986638,CTTLFA 2026,,U/14 Division Six Knockout 2026,,M6-03- Bye,M6-09- JMI,27/06/26,Sat,09:30,Bye,#1,0,3,,Y,,
43890472,CTTLFA 2026,,U/14 Division Six Knockout 2026,,M6-05- Edgemead G/W C,M6-04- Kensington B,27/06/26,Sat,09:30,Edgemead G/W,Edgemead C,2,0,,Y,,
43890474,CTTLFA 2026,,U/14 Division Six Knockout 2026,,M6-06- FC Kapstadt B,M6-02- Brooklyn Superstars,27/06/26,Sat,09:30,FC Kapstadt,Hartleyvale D,3,0,,Y,,
43890473,CTTLFA 2026,,U/14 Division Six Knockout 2026,,M6-07- Hellenic B,M6-08- Holy Cross B.,27/06/26,Sat,09:30,Hellenic,Tygerhof Sports Complex A,1,0,,Y,,
43890468,CTTLFA 2026,,U/14 Division Seven Knockout 2026,,M7-01- Bothasig C,M7-10- Lansdowne,27/06/26,Sat,09:30,Bothasig,Abe Sher D,5,5,,Y,,
43890469,CTTLFA 2026,,U/14 Division Seven Knockout 2026,,M7-03- Meadowridge C,M7-04- Northpine United C,27/06/26,Sat,09:30,Meadowridge,Meadowridge A,1,3,,Y,,
43890470,CTTLFA 2026,,U/14 Division Seven Knockout 2026,,M7-09- Durbanville C,M7-07- Table View C,27/06/26,Sat,09:30,Durbanville,Klazinga Park B,4,1,,Y,,
43890465,CTTLFA 2026,,U/14 Girls Premier Knockout 2026,,M8-02- Bothasig,M8-05- Meadowridge,27/06/26,Sat,09:30,Bothasig,Abe Sher B,0,3,,Y,,
43890466,CTTLFA 2026,,U/14 Girls Premier Knockout 2026,,M8-03- Camps Bay,M8-06- Norway Parks,27/06/26,Sat,09:30,Camps Bay,Camps Bay A,9,0,,Y,,
43984714,CTTLFA 2026,,U/14 Girls Premier Knockout 2026,,M8-09- Stephanian Ottery,M8-04- Fish Hoek,27/06/26,Sat,09:30,Stephanian Ottery,Stephanian Ottery A,1,4,,Y,,
43997039,CTTLFA 2026,,U/14 Girls Premier Knockout 2026,,M8-12- Hout Bay,M8-11- Wynberg St Johns,27/06/26,Sat,09:30,Chukker Sports Complex,#1,3,0,,Y,,
43890462,CTTLFA 2026,,U/14 Division Eight Knockout 2026,,M9-01- Bellville City C,M9-09- Garlandale B,27/06/26,Sat,09:30,Bellville City,PP Smit Stadium C,0,10,,Y,,
43890461,CTTLFA 2026,,U/14 Division Eight Knockout 2026,,M9-02- Bothasig D,M9-08- Table View D,27/06/26,Sat,09:30,Bothasig,Abe Sher C,2,6,,Y,,
43890460,CTTLFA 2026,,U/14 Division Eight Knockout 2026,,M9-03- Edgemead G/W D,M9-04- Tramway,27/06/26,Sat,09:30,Edgemead G/W,Edgemead D,0,6,,Y,,
43975043,CTTLFA 2026,,U/14 Division Eight Knockout 2026,,M9-06- Northpine United D,M9-05- Meadowridge D,27/06/26,Sat,09:30,Northpine United,Central Park A,3,0,,Y,,
43986853,CTTLFA 2026,,U/12 Premier Two Knockout 2026,,O2-04- Fish Hoek,O2-11- Sunningdale City,27/06/26,Sat,09:30,Fish Hoek,Fish Hoek A,1,4,,Y,,
43890421,CTTLFA 2026,,U/12 Premier Two Knockout 2026,,O2-09- Shosholoza,O2-05- Kensington,27/06/26,Sat,09:30,Pelican Heights Sports Ground,Pelican A,2,1,,Y,,
43979937,CTTLFA 2026,,U/12 Division Four Knockout 2026,,O4-07- Rygersdal B,O4-10- CR Vasco Da Gama B,27/06/26,Sat,09:30,Rygersdal,Zwaanswyk High School,1,6,,Y,,
43890408,CTTLFA 2026,,U/12 Division Four Knockout 2026,,O4-11- Wynberg St Johns B.,O4-09- Table View B,27/06/26,Sat,09:30,Wynberg st Johns,Wynberg A,5,2,,Y,,
44158929,CTTLFA 2026,,U/12 Division Six Knockout 2026,,O6-02- Brooklyn Superstars,O6-03- Kensington B,27/06/26,Sat,09:30,Bayview Sports Complex,Brooklyn Bayview Sports Complex A,14,1,,Y,,
43890397,CTTLFA 2026,,U/12 Division Six Knockout 2026,,O6-09- Holy Cross B,O6-04- FC Kapstadt B,27/06/26,Sat,09:30,Holy Cross,Holy Cross School A,0,5,,Y,,
43890383,CTTLFA 2026,,U/12 Division Seven Knockout 2026,,O8-01- Tramway,O8-02- Durbanville C,27/06/26,Sat,09:30,Tramway,Groenewald Park A,6,2,,Y,,
43975040,CTTLFA 2026,,U/12 Division Seven Knockout 2026,,O8-09- Lansdowne,O8-05- Norway Parks C,27/06/26,Sat,09:30,Lansdowne,Chukker Road A,4,3,,Y,,
43890485,CTTLFA 2026,,U/14 Premier Three B Knockout 2026,,M3-15- Mutual FC,M3-02- Bellville City,27/06/26,Sat,10:30,Mutual FC,Pinelands Oval A,1,4,,Y,,
43890569,CTTLFA 2026,,U/16 Premier One Knockout 2026,,K1-05- FN Rangers,K1-02- Cape Town Spurs,27/06/26,Sat,10:50,FN Rangers,FNB Stadium A,4,0,,Y,,
44159149,CTTLFA 2026,,U/16 Premier One Knockout 2026,,K1-13- Wynberg St Johns,K1-10- Rygersdal,27/06/26,Sat,10:50,Wynberg st Johns,Wynberg A,1,4,,Y,,
43985281,CTTLFA 2026,,U/16 Premier Two Knockout 2026,,K2-02- Durbanville,K2-11- Sunningdale City,27/06/26,Sat,10:50,Durbanville,Klazinga Park A,3,2,,Y,,
43979981,CTTLFA 2026,,U/16 Premier Two Knockout 2026,,K2-03- Edgemead G/W,K2-01- Clyde Pinelands,27/06/26,Sat,10:50,Edgemead G/W,Edgemead A,3,3,,Y,,
43975041,CTTLFA 2026,,U/16 Premier Two Knockout 2026,,K2-07- Meadowridge,K2-10- Stephanian Ottery,27/06/26,Sat,10:50,Meadowridge,Meadowridge A,1,0,,Y,,
43890563,CTTLFA 2026,,U/16 Premier Two Knockout 2026,,K2-08- Saxon Rovers,K2-09- Shosholoza,27/06/26,Sat,10:50,Saxon Rovers,Maitland A,1,1,,Y,,
43979160,CTTLFA 2026,,U/16 Division Four Knockout 2026,,K4-03- De Beers B.,K4-08- Saxon Rovers B,27/06/26,Sat,10:50,De Beers,Somerset West A,3,2,,Y,,
43975282,CTTLFA 2026,,U/16 Division Four Knockout 2026,,K4-09- Table View B.,K4-04- FN Rangers B,27/06/26,Sat,10:50,Table View,Table View B,1,2,,Y,,
43890551,CTTLFA 2026,,U/16 Division Four Knockout 2026,,K4-10- CR Vasco Da Gama B,K4-02- Cape Town Spurs B,27/06/26,Sat,10:50,Vasco da Gama,Da Gama Park B,0,3,,Y,,
43890531,CTTLFA 2026,,U/16 Division Five Knockout 2026,,K5-01- Bellville City B.,K5-04- Durbanville B.,27/06/26,Sat,10:50,Bellville City,PP Smit Stadium A,1,2,,Y,,
43975217,CTTLFA 2026,,U/16 Division Five Knockout 2026,,K5-03- Clyde Pinelands B,K5-02- Bothasig B,27/06/26,Sat,10:50,Clyde Pinelands,Ringwood Drive A,5,2,,Y,,
43979982,CTTLFA 2026,,U/16 Division Five Knockout 2026,,K5-06- Fish Hoek B.,K5-05- Edgemead G/W B.,27/06/26,Sat,10:50,Fish Hoek,Fish Hoek A,1,1,,Y,,
43890530,CTTLFA 2026,,U/16 Division Five Knockout 2026,,K5-10- Stephanian Ottery B,K5-11- Sunningdale City B,27/06/26,Sat,10:50,Stephanian Ottery,Stephanian Ottery A,2,3,,Y,,
43890525,CTTLFA 2026,,U/16 Division Six Knockout 2026,,K6-03- Brooklyn Superstars,K6-08- Sunningdale City C,27/06/26,Sat,10:50,Bayview Sports Complex,Brooklyn Bayview Sports Complex A,8,0,,Y,,
43890526,CTTLFA 2026,,U/16 Division Six Knockout 2026,,K6-05- JMI,K6-11- Kensington B,27/06/26,Sat,10:50,Norway Parks,Royal Road E,0,2,,Y,,
43985278,CTTLFA 2026,,U/16 Division Six Knockout 2026,,K6-07- Ruyterwacht B,K6-06- Meadowridge C,27/06/26,Sat,10:50,Ruyterwacht,Stan Abbot B,0,5,,Y,,
43975278,CTTLFA 2026,,U/16 Girls Premier Knockout 2026,,K7-05- Clyde Pinelands,K7-04- Camps Bay,27/06/26,Sat,10:50,Clyde Pinelands,Ringwood Drive B,0,3,,Y,,
43979984,CTTLFA 2026,,U/16 Girls Premier Knockout 2026,,K7-14- Nova Generation,K7-08- Meadowridge,27/06/26,Sat,10:50,Nova Generations,Generations Sandown Institute,3,1,,Y,,
43975042,CTTLFA 2026,,U/16 Girls Premier Knockout 2026,,K7-15- Norway Parks,K7-06- Fish Hoek,27/06/26,Sat,10:50,Norway Parks,Royal Road D,0,1,,Y,,
43890507,CTTLFA 2026,,U/16 Division Seven Knockout 2026,,K8-03- Edgemead G/W C,K8-02- Durbanville C,27/06/26,Sat,10:50,Edgemead G/W,Edgemead C,4,2,,Y,,
43975284,CTTLFA 2026,,U/16 Division Seven Knockout 2026,,K8-04- Fish Hoek C.,K8-09- YMO FC,27/06/26,Sat,10:50,Fish Hoek,Fish Hoek B,0,10,,Y,,
43890508,CTTLFA 2026,,U/16 Division Seven Knockout 2026,,K8-06- Northpine United C,K8-11- Bye,27/06/26,Sat,10:50,Northpine United,Central Park A,3,0,,Y,,
43975261,CTTLFA 2026,,U/16 Division Seven Knockout 2026,,K8-10- Lansdowne,K8-07- Rygersdal C,27/06/26,Sat,10:50,Lansdowne,Chukker Road A,3,3,,Y,,
43986854,CTTLFA 2026,,U/14 Premier One Knockout 2026,,M1-10- Rygersdal,M1-06- Hanover Park,27/06/26,Sat,10:50,Rygersdal,Zwaanswyk High School,0,1,,Y,,
43272839,CTTLFA 2026,M6 - Under 14 Division Six,,,M6-01- Shosholoza B,M6-09- JMI,27/06/26,Sat,10:50,Pelican Heights Sports Ground,Pelican A,1,2,,Y,,
43975213,CTTLFA 2026,,U/18 Premier One Knockout 2026,,I1-04- FC Kapstadt,I1-05- FN Rangers,27/06/26,Sat,11:30,FC Kapstadt,Hartleyvale D,2,3,,Y,,
43890552,CTTLFA 2026,,U/16 Premier Three B Knockout 2026,,K3-15- Mutual FC,K3-02- Bellville City,27/06/26,Sat,12:15,Mutual FC,Pinelands Oval A,2,0,,Y,,
43975260,CTTLFA 2026,,U/16 Division Six Knockout 2026,,K6-04- Holy Cross B,K6-10- Shosholoza B,27/06/26,Sat,12:15,Holy Cross,Voortrekker Road,2,0,,Y,,
42989841,CTTLFA 2026,I1 - Under 18 Premier One,,,I1-09- Norway Parks,I1-10- Rygersdal,27/06/26,Sat,12:30,Norway Parks,Royal Road A,7,1,,Y,,
43979938,CTTLFA 2026,,U/18 Premier One Knockout 2026,,I1-12- CR Vasco Da Gama,I1-02- Cape Town Spurs,27/06/26,Sat,12:30,Vasco da Gama,Da Gama Park B,2,1,,Y,,
43890589,CTTLFA 2026,,U/18 Premier Two Knockout 2026,,I2-04- Fish Hoek,I2-01- Clyde Pinelands,27/06/26,Sat,12:30,Fish Hoek,Fish Hoek A,3,1,,Y,,
43986613,CTTLFA 2026,,U/18 Premier Two Knockout 2026,,I2-07- Meadowridge,I2-05- Kensington,27/06/26,Sat,12:30,Meadowridge,Meadowridge A,1,3,,Y,,
43997119,CTTLFA 2026,,U/18 Premier Two Knockout 2026,,I2-08- Saxon Rovers,I2-09- Shosholoza,27/06/26,Sat,12:30,Saxon Rovers,Maitland A,0,2,,Y,,
43890590,CTTLFA 2026,,U/18 Premier Two Knockout 2026,,I2-10- Stephanian Ottery,I2-02- Durbanville,27/06/26,Sat,12:30,Stephanian Ottery,Stephanian Ottery A,4,5,,Y,,
42990000,CTTLFA 2026,I2 - Under 18 Premier Two,,,I2-12- Young Bafana,I2-06- Kuilsriver,27/06/26,Sat,12:30,Young Bafana,YB Arena A,3,4,,Y,,
43975285,CTTLFA 2026,,U/18 Division Four Knockout 2026,,I4-01- Bothasig B,I4-09- CR Vasco Da Gama B,27/06/26,Sat,12:30,Bothasig,Abe Sher D,1,3,,Y,,
43890576,CTTLFA 2026,,U/18 Division Four Knockout 2026,,I4-02- Cape Town Spurs B,I4-10- Wynberg St Johns B.,27/06/26,Sat,12:30,Cape Town Spurs,Ikamva A,8,1,,Y,,
43890577,CTTLFA 2026,,U/18 Division Four Knockout 2026,,I4-05- Norway Parks B,I4-03- FN Rangers B,27/06/26,Sat,12:30,Norway Parks,Royal Road B,2,0,,Y,,
43986609,CTTLFA 2026,,U/18 Division Four Knockout 2026,,I4-07- Saxon Rovers B,I4-04- Northpine United B,27/06/26,Sat,12:30,Saxon Rovers,Maitland B,0,4,,Y,,
43979983,CTTLFA 2026,,U/18 Division Five Knockout 2026,,I5-05- Fish Hoek B.,I5-03- Durbanville B.,27/06/26,Sat,12:30,Fish Hoek,Fish Hoek B,0,4,,Y,,
43975279,CTTLFA 2026,,U/18 Division Five Knockout 2026,,I5-07- Meadowridge B.,I5-10- Bellville City B,27/06/26,Sat,12:30,Meadowridge,Meadowridge B,4,2,,Y,,
43890573,CTTLFA 2026,,U/18 Division Five Knockout 2026,,I5-08- Ruyterwacht B,I5-06- JMI,27/06/26,Sat,12:30,Ruyterwacht,Stan Abbott,3,3,,Y,,
43890572,CTTLFA 2026,,U/18 Division Five Knockout 2026,,I5-11- Tramway,I5-02- Clyde Pinelands B,27/06/26,Sat,12:30,Tramway,Groenewald Park A,1,1,,Y,,
43890550,CTTLFA 2026,,U/16 Division Four Knockout 2026,,K4-07- Rygersdal B,K4-11- Wynberg St Johns B.,27/06/26,Sat,12:30,Rygersdal,Allenby Drive Sports Complex,0,3,,Y,,
43979812,CTTLFA 2026,,U/14 Division Seven Knockout 2026,,M7-05- Rygersdal C,M7-08- Wynberg St Johns C,27/06/26,Sat,12:30,Rygersdal,Zwaanswyk High School,2,1,,Y,,
43575275,CTTLFA 2026,D1 - 3rd Division,,,D1-01- Bellville City FC,D1-11- Shosholoza FC,27/06/26,Sat,14:00,Bellville City,PP Smit Stadium C,4,2,,Y,,
43575456,CTTLFA 2026,D2 - 4th Division,,,D2-03- Edgemead G/W,D2-10- Wynberg St Johns,27/06/26,Sat,14:00,Edgemead G/W,Edgemead A,1,0,,Y,,
43575453,CTTLFA 2026,D2 - 4th Division,,,D2-06- Ruyterwacht,D2-04- Fish Hoek,27/06/26,Sat,14:00,Ruyterwacht,Stan Abbot B,2,2,,Y,,
43575454,CTTLFA 2026,D2 - 4th Division,,,D2-09- C.R. Vasco Da Gama,D2-07- Rygersdal,27/06/26,Sat,14:00,Vasco da Gama,Da Gama Park B,3,2,,Y,,
43575451,CTTLFA 2026,D2 - 4th Division,,,D2-12- Kensington,D2-11- Shosholoza FC,27/06/26,Sat,14:00,Kensington,14 Avenue A,6,2,,Y,,
43575274,CTTLFA 2026,D3 - 5th Division,,,D3-04- Edgemead G/W,D3-07- Northpine United,27/06/26,Sat,14:00,Edgemead G/W,Edgemead C,4,0,,Y,,
43575276,CTTLFA 2026,D3 - 5th Division,,,D3-08- Table View,D3-05-Bellville City,27/06/26,Sat,14:00,Table View,Table View B,4,0,,Y,,
43575589,CTTLFA 2026,D4 - 6th Division,,,D4-05- Kuilsriver,D4-11- Edgemead G/W,27/06/26,Sat,14:00,Serepta Sports Ground,Serepta Sports Ground B,2,2,,Y,,
43256320,CTTLFA 2026,B2 - First Reserve,,,FR-03- Brooklyn Superstars,FR-09- Northpine United,27/06/26,Sat,14:00,Bayview Sports Complex,Brooklyn Bayview Sports Complex A,1,0,,Y,,
43256321,CTTLFA 2026,B2 - First Reserve,,,FR-04- Garden Village,FR-11- Stephanian Ottery,27/06/26,Sat,14:00,Garden Village,Alexander Road,2,4,,Y,,
43256323,CTTLFA 2026,B2 - First Reserve,,,FR-08- Meadowridge,FR-12- Sunningdale City,27/06/26,Sat,14:00,Meadowridge,Meadowridge A,3,1,,Y,,
43256324,CTTLFA 2026,B2 - First Reserve,,,FR-10- Ruyterwacht,FR-07- Kuilsriver,27/06/26,Sat,14:00,Ruyterwacht,Stan Abbott,3,2,,Y,,
43256322,CTTLFA 2026,B2 - First Reserve,,,FR-13- Tramway,FR-06- Kensington,27/06/26,Sat,14:00,Tramway,Groenewald Park A,1,3,,Y,,
43806399,CTTLFA 2026,G1 - Vets 045 A,,,G1-01- De Beers,G1-05- Meadowridge,27/06/26,Sat,14:00,De Beers,Somerset West B,4,0,,Y,,
43806397,CTTLFA 2026,G1 - Vets 045 A,,,G1-07- Tramway,G1-12- Table View,27/06/26,Sat,14:00,Tramway,Groenewald Park B,1,2,,Y,,
43806395,CTTLFA 2026,G1 - Vets 045 A,,,G1-13- Stephanian Ottery,G1-04- Hanover Park,27/06/26,Sat,14:00,Stephanian Ottery,Stephanian Ottery A,1,2,,Y,,
43262930,CTTLFA 2026,G4 - Vets 050 A,,,G4-03- FN Rangers,G4-09- West End United A,27/06/26,Sat,14:00,FN Rangers,FNB Stadium C,1,4,,Y,,
43262815,CTTLFA 2026,G5 - Vets 050 B,,,G5-02- Bye.,G5-05- Everton United,27/06/26,Sat,14:00,Bye,#1,0,0,,Y,,
43575110,CTTLFA 2026,G6 - Vets O50 C,,,G6-05- Table View,G6-03- West End United C,27/06/26,Sat,14:00,Table View,Table View C,2,4,,Y,,
43575113,CTTLFA 2026,G6 - Vets O50 C,,,G6-09- YMO FC,G6-02- Hanover Park C,27/06/26,Sat,14:00,YMO FC,Upper Cambridge A,3,2,,Y,,
43256139,CTTLFA 2026,A2 - Premier Reserve,,,PR-01- Durbanville,PR-06- Hanover Park,27/06/26,Sat,14:00,Durbanville,Klazinga Park A,2,3,,Y,,
43256140,CTTLFA 2026,A2 - Premier Reserve,,,PR-04- FN Rangers,PR-09- Rygersdal,27/06/26,Sat,14:00,FN Rangers,FNB Stadium A,3,2,,Y,,
43256141,CTTLFA 2026,A2 - Premier Reserve,,,PR-05- Green Point Salesians,PR-11- Table View,27/06/26,Sat,14:00,Green Point,Green Point A,2,2,,Y,,
43256142,CTTLFA 2026,A2 - Premier Reserve,,,PR-07- Holy Cross,PR-08- Norway Parks,27/06/26,Sat,14:00,Holy Cross,Voortrekker Road,3,1,,Y,,
43256144,CTTLFA 2026,A2 - Premier Reserve,,,PR-14- Wynberg St Johns,PR-02- Edgemead G/W,27/06/26,Sat,14:00,Wynberg st Johns,Wynberg A,0,1,,Y,,
43256511,CTTLFA 2026,C2 - Second Reserve,,,SR-04- Chelsea Bridgetown,SR-07- FC Kapstadt,27/06/26,Sat,14:00,Chelsea,Hickory Road A,1,1,,Y,,
43256512,CTTLFA 2026,C2 - Second Reserve,,,SR-05- Clyde Pinelands,SR-13- Varsity College,27/06/26,Sat,14:00,Clyde Pinelands,Ringwood Drive A,3,0,,Y,,
43256513,CTTLFA 2026,C2 - Second Reserve,,,SR-06- De Beers,SR-14- West End United,27/06/26,Sat,14:00,De Beers,Somerset West A,2,0,,Y,,
43256514,CTTLFA 2026,C2 - Second Reserve,,,SR-08- Bye,SR-01- Avendale Athletico,27/06/26,Sat,14:00,Bye,#1,0,0,,Y,,
43256515,CTTLFA 2026,C2 - Second Reserve,,,SR-09- Goodwood United,SR-02- Barmsley Spurs,27/06/26,Sat,14:00,Goodwood,Hamilton Road A,4,0,,Y,,
43256516,CTTLFA 2026,C2 - Second Reserve,,,SR-11- Mutual FC,SR-10- Hellenic,27/06/26,Sat,14:00,Mutual FC,Pinelands Oval A,0,1,,Y,,
43256518,CTTLFA 2026,C2 - Second Reserve,,,SR-15- Young Bafana,SR-16- YSD Macassar,27/06/26,Sat,14:00,Young Bafana,YB Arena A,3,1,,Y,,
43575269,CTTLFA 2026,D3 - 5th Division,,,D3-01- Bothasig,D3-02- Clyde Pinelands,27/06/26,Sat,14:30,Bothasig,Abe Sher C,1,2,,Y,,
43575585,CTTLFA 2026,D4 - 6th Division,,,D4-07- Rygersdal,D4-12- Lansdowne,27/06/26,Sat,15:30,U C T,U C T,0,8,,Y,,
43575584,CTTLFA 2026,D4 - 6th Division,,,D4-08- Bothasig,D4-09- Stephanian Ottery,27/06/26,Sat,15:30,Bothasig,Abe Sher D,1,3,,Y,,
43575272,CTTLFA 2026,D1 - 3rd Division,,,D1-08- Table View,D1-04- Edgemead G/W,27/06/26,Sat,15:45,Table View,Table View A,1,1,,Y,,
43575455,CTTLFA 2026,D2 - 4th Division,,,D2-08- Table View,D2-05- Norway Parks,27/06/26,Sat,15:45,Table View,Table View B,2,4,,Y,,
43575278,CTTLFA 2026,D3 - 5th Division,,,D3-06- Mutual FC,D3-03- Durbanville,27/06/26,Sat,15:45,Mutual FC,Pinelands Oval B,4,5,,Y,,
43575953,CTTLFA 2026,E1- Vets 035,,,E1-04-FN Rangers,E1-05- Goodwood United,27/06/26,Sat,15:45,FN Rangers,FNB Stadium B,7,1,,Y,,
43575951,CTTLFA 2026,E1- Vets 035,,,E1-06- Hanover Park,E1-09- Bye,27/06/26,Sat,15:45,Hanover Park,Hanover Park A,0,0,,Y,,
43575839,CTTLFA 2026,E2- Vets 035 B,,,E2-07- Meadowridge,E2-08- Everton United,27/06/26,Sat,15:45,Meadowridge,Meadowridge B,2,1,,Y,,
43575720,CTTLFA 2026,F2 - Vets 040 B,,,F2-07- Bye,F2-10- Jamestown United,27/06/26,Sat,15:45,Bye,#1,0,0,,Y,,
42990241,CTTLFA 2026,B1 - First Division,,,FD-03- Brooklyn Superstars,FD-09- Northpine United,27/06/26,Sat,15:45,Bayview Sports Complex,Brooklyn Bayview Sports Complex A,1,4,,Y,,
42990240,CTTLFA 2026,B1 - First Division,,,FD-04- Garden Village,FD-11- Stephanian Ottery,27/06/26,Sat,15:45,Garden Village,Alexander Road,1,0,,Y,,
42990238,CTTLFA 2026,B1 - First Division,,,FD-08- Meadowridge,FD-12- Sunningdale City,27/06/26,Sat,15:45,Meadowridge,Meadowridge A,0,1,,Y,,
42990242,CTTLFA 2026,B1 - First Division,,,FD-10- Ruyterwacht,FD-07- Kuilsriver,27/06/26,Sat,15:45,Ruyterwacht,Stan Abbott,4,3,,Y,,
42990239,CTTLFA 2026,B1 - First Division,,,FD-13- Tramway,FD-06- Kensington,27/06/26,Sat,15:45,Tramway,Groenewald Park A,2,0,,Y,,
42996950,CTTLFA 2026,A1 - Premier Division,,,PD-01- Durbanville,PD-06- Hanover Park,27/06/26,Sat,15:45,Durbanville,Klazinga Park A,4,3,,Y,,
42996951,CTTLFA 2026,A1 - Premier Division,,,PD-04- FN Rangers,PD-09- Rygersdal,27/06/26,Sat,15:45,FN Rangers,FNB Stadium A,3,1,,Y,,
42996949,CTTLFA 2026,A1 - Premier Division,,,PD-05- Green Point Salesians,PD-11- Table View,27/06/26,Sat,15:45,Green Point,Green Point A,3,2,,Y,,
42996955,CTTLFA 2026,A1 - Premier Division,,,PD-07- Holy Cross,PD-08- Norway Parks,27/06/26,Sat,15:45,Holy Cross,Voortrekker Road,2,3,,Y,,
42996952,CTTLFA 2026,A1 - Premier Division,,,PD-14- Wynberg St Johns,PD-02- Edgemead G/W,27/06/26,Sat,15:45,Wynberg st Johns,Wynberg A,1,3,,Y,,
43206578,CTTLFA 2026,C1 - Second Division,,,SD-04- Chelsea Bridgetown,SD-07- FC Kapstadt,27/06/26,Sat,15:45,Chelsea,Hickory Road A,2,0,,Y,,
43206575,CTTLFA 2026,C1 - Second Division,,,SD-05- Clyde Pinelands,SD-13- Varsity College,27/06/26,Sat,15:45,Clyde Pinelands,Ringwood Drive A,8,0,,Y,,
43206574,CTTLFA 2026,C1 - Second Division,,,SD-06- De Beers,SD-14- West End United,27/06/26,Sat,15:45,De Beers,Somerset West A,2,1,,Y,,
43206573,CTTLFA 2026,C1 - Second Division,,,SD-08- Bye,SD-01- Avendale Athletico,27/06/26,Sat,15:45,Bye,#1,0,0,,Y,,
43206572,CTTLFA 2026,C1 - Second Division,,,SD-09- Goodwood United,SD-02- Barmsley Spurs,27/06/26,Sat,15:45,Goodwood,Hamilton Road A,2,3,,Y,,
43206579,CTTLFA 2026,C1 - Second Division,,,SD-11- Mutual FC,SD-10- Hellenic,27/06/26,Sat,15:45,Mutual FC,Pinelands Oval A,1,1,,Y,,
43206577,CTTLFA 2026,C1 - Second Division,,,SD-15- Young Bafana,SD-16- YSD Macassar,27/06/26,Sat,15:45,Young Bafana,YB Arena A,1,1,,Y,,
43575806,CTTLFA 2026,E2- Vets 035 B,,,E2-13- Cape Town Spurs,E2-10- Wynberg St Johns,30/06/26,Tue,20:00,Cape Town Spurs,Ikamva A,2,1,,Y,,
43960311,CTTLFA 2026,,CTTLFA O/45 A Division Knock Out 2026,,G1-05- Meadowridge,G1-07- Tramway,30/06/26,Tue,20:00,Meadowridge,Meadowridge A,1,1,,Y,,
43206948,CTTLFA 2026,I3B - Under 18 Premier Three B,,,I3-05- Garden Village,I3-03- Bothasig,01/07/26,Wed,19:00,Garden Village,Alexander Road,2,4,,Y,,
44041471,CTTLFA 2026,,CTTLFA O/45 A Division Knock Out 2026,,G1-02-Edgemead G/W,G1-13- Stephanian Ottery,01/07/26,Wed,19:30,Edgemead G/W,Edgemead C,4,0,,Y,,
44032057,CTTLFA 2026,,CTTLFA O/35 B Division Knock Out 2026,,E2-12- Clyde Pinelands B,E2-02- Durbanville,01/07/26,Wed,20:00,Clyde Pinelands,Ringwood Drive B,1,4,,Y,,
44033351,CTTLFA 2026,,CTTLFA O/50 A Division Knock Out 2026,,G4-04- Hanover Park,G4-08- Tramway,02/07/26,Thu,19:00,Hanover Park,Hanover Park A,1,3,,Y,,
43960309,CTTLFA 2026,,CTTLFA O/50 A Division Knock Out 2026,,G4-01- Clyde Pinelands,G4-07- Stephanian Ottery,02/07/26,Thu,20:00,Clyde Pinelands,Ringwood Drive A,0,6,,Y,,
44010616,CTTLFA 2026,,CTTLFA O/40 A Division Knock Out 2026,,F1-05- Hanover Park,F1-10- C.R. Vasco Da Gama,02/07/26,Thu,20:30,Hanover Park,Hanover Park A,1,4,,Y,,
43960322,CTTLFA 2026,,CTTLFA O/40 B Division Knock Out 2026,,F2-08- Kensington,F2-06- Kuilsriver,03/07/26,Fri,19:00,Kensington,14 Avenue A,2,3,,Y,,
43960308,CTTLFA 2026,,CTTLFA O/50 A Division Knock Out 2026,,G4-06- Rygersdal,G4-03- FN Rangers,03/07/26,Fri,19:00,Norway Parks,Royal Road A,0,1,,Y,,
44034205,CTTLFA 2026,,CTTLFA Womans Premier League Knock Out 2026,,H1-05- FN Rangers,H1-03- Clyde Pinelands,03/07/26,Fri,19:00,FN Rangers,FNB Stadium A,2,0,,Y,,
43960345,CTTLFA 2026,,CTTLFA Womans Premier League Knock Out 2026,,H1-11- UCT,H1-09- Northpine United,03/07/26,Fri,19:00,U C T,U C T,0,3,,Y,,
44040697,CTTLFA 2026,,CTTLFA Womans First Division Knock Out 2026,,H2-02- Bothasig,H2-03- Green Point Salesians B,03/07/26,Fri,19:00,Bothasig,Abe Sher A,1,2,,Y,,
43331121,CTTLFA 2026,O6 - Under 12 Division Six,,,O6-04- FC Kapstadt B,O6-07- Meadowridge C,03/07/26,Fri,19:00,Meadowridge,Meadowridge B,7,0,,Y,,
43806349,CTTLFA 2026,G1 - Vets 045 A,,,G1-09- Garden Village,G1-10- Holy Cross,03/07/26,Fri,19:30,Garden Village,Alexander Road,1,2,,Y,,
43960346,CTTLFA 2026,,CTTLFA Womans Premier League Knock Out 2026,,H1-12- Bye.,H1-02- Bellville City,03/07/26,Fri,19:30,YSD Macassar,YSD Macassar A,1,5,,Y,,
44034744,CTTLFA 2026,,CTTLFA Premier League Knock Out 2026,,PD-06- Hanover Park,PD-05- Green Point Salesians,03/07/26,Fri,19:30,Hanover Park,Hanover Park A,7,0,,Y,,
44033755,CTTLFA 2026,,CTTLFA 4th Division Knock Out 2026,,D2-01- Avendale Athletico,D2-05- Norway Parks,03/07/26,Fri,20:00,Chelsea,Hickory Road A,2,3,,Y,,
44034800,CTTLFA 2026,,CTTLFA 6th Division Knock Out 2026,,D4-10- Sunningdale City,D4-09- Stephanian Ottery,03/07/26,Fri,20:00,Sunningdale City,Sunningdale B,2,1,,Y,,
44034840,CTTLFA 2026,,CTTLFA O/40 A Division Knock Out 2026,,F1-07- Rygersdal,F1-02- Edgemead G/W,03/07/26,Fri,20:00,Edgemead G/W,Edgemead A,3,2,,Y,,
44032090,CTTLFA 2026,,CTTLFA O/50 B Division Knock Out 2026,,G5-04- Edgemead G/W,G5-07- Hanover Park B,03/07/26,Fri,20:00,Edgemead G/W,Edgemead C,1,3,,Y,,
44160041,CTTLFA 2026,,CTTLFA O/35 A Division Knock Out 2026,,E1-07- Kensington,E1-08- Ruyterwacht,03/07/26,Fri,20:30,Kensington,14 Avenue A,3,2,,Y,,
43257025,CTTLFA 2026,O1 - Under 12 Premier One,,,O1-05- FN Rangers,O1-10- Rygersdal,04/07/26,Sat,08:15,FN Rangers,FNB Stadium A,0,3,,Y,,
43257026,CTTLFA 2026,O1 - Under 12 Premier One,,,O1-06- Hanover Park,O1-09- Norway Parks,04/07/26,Sat,08:15,Hanover Park,Hanover Park A,0,10,,Y,,
43257027,CTTLFA 2026,O1 - Under 12 Premier One,,,O1-08- Northpine United,O1-11- Table View,04/07/26,Sat,08:15,Northpine United,Central Park A,1,1,,Y,,
43257432,CTTLFA 2026,O2 - Under 12 Premier Two,,,O2-04- Fish Hoek,O2-09- Shosholoza,04/07/26,Sat,08:15,Fish Hoek,Fish Hoek A,1,1,,Y,,
43257433,CTTLFA 2026,O2 - Under 12 Premier Two,,,O2-05- Kensington,O2-10- Stephanian Ottery,04/07/26,Sat,08:15,Kensington,14 Avenue A,2,1,,Y,,
43257434,CTTLFA 2026,O2 - Under 12 Premier Two,,,O2-06- Kuilsriver,O2-01- Clyde Pinelands,04/07/26,Sat,08:15,Serepta Sports Ground,Serepta Sports Ground A,3,0,,Y,,
43257435,CTTLFA 2026,O2 - Under 12 Premier Two,,,O2-08- Saxon Rovers,O2-11- Sunningdale City,04/07/26,Sat,08:15,Saxon Rovers,Maitland A,0,3,,Y,,
43805254,CTTLFA 2026,O3 - Under 12 Premier Three,,,O3-01- Avendale Athletico,O3-16- Garlandale,04/07/26,Sat,08:15,Avendale Athletico,Field Crescent A,0,2,,Y,,
43260925,CTTLFA 2026,O3B - Under 12 Premier Three B,,,O3-02- Bellville City,O3-14- YSD Macassar,04/07/26,Sat,08:15,Bellville City,PP Smit Stadium A,3,0,,Y,,
43260926,CTTLFA 2026,O3B - Under 12 Premier Three B,,,O3-05- Garden Village,O3-03- Bothasig,04/07/26,Sat,08:15,Garden Village,Alexander Road,3,6,,Y,,
43260927,CTTLFA 2026,O3B - Under 12 Premier Three B,,,O3-06- Goodwood United,O3-09- Holy Cross,04/07/26,Sat,08:15,Goodwood,Hamilton Road A,1,2,,Y,,
43260928,CTTLFA 2026,O3B - Under 12 Premier Three B,,,O3-13- West End United,O3-15- Mutual FC,04/07/26,Sat,08:15,West End United,West End Park A,0,2,,Y,,
43805256,CTTLFA 2026,O3 - Under 12 Premier Three,,,O3-17- Queens Park,O3-07- Grass Boots,04/07/26,Sat,08:15,Queens Park,10 Dongel Road Milnerton,1,4,,Y,,
43274294,CTTLFA 2026,O4 - Under 12 Division Four,,,O4-05- Northpine United B,O4-02- Cape Town Spurs B,04/07/26,Sat,08:15,Northpine United,Central Park B,0,4,,Y,,
43274290,CTTLFA 2026,O4 - Under 12 Division Four,,,O4-06- Norway Parks B,O4-03- De Beers B.,04/07/26,Sat,08:15,Norway Parks,Royal Road D,1,1,,Y,,
43274288,CTTLFA 2026,O4 - Under 12 Division Four,,,O4-08- Saxon Rovers B,O4-04- FN Rangers B,04/07/26,Sat,08:15,Saxon Rovers,Maitland B,1,4,,Y,,
43274285,CTTLFA 2026,O4 - Under 12 Division Four,,,O4-09- Table View B,O4-10- CR Vasco Da Gama B,04/07/26,Sat,08:15,Table View,Table View A,1,7,,Y,,
43274291,CTTLFA 2026,O5 - Under 12 Division Five,,,O5-01- Bellville City B.,O5-09- Meadowridge B.,04/07/26,Sat,08:15,Bellville City,PP Smit Stadium B,0,7,,Y,,
43274293,CTTLFA 2026,O5 - Under 12 Division Five,,,O5-05- Edgemead G/W B.,O5-10- Stephanian Ottery B,04/07/26,Sat,08:15,Edgemead G/W,Edgemead A,4,1,,Y,,
43274286,CTTLFA 2026,O5 - Under 12 Division Five,,,O5-06- Fish Hoek B.,O5-07- Goodwood United B,04/07/26,Sat,08:15,Fish Hoek,Fish Hoek B,5,2,,Y,,
43274292,CTTLFA 2026,O5 - Under 12 Division Five,,,O5-08- Kuilsriver B.,O5-04- Durbanville B.,04/07/26,Sat,08:15,Serepta Sports Ground,Serepta Sports Ground B,0,5,,Y,,
43274289,CTTLFA 2026,O5 - Under 12 Division Five,,,O5-11- Sunningdale City B,O5-02- Bothasig B,04/07/26,Sat,08:15,Sunningdale City,Sunningdale A,1,1,,Y,,
43331122,CTTLFA 2026,O6 - Under 12 Division Six,,,O6-01- Bothasig C,O6-05- Fish Hoek C,04/07/26,Sat,08:15,Bothasig,Abe Sher C,3,0,,Y,,
43331086,CTTLFA 2026,O6 - Under 12 Division Six,,,O6-06- Grass Boots B,O6-09- Holy Cross B,04/07/26,Sat,08:15,Grass Boots,"Van Riebeeck Park, Sidmouth Road B",3,1,,Y,,
43574509,CTTLFA 2026,O7 - Under 12 Girls Premier One (9v9),,,O7-01- Bellville City,O7-03- Fish Hoek.,04/07/26,Sat,08:15,Bellville City,PP Smit Stadium C,1,1,,Y,,
43574508,CTTLFA 2026,O7 - Under 12 Girls Premier One (9v9),,,O7-04- Bye,O7-06- Meadowridge B,04/07/26,Sat,08:15,Bye,#1,0,0,,Y,,
43574510,CTTLFA 2026,O7 - Under 12 Girls Premier One (9v9),,,O7-05- Meadowridge A,O7-02- Bothasig,04/07/26,Sat,08:15,Meadowridge,Meadowridge B,5,0,,Y,,
43806085,CTTLFA 2026,O8- Under 12 Division Seven,,,O8-06- Rygersdal C,O8-08- Wynberg St Johns C,04/07/26,Sat,08:15,Rygersdal,Zwaanswyk High School,3,1,,Y,,
43256869,CTTLFA 2026,M1 - Under 14 Premier One,,,M1-05- FN Rangers,M1-10- Rygersdal,04/07/26,Sat,09:30,FN Rangers,FNB Stadium A,2,3,,Y,,
43256870,CTTLFA 2026,M1 - Under 14 Premier One,,,M1-06- Hanover Park,M1-09- Norway Parks,04/07/26,Sat,09:30,Hanover Park,Hanover Park A,2,2,,Y,,
43256871,CTTLFA 2026,M1 - Under 14 Premier One,,,M1-08- Northpine United,M1-11- Table View,04/07/26,Sat,09:30,Northpine United,Central Park A,3,1,,Y,,
43257299,CTTLFA 2026,M2 - Under 14 Premier Two,,,M2-02- Durbanville,M2-03- Edgemead G/W,04/07/26,Sat,09:30,Durbanville,Klazinga Park A,0,0,,Y,,
43257300,CTTLFA 2026,M2 - Under 14 Premier Two,,,M2-04- Fish Hoek,M2-09- Shosholoza,04/07/26,Sat,09:30,Fish Hoek,Fish Hoek A,2,0,,Y,,
43257301,CTTLFA 2026,M2 - Under 14 Premier Two,,,M2-05- Kensington,M2-10- Stephanian Ottery,04/07/26,Sat,09:30,Kensington,14 Avenue A,3,2,,Y,,
43257302,CTTLFA 2026,M2 - Under 14 Premier Two,,,M2-06- Kuilsriver,M2-01- Clyde Pinelands,04/07/26,Sat,09:30,Serepta Sports Ground,Serepta Sports Ground A,4,1,,Y,,
43257303,CTTLFA 2026,M2 - Under 14 Premier Two,,,M2-08- Saxon Rovers,M2-11- Sunningdale City,04/07/26,Sat,09:30,Saxon Rovers,Maitland A,0,3,,Y,,
43805594,CTTLFA 2026,M3 - Under 14 Premier Three,,,M3-01- Avendale Athletico,M3-16- Garlandale,04/07/26,Sat,09:30,Avendale Athletico,Field Crescent A,0,2,,Y,,
43260867,CTTLFA 2026,M3B - Under 14 Premier Three B,,,M3-02- Bellville City,M3-14- YSD Macassar,04/07/26,Sat,09:30,Bellville City,PP Smit Stadium A,1,1,,Y,,
43260868,CTTLFA 2026,M3B - Under 14 Premier Three B,,,M3-05- Garden Village,M3-03- Bothasig,04/07/26,Sat,09:30,Garden Village,Alexander Road,1,1,,Y,,
43260869,CTTLFA 2026,M3B - Under 14 Premier Three B,,,M3-06- Goodwood United,M3-09- Holy Cross,04/07/26,Sat,09:30,Goodwood,Hamilton Road A,1,4,,Y,,
43260870,CTTLFA 2026,M3B - Under 14 Premier Three B,,,M3-13- West End United,M3-15- Mutual FC,04/07/26,Sat,09:30,West End United,West End Park A,2,3,,Y,,
43805596,CTTLFA 2026,M3 - Under 14 Premier Three,,,M3-17- Queens Park,M3-07- Grass Boots,04/07/26,Sat,09:30,Queens Park,10 Dongel Road Milnerton,1,4,,Y,,
43279181,CTTLFA 2026,M4 - Under 14 Division Four,,,M4-05- Northpine United B,M4-02- Cape Town Spurs B,04/07/26,Sat,09:30,Northpine United,Central Park B,3,2,,Y,,
43279182,CTTLFA 2026,M4 - Under 14 Division Four,,,M4-06- Norway Parks B,M4-03- De Beers B.,04/07/26,Sat,09:30,Norway Parks,Royal Road D,3,2,,Y,,
43279183,CTTLFA 2026,M4 - Under 14 Division Four,,,M4-08- Saxon Rovers B.,M4-04- FN Rangers B,04/07/26,Sat,09:30,Saxon Rovers,Maitland B,1,2,,Y,,
43279184,CTTLFA 2026,M4 - Under 14 Division Four,,,M4-09- Table View B,M4-10- CR Vasco Da Gama B,04/07/26,Sat,09:30,Table View,Table View A,1,5,,Y,,
43279515,CTTLFA 2026,M5 - Under 14 Division Five,,,M5-01- Bellville City B.,M5-09- Meadowridge B.,04/07/26,Sat,09:30,Bellville City,PP Smit Stadium B,1,4,,Y,,
43279516,CTTLFA 2026,M5 - Under 14 Division Five,,,M5-05- Edgemead G/W B.,M5-10- Stephanian Ottery B,04/07/26,Sat,09:30,Edgemead G/W,Edgemead A,17,0,,Y,,
43279517,CTTLFA 2026,M5 - Under 14 Division Five,,,M5-06- Fish Hoek B.,M5-07- Goodwood United B,04/07/26,Sat,09:30,Fish Hoek,Fish Hoek B,0,5,,Y,,
43279518,CTTLFA 2026,M5 - Under 14 Division Five,,,M5-08- Kuilsriver B.,M5-04- Durbanville B.,04/07/26,Sat,09:30,Serepta Sports Ground,Serepta Sports Ground B,1,3,,Y,,
43279519,CTTLFA 2026,M5 - Under 14 Division Five,,,M5-11- Sunningdale City B,M5-02- Bothasig B,04/07/26,Sat,09:30,Sunningdale City,Sunningdale B,2,3,,Y,,
43272877,CTTLFA 2026,M6 - Under 14 Division Six,,,M6-07- Hellenic B,M6-02- Brooklyn Superstars,04/07/26,Sat,09:30,Hellenic,Tygerhof Sports Complex A,2,1,,Y,,
43272876,CTTLFA 2026,M6 - Under 14 Division Six,,,M6-09- JMI,M6-03- Bye,04/07/26,Sat,09:30,Norway Parks,Royal Road E,0,0,,Y,,
43806203,CTTLFA 2026,M7 - Under 14 Division Seven,,,M7-05- Rygersdal C,M7-08- Wynberg St Johns C,04/07/26,Sat,09:30,Rygersdal,Zwaanswyk High School,1,0,,Y,,
43806205,CTTLFA 2026,M7 - Under 14 Division Seven,,,M7-07- Table View C,M7-09- Durbanville C,04/07/26,Sat,09:30,Table View,Table View B,2,7,,Y,,
43574617,CTTLFA 2026,M8 - Under 14 Girls Premier One,,,M8-02- Bothasig,M8-11- Wynberg St Johns,04/07/26,Sat,09:30,Bothasig,Abe Sher C,0,2,,Y,,
43574615,CTTLFA 2026,M8 - Under 14 Girls Premier One,,,M8-06- Norway Parks,M8-01- Bellville City,04/07/26,Sat,09:30,Norway Parks,Royal Road C,0,6,,Y,,
43806199,CTTLFA 2026,M9- Under 14 Division Eight,,,M9-01- Bellville City C,M9-05- Meadowridge D,04/07/26,Sat,09:30,Bellville City,PP Smit Stadium C,1,11,,Y,,
43806202,CTTLFA 2026,M9- Under 14 Division Eight,,,M9-03- Edgemead G/W D,M9-07- Bye,04/07/26,Sat,09:30,Edgemead G/W,Edgemead D,0,0,,Y,,
43806204,CTTLFA 2026,M9- Under 14 Division Eight,,,M9-08- Table View D,M9-09- Garlandale B,04/07/26,Sat,09:30,Table View,Table View C,2,7,,Y,,
43806082,CTTLFA 2026,O8- Under 12 Division Seven,,,O8-04- Meadowridge D,O8-03- Mutual B,04/07/26,Sat,09:30,Meadowridge,Meadowridge A,1,1,,Y,,
43806083,CTTLFA 2026,O8- Under 12 Division Seven,,,O8-07- Tramway B,O8-02- Durbanville C,04/07/26,Sat,09:30,Tramway,Groenewald Park A,3,0,Home Walkover,Y,,
43806883,CTTLFA 2026,K7 - Under 16 Girls Premier One,,,K7-01- Badgers,K7-08- Meadowridge,04/07/26,Sat,10:00,Badgers FC,Oranjezicht A,2,0,,Y,,
43272878,CTTLFA 2026,M6 - Under 14 Division Six,,,M6-06- FC Kapstadt B,M6-04- Kensington B,04/07/26,Sat,10:30,Kensington,14 Avenue B,4,0,,Y,,
43256713,CTTLFA 2026,K1 - Under 16 Premier One,,,K1-05- FN Rangers,K1-10- Rygersdal,04/07/26,Sat,10:50,FN Rangers,FNB Stadium A,2,2,,Y,,
43256714,CTTLFA 2026,K1 - Under 16 Premier One,,,K1-06- Hanover Park,K1-09- Norway Parks,04/07/26,Sat,10:50,Hanover Park,Hanover Park A,1,3,,Y,,
43256715,CTTLFA 2026,K1 - Under 16 Premier One,,,K1-08- Northpine United,K1-11- Table View,04/07/26,Sat,10:50,Northpine United,Central Park A,0,0,,Y,,
43257166,CTTLFA 2026,K2 - Under 16 Premier Two,,,K2-02- Durbanville,K2-03- Edgemead G/W,04/07/26,Sat,10:50,Durbanville,Klazinga Park A,5,1,,Y,,
43257167,CTTLFA 2026,K2 - Under 16 Premier Two,,,K2-04- Fish Hoek,K2-09- Shosholoza,04/07/26,Sat,10:50,Fish Hoek,Fish Hoek A,4,0,,Y,,
43257168,CTTLFA 2026,K2 - Under 16 Premier Two,,,K2-05- Kensington,K2-10- Stephanian Ottery,04/07/26,Sat,10:50,Kensington,14 Avenue A,0,1,,Y,,
43257169,CTTLFA 2026,K2 - Under 16 Premier Two,,,K2-06- Kuilsriver,K2-01- Clyde Pinelands,04/07/26,Sat,10:50,Serepta Sports Ground,Serepta Sports Ground A,1,0,,Y,,
43257170,CTTLFA 2026,K2 - Under 16 Premier Two,,,K2-08- Saxon Rovers,K2-11- Sunningdale City,04/07/26,Sat,10:50,Saxon Rovers,Maitland A,2,2,,Y,,
43805268,CTTLFA 2026,K3 - Under 16 Premier Three,,,K3-01- Avendale Athletico,K3-16- Garlandale,04/07/26,Sat,10:50,Avendale Athletico,Field Crescent A,1,3,,Y,,
43260811,CTTLFA 2026,K3B - Under 16 Premier Three B,,,K3-02- Bellville City,K3-14- YSD Macassar,04/07/26,Sat,10:50,Bellville City,PP Smit Stadium A,2,4,,Y,,
43260812,CTTLFA 2026,K3B - Under 16 Premier Three B,,,K3-05- Garden Village,K3-03- Bothasig,04/07/26,Sat,10:50,Garden Village,Alexander Road,0,10,,Y,,
43260813,CTTLFA 2026,K3B - Under 16 Premier Three B,,,K3-06- Goodwood United,K3-09- Holy Cross,04/07/26,Sat,10:50,Goodwood,Hamilton Road A,1,6,,Y,,
43260814,CTTLFA 2026,K3B - Under 16 Premier Three B,,,K3-13- West End United,K3-15- Mutual FC,04/07/26,Sat,10:50,West End United,West End Park A,1,1,,Y,,
43805270,CTTLFA 2026,K3 - Under 16 Premier Three,,,K3-17- Queens Park,K3-07- Grass Boots,04/07/26,Sat,10:50,Queens Park,10 Dongel Road Milnerton,3,2,,Y,,
43279294,CTTLFA 2026,K4 - Under 16 Division Four,,,K4-08- Saxon Rovers B,K4-04- FN Rangers B,04/07/26,Sat,10:50,Saxon Rovers,Maitland B,1,4,,Y,,
43279295,CTTLFA 2026,K4 - Under 16 Division Four,,,K4-09- Table View B.,K4-10- CR Vasco Da Gama B,04/07/26,Sat,10:50,Table View,Table View A,1,2,,Y,,
43279405,CTTLFA 2026,K5 - Under 16 Division Five,,,K5-01- Bellville City B.,K5-09- Meadowridge B.,04/07/26,Sat,10:50,Bellville City,PP Smit Stadium B,2,6,,Y,,
43279406,CTTLFA 2026,K5 - Under 16 Division Five,,,K5-05- Edgemead G/W B.,K5-10- Stephanian Ottery B,04/07/26,Sat,10:50,Edgemead G/W,Edgemead A,1,0,,Y,,
43279407,CTTLFA 2026,K5 - Under 16 Division Five,,,K5-06- Fish Hoek B.,K5-07- Goodwood United B,04/07/26,Sat,10:50,Fish Hoek,Fish Hoek B,14,0,,Y,,
43279408,CTTLFA 2026,K5 - Under 16 Division Five,,,K5-08- Kuilsriver B.,K5-04- Durbanville B.,04/07/26,Sat,10:50,Serepta Sports Ground,Serepta Sports Ground B,1,1,,Y,,
43279409,CTTLFA 2026,K5 - Under 16 Division Five,,,K5-11- Sunningdale City B,K5-02- Bothasig B,04/07/26,Sat,10:50,Sunningdale City,Sunningdale A,3,1,,Y,,
43805787,CTTLFA 2026,K6 - Under 16 Division Six,,,K6-01- Bye.,K6-11- Kensington B,04/07/26,Sat,10:50,Bye,#1,0,0,,Y,,
43805790,CTTLFA 2026,K6 - Under 16 Division Six,,,K6-02- Bothasig C,K6-07- Ruyterwacht B,04/07/26,Sat,10:50,Bothasig,Abe Sher C,4,2,,Y,,
43805788,CTTLFA 2026,K6 - Under 16 Division Six,,,K6-05- JMI,K6-06- Meadowridge C,04/07/26,Sat,10:50,Norway Parks,Royal Road E,4,1,,Y,,
43805789,CTTLFA 2026,K6 - Under 16 Division Six,,,K6-08- Sunningdale City C,K6-10- Shosholoza B,04/07/26,Sat,10:50,Sunningdale City,Sunningdale B,1,9,,Y,,
43806880,CTTLFA 2026,K7 - Under 16 Girls Premier One,,,K7-02- Bellville City,K7-03- Bothasig,04/07/26,Sat,10:50,Bellville City,PP Smit Stadium C,3,0,Home Walkover,Y,,
43806884,CTTLFA 2026,K7 - Under 16 Girls Premier One,,,K7-09- Bye.,K7-06- Fish Hoek,04/07/26,Sat,10:50,Bye,#1,0,0,,Y,,
43806882,CTTLFA 2026,K7 - Under 16 Girls Premier One,,,K7-11- Bye.,K7-04- Camps Bay,04/07/26,Sat,10:50,Bye,#1,0,0,,Y,,
43806879,CTTLFA 2026,K7 - Under 16 Girls Premier One,,,K7-14- Nova Generation,K7-15- Norway Parks,04/07/26,Sat,10:50,Nova Generations,Generations Sandown Institute,3,1,,Y,,
43805785,CTTLFA 2026,K8- Under 16 Division Seven,,,K8-03- Edgemead G/W C,K8-05- Meadowridge D,04/07/26,Sat,10:50,Edgemead G/W,Edgemead B,6,0,,Y,,
43805794,CTTLFA 2026,K8- Under 16 Division Seven,,,K8-08- Table View D,K8-01- Bothasig D,04/07/26,Sat,10:50,Table View,Table View B,3,0,Home Walkover,Y,,
43805793,CTTLFA 2026,K8- Under 16 Division Seven,,,K8-11- Bye,K8-02- Durbanville C,04/07/26,Sat,10:50,Bye,#1,0,0,,Y,,
43272879,CTTLFA 2026,M6 - Under 14 Division Six,,,M6-08- Holy Cross B.,M6-01- Shosholoza B,04/07/26,Sat,10:50,Holy Cross,Holy Cross School A,3,0,Home Walkover,Y,,
43806198,CTTLFA 2026,M7 - Under 14 Division Seven,,,M7-03- Meadowridge C,M7-10- Lansdowne,04/07/26,Sat,10:50,Meadowridge,Meadowridge A,4,2,,Y,,
43806201,CTTLFA 2026,M7 - Under 14 Division Seven,,,M7-04- Northpine United C,M7-06- Sunningdale City C.,04/07/26,Sat,10:50,Northpine United,Central Park B,3,0,Home Walkover,Y,,
43574614,CTTLFA 2026,M8 - Under 14 Girls Premier One,,,M8-05- Meadowridge,M8-09- Stephanian Ottery,04/07/26,Sat,10:50,Meadowridge,Meadowridge B,0,0,,Y,,
43806200,CTTLFA 2026,M9- Under 14 Division Eight,,,M9-04- Tramway,M9-06- Northpine United D,04/07/26,Sat,10:50,Tramway,Groenewald Park A,5,3,,Y,,
44032033,CTTLFA 2026,,CTTLFA Womans First Division Knock Out 2026,,H2-01- Badgers B.,H2-10- UCT B,04/07/26,Sat,12:00,Badgers FC,Oranjezicht A,3,0,,Y,,
42989869,CTTLFA 2026,I1 - Under 18 Premier One,,,I1-05- FN Rangers,I1-10- Rygersdal,04/07/26,Sat,12:30,FN Rangers,FNB Stadium A,1,0,,Y,,
42989865,CTTLFA 2026,I1 - Under 18 Premier One,,,I1-06- Hanover Park,I1-09- Norway Parks,04/07/26,Sat,12:30,Hanover Park,Hanover Park A,2,2,,Y,,
42989868,CTTLFA 2026,I1 - Under 18 Premier One,,,I1-08- Northpine United,I1-11- Table View,04/07/26,Sat,12:30,Northpine United,Central Park A,1,0,,Y,,
42990049,CTTLFA 2026,I2 - Under 18 Premier Two,,,I2-02- Durbanville,I2-03- Edgemead G/W,04/07/26,Sat,12:30,Durbanville,Klazinga Park A,0,0,,Y,,
42990047,CTTLFA 2026,I2 - Under 18 Premier Two,,,I2-05- Kensington,I2-10- Stephanian Ottery,04/07/26,Sat,12:30,Kensington,14 Avenue A,4,0,,Y,,
42990050,CTTLFA 2026,I2 - Under 18 Premier Two,,,I2-06- Kuilsriver,I2-01- Clyde Pinelands,04/07/26,Sat,12:30,Serepta Sports Ground,Serepta Sports Ground A,2,2,,Y,,
42990046,CTTLFA 2026,I2 - Under 18 Premier Two,,,I2-08- Saxon Rovers,I2-11- Sunningdale City,04/07/26,Sat,12:30,Saxon Rovers,Maitland A,3,1,,Y,,
43804790,CTTLFA 2026,I3 - Under 18 Premier Three,,,I3-01- Avendale Athletico,I3-16- Garlandale,04/07/26,Sat,12:30,Avendale Athletico,Field Crescent A,1,2,,Y,,
43206950,CTTLFA 2026,I3B - Under 18 Premier Three B,,,I3-02- Bellville City,I3-14- YSD Macassar,04/07/26,Sat,12:30,Bellville City,PP Smit Stadium A,1,2,,Y,,
43206951,CTTLFA 2026,I3B - Under 18 Premier Three B,,,I3-06- Goodwood United,I3-09- Holy Cross,04/07/26,Sat,12:30,Goodwood,Hamilton Road A,1,1,,Y,,
43206949,CTTLFA 2026,I3B - Under 18 Premier Three B,,,I3-13- West End United,I3-15- Mutual FC,04/07/26,Sat,12:30,West End United,West End Park A,2,2,,Y,,
43804792,CTTLFA 2026,I3 - Under 18 Premier Three,,,I3-17- Queens Park,I3-07- Grass Boots,04/07/26,Sat,12:30,Queens Park,10 Dongel Road Milnerton,9,2,,Y,,
43275110,CTTLFA 2026,I4 - Under 18 Division Four,,,I4-02- Cape Town Spurs B,I4-08- Table View B,04/07/26,Sat,12:30,Cape Town Spurs,Ikamva C,5,1,,Y,,
43275111,CTTLFA 2026,I4 - Under 18 Division Four,,,I4-05- Norway Parks B,I4-03- FN Rangers B,04/07/26,Sat,12:30,Norway Parks,Royal Road D,2,1,,Y,,
43275113,CTTLFA 2026,I4 - Under 18 Division Four,,,I4-06- Rygersdal B.,I4-01- Bothasig B,04/07/26,Sat,12:30,Rygersdal,Zwaanswyk High School,2,3,,Y,,
43275109,CTTLFA 2026,I4 - Under 18 Division Four,,,I4-09- CR Vasco Da Gama B,I4-07- Saxon Rovers B,04/07/26,Sat,12:30,Vasco da Gama,Da Gama Park B,3,0,Home Walkover,Y,,
43805535,CTTLFA 2026,I5 - Under 18 Division Five,,,I5-01- Bothasig C,I5-08- Ruyterwacht B,04/07/26,Sat,12:30,Bothasig,Abe Sher C,2,2,,Y,,
43805534,CTTLFA 2026,I5 - Under 18 Division Five,,,I5-03- Durbanville B.,I5-04- Edgemead G/W B.,04/07/26,Sat,12:30,Durbanville,Klazinga Park B,3,2,,Y,,
43805537,CTTLFA 2026,I5 - Under 18 Division Five,,,I5-05- Fish Hoek B.,I5-10- Bellville City B,04/07/26,Sat,12:30,Fish Hoek,Fish Hoek B,3,0,Home Walkover,Y,,
43805538,CTTLFA 2026,I5 - Under 18 Division Five,,,I5-07- Meadowridge B.,I5-02- Clyde Pinelands B,04/07/26,Sat,12:30,Meadowridge,Meadowridge A,2,2,,Y,,
43805536,CTTLFA 2026,I5 - Under 18 Division Five,,,I5-11- Tramway,I5-06- JMI,04/07/26,Sat,12:30,Tramway,Groenewald Park A,2,3,,Y,,
43279292,CTTLFA 2026,K4 - Under 16 Division Four,,,K4-05- Northpine United B,K4-02- Cape Town Spurs B,04/07/26,Sat,12:30,Northpine United,Central Park B,0,2,,Y,,
44032966,CTTLFA 2026,,CTTLFA 3rd Division Knock Out 2026,,D1-09- C.R. Vasco Da Gama,D1-01- Bellville City FC,04/07/26,Sat,14:00,Vasco da Gama,Da Gama Park A,1,0,,Y,,
43960367,CTTLFA 2026,,CTTLFA 3rd Division Knock Out 2026,,D1-11- Shosholoza FC,D1-06- Green Point Salesians,04/07/26,Sat,14:00,Pelican Heights Sports Ground,Pelican A,2,5,,Y,,
44034798,CTTLFA 2026,,CTTLFA 4th Division Knock Out 2026,,D2-06- Ruyterwacht,D2-03- Edgemead G/W,04/07/26,Sat,14:00,Ruyterwacht,Stan Abbott,2,4,,Y,,
44041470,CTTLFA 2026,,CTTLFA 4th Division Knock Out 2026,,D2-12- Kensington,D2-07- Rygersdal,04/07/26,Sat,14:00,Kensington,14 Avenue A,1,0,,Y,,
43960357,CTTLFA 2026,,CTTLFA 5th Division Knock Out 2026,,D3-01- Bothasig,D3-05-Bellville City,04/07/26,Sat,14:00,Bothasig,Abe Sher D,0,5,,Y,,
44033002,CTTLFA 2026,,CTTLFA 5th Division Knock Out 2026,,D3-02- Clyde Pinelands,D3-10- C.R. Vasco Da Gama,04/07/26,Sat,14:00,Clyde Pinelands,Ringwood Drive A,1,1,,Y,,
44034799,CTTLFA 2026,,CTTLFA 5th Division Knock Out 2026,,D3-04- Edgemead G/W,D3-08- Table View,04/07/26,Sat,14:00,Edgemead G/W,Edgemead C,1,3,,Y,,
43960358,CTTLFA 2026,,CTTLFA 5th Division Knock Out 2026,,D3-07- Northpine United,D3-09- Tramway,04/07/26,Sat,14:00,Northpine United,Central Park A,4,0,,Y,,
44034200,CTTLFA 2026,,CTTLFA 6th Division Knock Out 2026,,D4-01- Garlandale FC,D4-06- Bye,04/07/26,Sat,14:00,Garlandale,Garlandale A,3,0,,Y,,
43960353,CTTLFA 2026,,CTTLFA 6th Division Knock Out 2026,,D4-07- Rygersdal,D4-02- Clyde Pinelands,04/07/26,Sat,14:00,Rygersdal,Rygersdal B,2,1,,Y,,
43960326,CTTLFA 2026,,CTTLFA O/40 A Division Knock Out 2026,,F1-03- Fish Hoek,F1-09- Sunningdale City,04/07/26,Sat,14:00,Fish Hoek,Fish Hoek A,1,1,,Y,,
43960321,CTTLFA 2026,,CTTLFA O/40 B Division Knock Out 2026,,F2-04- Goodwood United,F2-01- Avendale Athletico,04/07/26,Sat,14:00,Goodwood,Hamilton Road B,2,2,,Y,,
44040696,CTTLFA 2026,,CTTLFA First Reserves Knock Out 2026,,FR-05- JMI,FR-12- Sunningdale City,04/07/26,Sat,14:00,Norway Parks,Royal Road E,2,5,,Y,,
44034750,CTTLFA 2026,,CTTLFA First Reserves Knock Out 2026,,FR-07- Kuilsriver,FR-02- Bothasig,04/07/26,Sat,14:00,Serepta Sports Ground,Serepta Sports Ground A,2,1,,Y,,
44033315,CTTLFA 2026,,CTTLFA O/45 A Division Knock Out 2026,,G1-03- FN Rangers,G1-04- Hanover Park,04/07/26,Sat,14:00,FN Rangers,FNB Stadium B,3,1,,Y,,
44304275,CTTLFA 2026,,CTTLFA O/45 A Division Knock Out 2026,,G1-07- Tramway,G1-11- Lansdowne,04/07/26,Sat,14:00,Tramway,Groenewald Park A,0,0,,Y,,
43960316,CTTLFA 2026,,CTTLFA O/45 A Division Knock Out 2026,,G1-12- Table View,G1-08- Bothasig,04/07/26,Sat,14:00,Table View,Table View B,3,0,,Y,,
43960310,CTTLFA 2026,,CTTLFA O/50 A Division Knock Out 2026,,G4-05- Holy Cross,G4-09- West End United A,04/07/26,Sat,14:00,Holy Cross,Voortrekker Road,0,3,,Y,,
43960306,CTTLFA 2026,,CTTLFA O/50 B Division Knock Out 2026,,G5-02- Bye.,G5-01- Bothasig,04/07/26,Sat,14:00,Bye,#1,0,3,,Y,,
44033353,CTTLFA 2026,,CTTLFA O/50 B Division Knock Out 2026,,G5-05- Everton United,G5-06- Green Point Salesians,04/07/26,Sat,14:00,Heideveld Astro,Astro A,3,0,,Y,,
43262818,CTTLFA 2026,G5 - Vets 050 B,,,G5-09- Meadowridge,G5-01- Bothasig,04/07/26,Sat,14:00,Meadowridge,Meadowridge B,0,0,,Y,,
43960301,CTTLFA 2026,,CTTLFA O/50 C Division Knock Out 2026,,G6-05- Table View,G6-03- West End United C,04/07/26,Sat,14:00,Table View,Table View C,1,3,,Y,,
43960302,CTTLFA 2026,,CTTLFA O/50 C Division Knock Out 2026,,G6-09- YMO FC,G6-02- Hanover Park C,04/07/26,Sat,14:00,YMO FC,Upper Cambridge A,3,2,,Y,,
43805792,CTTLFA 2026,K8- Under 16 Division Seven,,,K8-06- Northpine United C,K8-04- Fish Hoek C.,04/07/26,Sat,14:00,Northpine United,Central Park B,1,2,,Y,,
44034746,CTTLFA 2026,,CTTLFA Premier Reserves Knock Out 2026,,PR-01- Durbanville,PR-11- Table View,04/07/26,Sat,14:00,Durbanville,Klazinga Park A,1,1,,Y,,
44034747,CTTLFA 2026,,CTTLFA Premier Reserves Knock Out 2026,,PR-02- Edgemead G/W,PR-09- Rygersdal,04/07/26,Sat,14:00,Edgemead G/W,Edgemead A,2,3,,Y,,
44033314,CTTLFA 2026,,CTTLFA Second Reserve Knock Out 2026,,SR-01- Avendale Athletico,SR-05- Clyde Pinelands,04/07/26,Sat,14:00,Avendale Athletico,Field Crescent A,0,1,,Y,,
44034796,CTTLFA 2026,,CTTLFA Second Reserve Knock Out 2026,,SR-09- Goodwood United,SR-16- YSD Macassar,04/07/26,Sat,14:00,Goodwood,Hamilton Road A,5,0,,Y,,
44034797,CTTLFA 2026,,CTTLFA Second Reserve Knock Out 2026,,SR-14- West End United,SR-15- Young Bafana,04/07/26,Sat,14:00,West End United,West End Park A,0,1,,Y,,
43960368,CTTLFA 2026,,CTTLFA 3rd Division Knock Out 2026,,D1-05- Garden Village,D1-03- Durbanville,04/07/26,Sat,14:30,Garden Village,Alexander Road,2,1,,Y,,
43960363,CTTLFA 2026,,CTTLFA 4th Division Knock Out 2026,,D2-02- Bothasig,D2-11- Shosholoza FC,04/07/26,Sat,15:00,Bothasig,Abe Sher A,2,1,,Y,,
43960335,CTTLFA 2026,,CTTLFA O/35 A Division Knock Out 2026,,E1-03- Clyde Pinelands,E1-02- Camps Bay,04/07/26,Sat,15:00,Clyde Pinelands,Ringwood Drive B,0,3,,Y,,
43960334,CTTLFA 2026,,CTTLFA O/35 A Division Knock Out 2026,,E1-04-FN Rangers,E1-01- Avendale Athletico,04/07/26,Sat,15:00,FN Rangers,FNB Stadium A,3,1,,Y,,
44042842,CTTLFA 2026,,CTTLFA O/35 B Division Knock Out 2026,,E2-06- FN Rangers B,E2-08- Everton United,04/07/26,Sat,15:00,FN Rangers,FNB Stadium C,6,0,,Y,,
44034748,CTTLFA 2026,,CTTLFA First Division Knock Out 2026,,FD-12- Sunningdale City,FD-01- Bellville City FC,04/07/26,Sat,15:00,Sunningdale City,Sunningdale A,0,0,,Y,,
44034742,CTTLFA 2026,,CTTLFA Premier League Knock Out 2026,,PD-11- Table View,PD-13- C.R. Vasco Da Gama,04/07/26,Sat,15:00,Table View,Table View A,3,1,,Y,,
44043273,CTTLFA 2026,,CTTLFA Second Division Knock Out 2026,,SD-02- Barmsley Spurs,SD-15- Young Bafana,04/07/26,Sat,15:00,Chelsea,Hickory Road A,0,3,,Y,,
44034795,CTTLFA 2026,,CTTLFA Second Reserve Knock Out 2026,,SR-11- Mutual FC,SR-04- Chelsea Bridgetown,04/07/26,Sat,15:00,Mutual FC,Pinelands Oval A,6,0,,Y,,
43960336,CTTLFA 2026,,CTTLFA O/35 A Division Knock Out 2026,,E1-05- Goodwood United,E1-06- Hanover Park,04/07/26,Sat,15:30,Goodwood,Hamilton Road B,0,3,,Y,,
44033352,CTTLFA 2026,,CTTLFA Premier Reserves Knock Out 2026,,PR-07- Holy Cross,PR-03- Fish Hoek,04/07/26,Sat,15:45,Holy Cross,Voortrekker Road,3,0,,Y,,
44032965,CTTLFA 2026,,CTTLFA Premier Reserves Knock Out 2026,,PR-13- C.R. Vasco Da Gama,PR-05- Green Point Salesians,04/07/26,Sat,15:45,Vasco da Gama,Da Gama Park A,0,0,,Y,,
44034749,CTTLFA 2026,,CTTLFA First Division Knock Out 2026,,FD-07- Kuilsriver,FD-10- Ruyterwacht,04/07/26,Sat,16:00,Serepta Sports Ground,Serepta Sports Ground A,2,1,,Y,,
44032041,CTTLFA 2026,,CTTLFA First Reserves Knock Out 2026,,FR-06- Kensington,FR-03- Brooklyn Superstars,04/07/26,Sat,16:00,Kensington,14 Avenue A,0,0,,Y,,
44034745,CTTLFA 2026,,CTTLFA Premier League Knock Out 2026,,PD-03- Fish Hoek,PD-01- Durbanville,04/07/26,Sat,16:00,Fish Hoek,Fish Hoek A,1,3,,Y,,
44040710,CTTLFA 2026,,CTTLFA Second Division Knock Out 2026,,SD-05- Clyde Pinelands,SD-10- Hellenic,04/07/26,Sat,16:00,Clyde Pinelands,Ringwood Drive A,1,0,,Y,,
44033754,CTTLFA 2026,,CTTLFA Second Division Knock Out 2026,,SD-09- Goodwood United,SD-16- YSD Macassar,04/07/26,Sat,16:00,Goodwood,Hamilton Road A,3,0,,Y,,
43256976,CTTLFA 2026,O1 - Under 12 Premier One,,,O1-04- FC Kapstadt,O1-05- FN Rangers,05/07/26,Sun,09:00,FC Kapstadt,Malta Park Astro,2,2,,Y,,
43574616,CTTLFA 2026,M8 - Under 14 Girls Premier One,,,M8-07- Rygersdal,M8-12- Hout Bay,05/07/26,Sun,09:30,Rygersdal,Allenby Drive Sports Complex,0,5,,Y,,
42989846,CTTLFA 2026,I1 - Under 18 Premier One,,,I1-04- FC Kapstadt,I1-13- Wynberg St Johns,05/07/26,Sun,11:00,FC Kapstadt,Malta Park Astro,4,1,,Y,,
43256664,CTTLFA 2026,K1 - Under 16 Premier One,,,K1-04- FC Kapstadt,K1-05- FN Rangers,05/07/26,Sun,12:40,FC Kapstadt,Malta Park Astro,0,4,,Y,,
43256448,CTTLFA 2026,C2 - Second Reserve,,,SR-06- De Beers,SR-04- Chelsea Bridgetown,05/07/26,Sun,14:00,De Beers,Somerset West A,1,1,,Y,,
44034752,CTTLFA 2026,,CTTLFA Second Division Knock Out 2026,,SD-07- FC Kapstadt,SD-01- Avendale Athletico,05/07/26,Sun,15:00,FC Kapstadt,Malta Park Astro,2,2,,Y,,
42989819,CTTLFA 2026,I1 - Under 18 Premier One,,,I1-04- FC Kapstadt,I1-05- FN Rangers,07/07/26,Tue,18:30,FC Kapstadt,Hartleyvale A,1,1,,Y,,
43806881,CTTLFA 2026,K7 - Under 16 Girls Premier One,,,K7-13- Wynberg St Johns,K7-05- Clyde Pinelands,07/07/26,Tue,19:00,Wynberg st Johns,Wynberg B,3,0,,Y,,
43256415,CTTLFA 2026,C2 - Second Reserve,,,SR-03- Camps Bay,SR-10- Hellenic,07/07/26,Tue,19:00,Camps Bay,Camps Bay A,3,5,,Y,,
43575227,CTTLFA 2026,D1 - 3rd Division,,,D1-03- Durbanville,D1-07- Saxon Rovers,07/07/26,Tue,20:00,Durbanville,Klazinga Park B,4,1,,Y,,
43575524,CTTLFA 2026,D4 - 6th Division,,,D4-05- Kuilsriver,D4-07- Rygersdal,07/07/26,Tue,20:00,Serepta Sports Ground,Serepta Sports Ground A,8,2,,Y,,
43575527,CTTLFA 2026,D4 - 6th Division,,,D4-11- Edgemead G/W,D4-06- Bye,07/07/26,Tue,20:00,Edgemead G/W,Edgemead D,0,0,,Y,,
43575830,CTTLFA 2026,E2- Vets 035 B,,,E2-07- Meadowridge,E2-09- Tramway,07/07/26,Tue,20:00,Meadowridge,Meadowridge B,4,2,,Y,,
43262409,CTTLFA 2026,F1 - Vets 040 A,,,F1-06- Norway Parks,F1-05- Hanover Park,07/07/26,Tue,20:00,Norway Parks,Royal Road A,0,6,,Y,,
43262455,CTTLFA 2026,F1 - Vets 040 A,,,F1-08- Stephanian Ottery,F1-07- Rygersdal,07/07/26,Tue,20:00,Stephanian Ottery,Stephanian Ottery A,3,3,,Y,,
43575665,CTTLFA 2026,F2 - Vets 040 B,,,F2-09- Wynberg St Johns,F2-08- Kensington,07/07/26,Tue,20:00,Wynberg st Johns,Wynberg B,1,0,,Y,,
43262906,CTTLFA 2026,G4 - Vets 050 A,,,G4-07- Stephanian Ottery,G4-09- West End United A,07/07/26,Tue,20:00,Stephanian Ottery,Stephanian Ottery B,0,1,,Y,,
43575103,CTTLFA 2026,G6 - Vets O50 C,,,G6-02- Hanover Park C,G6-06- Tramway B,07/07/26,Tue,20:00,Hanover Park,Hanover Park A,2,0,,Y,,
42996903,CTTLFA 2026,A1 - Premier Division,,,PD-05- Green Point Salesians,PD-07- Holy Cross,07/07/26,Tue,20:00,Green Point,Green Point A,2,0,,Y,,
42990219,CTTLFA 2026,B1 - First Division,,,FD-08- Meadowridge,FD-10- Ruyterwacht,07/07/26,Tue,20:30,Meadowridge,Meadowridge A,1,0,,Y,,
43206477,CTTLFA 2026,C1 - Second Division,,,SD-03- Camps Bay,SD-10- Hellenic,07/07/26,Tue,20:45,Camps Bay,Camps Bay A,1,2,,Y,,
43262936,CTTLFA 2026,G4 - Vets 050 A,,,G4-06- Rygersdal,G4-05- Holy Cross,08/07/26,Wed,19:00,U C T,U C T,1,1,,Y,,
43575529,CTTLFA 2026,D4 - 6th Division,,,D4-01- Garlandale FC,D4-08- Bothasig,08/07/26,Wed,19:30,Garlandale,Garlandale A,2,3,,Y,,
43806405,CTTLFA 2026,G1 - Vets 045 A,,,G1-02-Edgemead G/W,G1-01- De Beers,08/07/26,Wed,19:30,Edgemead G/W,Edgemead A,1,1,,Y,,
43575832,CTTLFA 2026,E2- Vets 035 B,,,E2-02- Durbanville,E2-01- Bellville City,08/07/26,Wed,20:00,Durbanville,Klazinga Park A,1,1,,Y,,
43806401,CTTLFA 2026,G1 - Vets 045 A,,,G1-04- Hanover Park,G1-09- Garden Village,08/07/26,Wed,20:00,Hanover Park,Hanover Park A,4,0,,Y,,
43262916,CTTLFA 2026,G4 - Vets 050 A,,,G4-04- Hanover Park,G4-03- FN Rangers,08/07/26,Wed,20:00,Hanover Park,Hanover Park A,3,0,,Y,,
43575115,CTTLFA 2026,G6 - Vets O50 C,,,G6-06- Tramway B,G6-11- Bye,08/07/26,Wed,20:00,Tramway,Groenewald Park A,0,0,,Y,,
43575587,CTTLFA 2026,D4 - 6th Division,,,D4-10- Sunningdale City,D4-02- Clyde Pinelands,08/07/26,Wed,20:30,Sunningdale City,Sunningdale B,3,3,,Y,,
43575847,CTTLFA 2026,E2- Vets 035 B,,,E2-12- Clyde Pinelands B,E2-08- Everton United,08/07/26,Wed,20:30,Clyde Pinelands,Ringwood Drive B,1,5,,Y,,
43262820,CTTLFA 2026,G5 - Vets 050 B,,,G5-01- Bothasig,G5-07- Hanover Park B,09/07/26,Thu,19:00,Bothasig,Abe Sher A,1,4,,Y,,
43575117,CTTLFA 2026,G6 - Vets O50 C,,,G6-02- Hanover Park C,G6-05- Table View,09/07/26,Thu,19:00,Hanover Park,Hanover Park A,0,0,,Y,,
43806385,CTTLFA 2026,G1 - Vets 045 A,,,G1-13- Stephanian Ottery,G1-05- Meadowridge,09/07/26,Thu,19:30,Stephanian Ottery,Stephanian Ottery A,1,1,,Y,,
43575957,CTTLFA 2026,E1- Vets 035,,,E1-02- Camps Bay,E1-01- Avendale Athletico,09/07/26,Thu,20:00,Camps Bay,Camps Bay A,0,3,,Y,,
43575727,CTTLFA 2026,F2 - Vets 040 B,,,F2-05- Green Point Salesians,F2-04- Goodwood United,09/07/26,Thu,20:15,Green Point,Green Point A,4,0,,Y,,
43575282,CTTLFA 2026,D3 - 5th Division,,,D3-11- Hanover Park,D3-07- Northpine United,09/07/26,Thu,20:30,Hanover Park,Hanover Park A,1,2,,Y,,
43575723,CTTLFA 2026,F2 - Vets 040 B,,,F2-12- Sunningdale City B,F2-08- Kensington,10/07/26,Fri,19:00,Sunningdale City,Sunningdale B,6,3,,Y,,
43575118,CTTLFA 2026,G6 - Vets O50 C,,,G6-01- Avendale Athletico,G6-09- YMO FC,10/07/26,Fri,19:00,Chelsea,Hickory Road A,2,2,,Y,,
43806560,CTTLFA 2026,H1 - Womens Premier League,,,H1-04- Fish Hoek,H1-05- FN Rangers,10/07/26,Fri,19:00,Fish Hoek,Fish Hoek A,1,4,,Y,,
43317325,CTTLFA 2026,H2 - Womens First Division,,,H2-03- Green Point Salesians B,H2-02- Bothasig,10/07/26,Fri,19:00,Green Point,Green Point A,0,2,,Y,,
43317326,CTTLFA 2026,H2 - Womens First Division,,,H2-06- Meadowridge,H2-09- Stephanian Ottery,10/07/26,Fri,19:00,Meadowridge,Meadowridge A,1,0,,Y,,
43317324,CTTLFA 2026,H2 - Womens First Division,,,H2-08- Saxon Rovers,H2-04- Kensington,10/07/26,Fri,19:00,Saxon Rovers,Maitland A,4,3,,Y,,
43574513,CTTLFA 2026,O7 - Under 12 Girls Premier One (9v9),,,O7-06- Meadowridge B,O7-01- Bellville City,10/07/26,Fri,19:00,Meadowridge,Meadowridge B,0,2,,Y,,
43256147,CTTLFA 2026,A2 - Premier Reserve,,,PR-06- Hanover Park,PR-14- Wynberg St Johns,10/07/26,Fri,19:00,Hanover Park,Hanover Park A,6,3,,Y,,
43575843,CTTLFA 2026,E2- Vets 035 B,,,E2-02- Durbanville,E2-10- Wynberg St Johns,10/07/26,Fri,19:30,Durbanville,Klazinga Park A,4,4,,Y,,
43262508,CTTLFA 2026,F1 - Vets 040 A,,,F1-09- Sunningdale City,F1-06- Norway Parks,10/07/26,Fri,19:30,Sunningdale City,Sunningdale A,3,2,,Y,,
43262934,CTTLFA 2026,G4 - Vets 050 A,,,G4-08- Tramway,G4-01- Clyde Pinelands,10/07/26,Fri,19:30,Tramway,Groenewald Park A,11,1,,Y,,
43575591,CTTLFA 2026,D4 - 6th Division,,,D4-04- Holy Cross,D4-03- De Beers,10/07/26,Fri,20:00,Holy Cross,Voortrekker Road,3,1,,Y,,
43575725,CTTLFA 2026,F2 - Vets 040 B,,,F2-09- Wynberg St Johns,F2-06- Kuilsriver,10/07/26,Fri,20:00,Wynberg st Johns,Wynberg B,1,1,,Y,,
43575280,CTTLFA 2026,D1 - 3rd Division,,,D1-05- Garden Village,D1-11- Shosholoza FC,10/07/26,Fri,20:30,Garden Village,Alexander Road,5,2,,Y,,
43575462,CTTLFA 2026,D2 - 4th Division,,,D2-01- Avendale Athletico,D2-07- Rygersdal,10/07/26,Fri,20:30,Chelsea,Hickory Road A,,,Abandoned,,,
43575593,CTTLFA 2026,D4 - 6th Division,,,D4-06- Bye,D4-11- Edgemead G/W,10/07/26,Fri,20:30,Bye,#1,0,0,,Y,,
43575594,CTTLFA 2026,D4 - 6th Division,,,D4-10- Sunningdale City,D4-09- Stephanian Ottery,10/07/26,Fri,20:30,Sunningdale City,Sunningdale B,0,4,,Y,,
43262510,CTTLFA 2026,F1 - Vets 040 A,,,F1-03- Fish Hoek,F1-05- Hanover Park,10/07/26,Fri,20:30,Fish Hoek,Fish Hoek A,1,2,,Y,,
43575726,CTTLFA 2026,F2 - Vets 040 B,,,F2-02- Bothasig,F2-01- Avendale Athletico,10/07/26,Fri,20:30,Bothasig,Abe Sher A,0,5,,Y,,
43575722,CTTLFA 2026,F2 - Vets 040 B,,,F2-11- Saxon Rovers,F2-10- Jamestown United,10/07/26,Fri,20:30,Saxon Rovers,Maitland A,5,0,,Y,,
42996962,CTTLFA 2026,A1 - Premier Division,,,PD-06- Hanover Park,PD-14- Wynberg St Johns,10/07/26,Fri,20:30,Hanover Park,Hanover Park A,5,1,,Y,,
43257029,CTTLFA 2026,O1 - Under 12 Premier One,,,O1-07- Hellenic,O1-13- Wynberg St Johns,11/07/26,Sat,08:15,Hellenic,Tygerhof Sports Complex A,4,1,,Y,,
43257030,CTTLFA 2026,O1 - Under 12 Premier One,,,O1-09- Norway Parks,O1-04- FC Kapstadt,11/07/26,Sat,08:15,Norway Parks,Royal Road A,2,2,,Y,,
43257031,CTTLFA 2026,O1 - Under 12 Premier One,,,O1-10- Rygersdal,O1-08- Northpine United,11/07/26,Sat,08:15,Chukker Sports Complex,#1,2,1,,Y,,
43257032,CTTLFA 2026,O1 - Under 12 Premier One,,,O1-11- Table View,O1-06- Hanover Park,11/07/26,Sat,08:15,Table View,Table View A,5,1,,Y,,
43257033,CTTLFA 2026,O1 - Under 12 Premier One,,,O1-12- CR Vasco Da Gama,O1-05- FN Rangers,11/07/26,Sat,08:15,Vasco da Gama,Da Gama Park B,3,3,,Y,,
43257437,CTTLFA 2026,O2 - Under 12 Premier Two,,,O2-03- Edgemead G/W,O2-08- Saxon Rovers,11/07/26,Sat,08:15,Edgemead G/W,Edgemead A,0,2,,Y,,
43257438,CTTLFA 2026,O2 - Under 12 Premier Two,,,O2-06- Kuilsriver,O2-05- Kensington,11/07/26,Sat,08:15,Serepta Sports Ground,Serepta Sports Ground A,1,6,,Y,,
43257439,CTTLFA 2026,O2 - Under 12 Premier Two,,,O2-07- Meadowridge,O2-02- Durbanville,11/07/26,Sat,08:15,Meadowridge,Meadowridge A,3,0,,Y,,
43257440,CTTLFA 2026,O2 - Under 12 Premier Two,,,O2-09- Shosholoza,O2-12- Young Bafana,11/07/26,Sat,08:15,Pelican Heights Sports Ground,Pelican A,2,4,,Y,,
43257441,CTTLFA 2026,O2 - Under 12 Premier Two,,,O2-10- Stephanian Ottery,O2-04- Fish Hoek,11/07/26,Sat,08:15,Stephanian Ottery,Stephanian Ottery A,4,4,,Y,,
43257442,CTTLFA 2026,O2 - Under 12 Premier Two,,,O2-11- Sunningdale City,O2-01- Clyde Pinelands,11/07/26,Sat,08:15,Sunningdale City,Sunningdale A,3,0,Home Walkover,Y,,
43260929,CTTLFA 2026,O3B - Under 12 Premier Three B,,,O3-02- Bellville City,O3-05- Garden Village,11/07/26,Sat,08:15,Bellville City,PP Smit Stadium C,3,0,Home Walkover,Y,,
43260930,CTTLFA 2026,O3B - Under 12 Premier Three B,,,O3-03- Bothasig,O3-13- West End United,11/07/26,Sat,08:15,Bothasig,Abe Sher A,9,1,,Y,,
43805265,CTTLFA 2026,O3 - Under 12 Premier Three,,,O3-04- Chelsea Bridgetown,O3-17- Queens Park,11/07/26,Sat,08:15,Chelsea,Hickory Road A,0,0,,Y,,
43805266,CTTLFA 2026,O3 - Under 12 Premier Three,,,O3-07- Grass Boots,O3-11- Ruyterwacht,11/07/26,Sat,08:15,Grass Boots,"Van Riebeeck Park, Sidmouth Road A",4,3,,Y,,
43805267,CTTLFA 2026,O3 - Under 12 Premier Three,,,O3-08- Green Point Salesians,O3-01- Avendale Athletico,11/07/26,Sat,08:15,Green Point,Green Point A,9,2,,Y,,
43260932,CTTLFA 2026,O3B - Under 12 Premier Three B,,,O3-14- YSD Macassar,O3-06- Goodwood United,11/07/26,Sat,08:15,YSD Macassar,YSD Macassar A,4,0,,Y,,
43274299,CTTLFA 2026,O4 - Under 12 Division Four,,,O4-05- Northpine United B,O4-10- CR Vasco Da Gama B,11/07/26,Sat,08:15,Northpine United,Central Park A,2,13,,Y,,
43274297,CTTLFA 2026,O4 - Under 12 Division Four,,,O4-06- Norway Parks B,O4-04- FN Rangers B,11/07/26,Sat,08:15,Norway Parks,Royal Road D,2,3,,Y,,
43274296,CTTLFA 2026,O4 - Under 12 Division Four,,,O4-09- Table View B,O4-03- De Beers B.,11/07/26,Sat,08:15,Table View,Table View B,0,2,,Y,,
43274303,CTTLFA 2026,O4 - Under 12 Division Four,,,O4-11- Wynberg St Johns B.,O4-07- Rygersdal B,11/07/26,Sat,08:15,Wynberg st Johns,Wynberg B,0,1,,Y,,
43274300,CTTLFA 2026,O5 - Under 12 Division Five,,,O5-03- Clyde Pinelands B,O5-02- Bothasig B,11/07/26,Sat,08:15,Clyde Pinelands,Ringwood Drive B,2,2,,Y,,
43274301,CTTLFA 2026,O5 - Under 12 Division Five,,,O5-05- Edgemead G/W B.,O5-04- Durbanville B.,11/07/26,Sat,08:15,Edgemead G/W,Edgemead B,2,1,,Y,,
43274302,CTTLFA 2026,O5 - Under 12 Division Five,,,O5-06- Fish Hoek B.,O5-10- Stephanian Ottery B,11/07/26,Sat,08:15,Fish Hoek,Fish Hoek A,2,1,,Y,,
43274298,CTTLFA 2026,O5 - Under 12 Division Five,,,O5-08- Kuilsriver B.,O5-09- Meadowridge B.,11/07/26,Sat,08:15,Serepta Sports Ground,Serepta Sports Ground B,0,8,,Y,,
43274304,CTTLFA 2026,O5 - Under 12 Division Five,,,O5-11- Sunningdale City B,O5-07- Goodwood United B,11/07/26,Sat,08:15,Sunningdale City,Sunningdale B,11,1,,Y,,
43331127,CTTLFA 2026,O6 - Under 12 Division Six,,,O6-02- Brooklyn Superstars,O6-07- Meadowridge C,11/07/26,Sat,08:15,Bayview Sports Complex,Brooklyn Bayview Sports Complex A,7,0,,Y,,
43331128,CTTLFA 2026,O6 - Under 12 Division Six,,,O6-03- Kensington B,O6-09- Holy Cross B,11/07/26,Sat,08:15,Kensington,14 Avenue A,1,4,,Y,,
43574512,CTTLFA 2026,O7 - Under 12 Girls Premier One (9v9),,,O7-02- Bothasig,O7-08- Wynberg St Johns,11/07/26,Sat,08:15,Bothasig,Abe Sher D,2,2,,Y,,
43574515,CTTLFA 2026,O7 - Under 12 Girls Premier One (9v9),,,O7-03- Fish Hoek.,O7-05- Meadowridge A,11/07/26,Sat,08:15,Fish Hoek,Fish Hoek B,0,5,,Y,,
43574514,CTTLFA 2026,O7 - Under 12 Girls Premier One (9v9),,,O7-09- Hout Bay,O7-04- Bye,11/07/26,Sat,08:15,Chukker Sports Complex,#1,0,0,,Y,,
43806090,CTTLFA 2026,O8- Under 12 Division Seven,,,O8-01- Tramway,O8-10- Garlandale B,11/07/26,Sat,08:15,Tramway,Groenewald Park A,6,1,,Y,,
43806089,CTTLFA 2026,O8- Under 12 Division Seven,,,O8-02- Durbanville C,O8-06- Rygersdal C,11/07/26,Sat,08:15,Durbanville,Klazinga Park B,3,3,,Y,,
43806086,CTTLFA 2026,O8- Under 12 Division Seven,,,O8-04- Meadowridge D,O8-09- Lansdowne,11/07/26,Sat,08:15,Meadowridge,Meadowridge B,1,4,,Y,,
43806087,CTTLFA 2026,O8- Under 12 Division Seven,,,O8-05- Norway Parks C,O8-07- Tramway B,11/07/26,Sat,08:15,Norway Parks,Royal Road C,3,3,,Y,,
43806088,CTTLFA 2026,O8- Under 12 Division Seven,,,O8-08- Wynberg St Johns C,O8-03- Mutual B,11/07/26,Sat,08:15,Wynberg st Johns,Wynberg A,5,8,,Y,,
43256873,CTTLFA 2026,M1 - Under 14 Premier One,,,M1-07- Hellenic,M1-13- Wynberg St Johns,11/07/26,Sat,09:30,Hellenic,Tygerhof Sports Complex A,1,0,,Y,,
43256874,CTTLFA 2026,M1 - Under 14 Premier One,,,M1-09- Norway Parks,M1-04- FC Kapstadt,11/07/26,Sat,09:30,Norway Parks,Royal Road A,1,0,,Y,,
43256875,CTTLFA 2026,M1 - Under 14 Premier One,,,M1-10- Rygersdal,M1-08- Northpine United,11/07/26,Sat,09:30,Chukker Sports Complex,#1,1,1,,Y,,
43256876,CTTLFA 2026,M1 - Under 14 Premier One,,,M1-11- Table View,M1-06- Hanover Park,11/07/26,Sat,09:30,Table View,Table View A,2,2,,Y,,
43256877,CTTLFA 2026,M1 - Under 14 Premier One,,,M1-12- CR Vasco Da Gama,M1-05- FN Rangers,11/07/26,Sat,09:30,Vasco da Gama,Da Gama Park B,2,0,,Y,,
43257305,CTTLFA 2026,M2 - Under 14 Premier Two,,,M2-03- Edgemead G/W,M2-08- Saxon Rovers,11/07/26,Sat,09:30,Edgemead G/W,Edgemead A,6,1,,Y,,
43257306,CTTLFA 2026,M2 - Under 14 Premier Two,,,M2-06- Kuilsriver,M2-05- Kensington,11/07/26,Sat,09:30,Serepta Sports Ground,Serepta Sports Ground A,3,1,,Y,,
43257307,CTTLFA 2026,M2 - Under 14 Premier Two,,,M2-07- Meadowridge,M2-02- Durbanville,11/07/26,Sat,09:30,Meadowridge,Meadowridge A,4,1,,Y,,
43257308,CTTLFA 2026,M2 - Under 14 Premier Two,,,M2-09- Shosholoza,M2-12- Young Bafana,11/07/26,Sat,09:30,Pelican Heights Sports Ground,Pelican A,4,2,,Y,,
43257309,CTTLFA 2026,M2 - Under 14 Premier Two,,,M2-10- Stephanian Ottery,M2-04- Fish Hoek,11/07/26,Sat,09:30,Stephanian Ottery,Stephanian Ottery A,0,0,,Y,,
43257310,CTTLFA 2026,M2 - Under 14 Premier Two,,,M2-11- Sunningdale City,M2-01- Clyde Pinelands,11/07/26,Sat,09:30,Sunningdale City,Sunningdale A,2,0,,Y,,
43260871,CTTLFA 2026,M3B - Under 14 Premier Three B,,,M3-02- Bellville City,M3-05- Garden Village,11/07/26,Sat,09:30,Bellville City,PP Smit Stadium A,4,1,,Y,,
43260872,CTTLFA 2026,M3B - Under 14 Premier Three B,,,M3-03- Bothasig,M3-13- West End United,11/07/26,Sat,09:30,Bothasig,Abe Sher A,6,0,,Y,,
43805600,CTTLFA 2026,M3 - Under 14 Premier Three,,,M3-04- Chelsea Bridgetown,M3-17- Queens Park,11/07/26,Sat,09:30,Chelsea,Hickory Road A,2,1,,Y,,
43805601,CTTLFA 2026,M3 - Under 14 Premier Three,,,M3-07- Grass Boots,M3-11- Ruyterwacht,11/07/26,Sat,09:30,Grass Boots,"Van Riebeeck Park, Sidmouth Road A",2,2,,Y,,
43805602,CTTLFA 2026,M3 - Under 14 Premier Three,,,M3-08- Green Point Salesians,M3-01- Avendale Athletico,11/07/26,Sat,09:30,Green Point,Green Point A,5,1,,Y,,
43260874,CTTLFA 2026,M3B - Under 14 Premier Three B,,,M3-14- YSD Macassar,M3-06- Goodwood United,11/07/26,Sat,09:30,YSD Macassar,YSD Macassar A,3,1,,Y,,
43279185,CTTLFA 2026,M4 - Under 14 Division Four,,,M4-05- Northpine United B,M4-10- CR Vasco Da Gama B,11/07/26,Sat,09:30,Northpine United,Central Park A,2,2,,Y,,
43279186,CTTLFA 2026,M4 - Under 14 Division Four,,,M4-06- Norway Parks B,M4-04- FN Rangers B,11/07/26,Sat,09:30,Norway Parks,Royal Road D,1,1,,Y,,
43279187,CTTLFA 2026,M4 - Under 14 Division Four,,,M4-09- Table View B,M4-03- De Beers B.,11/07/26,Sat,09:30,Table View,Table View B,2,3,,Y,,
43279188,CTTLFA 2026,M4 - Under 14 Division Four,,,M4-11- Wynberg St Johns B.,M4-07- Rygersdal B,11/07/26,Sat,09:30,Wynberg st Johns,Wynberg B,3,5,,Y,,
43279520,CTTLFA 2026,M5 - Under 14 Division Five,,,M5-03- Clyde Pinelands B,M5-02- Bothasig B,11/07/26,Sat,09:30,Clyde Pinelands,Ringwood Drive B,5,2,,Y,,
43279521,CTTLFA 2026,M5 - Under 14 Division Five,,,M5-05- Edgemead G/W B.,M5-04- Durbanville B.,11/07/26,Sat,09:30,Edgemead G/W,Edgemead B,2,3,,Y,,
43279522,CTTLFA 2026,M5 - Under 14 Division Five,,,M5-06- Fish Hoek B.,M5-10- Stephanian Ottery B,11/07/26,Sat,09:30,Fish Hoek,Fish Hoek A,3,2,,Y,,
43279523,CTTLFA 2026,M5 - Under 14 Division Five,,,M5-08- Kuilsriver B.,M5-09- Meadowridge B.,11/07/26,Sat,09:30,Serepta Sports Ground,Serepta Sports Ground B,2,1,,Y,,
43272883,CTTLFA 2026,M6 - Under 14 Division Six,,,M6-03- Bye,M6-08- Holy Cross B.,11/07/26,Sat,09:30,Bye,#1,0,0,,Y,,
43272882,CTTLFA 2026,M6 - Under 14 Division Six,,,M6-04- Kensington B,M6-01- Shosholoza B,11/07/26,Sat,09:30,Kensington,14 Avenue A,2,2,,Y,,
43272880,CTTLFA 2026,M6 - Under 14 Division Six,,,M6-05- Edgemead G/W C,M6-09- JMI,11/07/26,Sat,09:30,Edgemead G/W,Edgemead C,1,1,,Y,,
43806213,CTTLFA 2026,M7 - Under 14 Division Seven,,,M7-06- Sunningdale City C.,M7-07- Table View C,11/07/26,Sat,09:30,Sunningdale City,Sunningdale B,2,4,,Y,,
43806210,CTTLFA 2026,M7 - Under 14 Division Seven,,,M7-08- Wynberg St Johns C,M7-04- Northpine United C,11/07/26,Sat,09:30,Wynberg st Johns,Wynberg A,1,2,,Y,,
43806207,CTTLFA 2026,M7 - Under 14 Division Seven,,,M7-10- Lansdowne,M7-05- Rygersdal C,11/07/26,Sat,09:30,Lansdowne,Chukker Road A,4,0,,Y,,
43574622,CTTLFA 2026,M8 - Under 14 Girls Premier One,,,M8-01- Bellville City,M8-05- Meadowridge,11/07/26,Sat,09:30,Bellville City,PP Smit Stadium B,5,2,,Y,,
43574619,CTTLFA 2026,M8 - Under 14 Girls Premier One,,,M8-04- Fish Hoek,M8-06- Norway Parks,11/07/26,Sat,09:30,Fish Hoek,Fish Hoek B,8,0,,Y,,
43574623,CTTLFA 2026,M8 - Under 14 Girls Premier One,,,M8-09- Stephanian Ottery,M8-02- Bothasig,11/07/26,Sat,09:30,Stephanian Ottery,Stephanian Ottery B,3,0,,Y,,
43574620,CTTLFA 2026,M8 - Under 14 Girls Premier One,,,M8-12- Hout Bay,M8-11- Wynberg St Johns,11/07/26,Sat,09:30,Chukker Sports Complex,#1,3,0,,Y,,
43806208,CTTLFA 2026,M9- Under 14 Division Eight,,,M9-06- Northpine United D,M9-02- Bothasig D,11/07/26,Sat,09:30,Northpine United,Central Park B,7,1,,Y,,
43806206,CTTLFA 2026,M9- Under 14 Division Eight,,,M9-07- Bye,M9-01- Bellville City C,11/07/26,Sat,09:30,Bye,#1,0,0,,Y,,
43806212,CTTLFA 2026,M9- Under 14 Division Eight,,,M9-09- Garlandale B,M9-04- Tramway,11/07/26,Sat,09:30,Garlandale,Garlandale A,1,6,,Y,,
43260931,CTTLFA 2026,O3B - Under 12 Premier Three B,,,O3-09- Holy Cross,O3-15- Mutual FC,11/07/26,Sat,09:30,Holy Cross,Holy Cross School A,6,0,,Y,,
43331126,CTTLFA 2026,O6 - Under 12 Division Six,,,O6-04- FC Kapstadt B,O6-08- Stephanian Ottery C,11/07/26,Sat,09:30,FC Kapstadt,Hartleyvale D,8,0,,Y,,
43256717,CTTLFA 2026,K1 - Under 16 Premier One,,,K1-07- Hellenic,K1-13- Wynberg St Johns,11/07/26,Sat,10:50,Hellenic,Tygerhof Sports Complex A,2,1,,Y,,
43256718,CTTLFA 2026,K1 - Under 16 Premier One,,,K1-09- Norway Parks,K1-04- FC Kapstadt,11/07/26,Sat,10:50,Norway Parks,Royal Road A,1,1,,Y,,
43256719,CTTLFA 2026,K1 - Under 16 Premier One,,,K1-10- Rygersdal,K1-08- Northpine United,11/07/26,Sat,10:50,Chukker Sports Complex,#1,3,2,,Y,,
43256720,CTTLFA 2026,K1 - Under 16 Premier One,,,K1-11- Table View,K1-06- Hanover Park,11/07/26,Sat,10:50,Table View,Table View A,1,0,,Y,,
43256721,CTTLFA 2026,K1 - Under 16 Premier One,,,K1-12- CR Vasco Da Gama,K1-05- FN Rangers,11/07/26,Sat,10:50,Vasco da Gama,Da Gama Park B,0,1,,Y,,
43257172,CTTLFA 2026,K2 - Under 16 Premier Two,,,K2-03- Edgemead G/W,K2-08- Saxon Rovers,11/07/26,Sat,10:50,Edgemead G/W,Edgemead A,1,3,,Y,,
43257173,CTTLFA 2026,K2 - Under 16 Premier Two,,,K2-06- Kuilsriver,K2-05- Kensington,11/07/26,Sat,10:50,Serepta Sports Ground,Serepta Sports Ground A,2,0,,Y,,
43257174,CTTLFA 2026,K2 - Under 16 Premier Two,,,K2-07- Meadowridge,K2-02- Durbanville,11/07/26,Sat,10:50,Meadowridge,Meadowridge A,0,3,,Y,,
43257175,CTTLFA 2026,K2 - Under 16 Premier Two,,,K2-09- Shosholoza,K2-12- Young Bafana,11/07/26,Sat,10:50,Pelican Heights Sports Ground,Pelican A,1,7,,Y,,
43257176,CTTLFA 2026,K2 - Under 16 Premier Two,,,K2-10- Stephanian Ottery,K2-04- Fish Hoek,11/07/26,Sat,10:50,Stephanian Ottery,Stephanian Ottery A,1,7,,Y,,
43257177,CTTLFA 2026,K2 - Under 16 Premier Two,,,K2-11- Sunningdale City,K2-01- Clyde Pinelands,11/07/26,Sat,10:50,Sunningdale City,Sunningdale A,3,1,,Y,,
43260815,CTTLFA 2026,K3B - Under 16 Premier Three B,,,K3-02- Bellville City,K3-05- Garden Village,11/07/26,Sat,10:50,Bellville City,PP Smit Stadium A,2,2,,Y,,
43260816,CTTLFA 2026,K3B - Under 16 Premier Three B,,,K3-03- Bothasig,K3-13- West End United,11/07/26,Sat,10:50,Bothasig,Abe Sher A,5,2,,Y,,
43805274,CTTLFA 2026,K3 - Under 16 Premier Three,,,K3-04- Chelsea Bridgetown,K3-17- Queens Park,11/07/26,Sat,10:50,Chelsea,Hickory Road A,2,6,,Y,,
43805275,CTTLFA 2026,K3 - Under 16 Premier Three,,,K3-07- Grass Boots,K3-11- Ruyterwacht,11/07/26,Sat,10:50,Grass Boots,"Van Riebeeck Park, Sidmouth Road A",2,2,,Y,,
43805276,CTTLFA 2026,K3 - Under 16 Premier Three,,,K3-08- Green Point Salesians,K3-01- Avendale Athletico,11/07/26,Sat,10:50,Green Point,Green Point A,14,0,,Y,,
43260817,CTTLFA 2026,K3B - Under 16 Premier Three B,,,K3-09- Holy Cross,K3-15- Mutual FC,11/07/26,Sat,10:50,Holy Cross,Voortrekker Road,4,1,,Y,,
43260818,CTTLFA 2026,K3B - Under 16 Premier Three B,,,K3-14- YSD Macassar,K3-06- Goodwood United,11/07/26,Sat,10:50,YSD Macassar,YSD Macassar A,9,1,,Y,,
43279296,CTTLFA 2026,K4 - Under 16 Division Four,,,K4-05- Northpine United B,K4-10- CR Vasco Da Gama B,11/07/26,Sat,10:50,Northpine United,Central Park A,3,0,,Y,,
43279297,CTTLFA 2026,K4 - Under 16 Division Four,,,K4-06- Norway Parks B,K4-04- FN Rangers B,11/07/26,Sat,10:50,Norway Parks,Royal Road D,3,1,,Y,,
43279298,CTTLFA 2026,K4 - Under 16 Division Four,,,K4-09- Table View B.,K4-03- De Beers B.,11/07/26,Sat,10:50,Table View,Table View B,2,3,,Y,,
43279299,CTTLFA 2026,K4 - Under 16 Division Four,,,K4-11- Wynberg St Johns B.,K4-07- Rygersdal B,11/07/26,Sat,10:50,Wynberg st Johns,Wynberg B,1,6,,Y,,
43279410,CTTLFA 2026,K5 - Under 16 Division Five,,,K5-03- Clyde Pinelands B,K5-02- Bothasig B,11/07/26,Sat,10:50,Clyde Pinelands,Ringwood Drive B,2,0,,Y,,
43279411,CTTLFA 2026,K5 - Under 16 Division Five,,,K5-05- Edgemead G/W B.,K5-04- Durbanville B.,11/07/26,Sat,10:50,Edgemead G/W,Edgemead B,1,1,,Y,,
43279412,CTTLFA 2026,K5 - Under 16 Division Five,,,K5-06- Fish Hoek B.,K5-10- Stephanian Ottery B,11/07/26,Sat,10:50,Fish Hoek,Fish Hoek A,5,2,,Y,,
43279413,CTTLFA 2026,K5 - Under 16 Division Five,,,K5-08- Kuilsriver B.,K5-09- Meadowridge B.,11/07/26,Sat,10:50,Serepta Sports Ground,Serepta Sports Ground B,2,1,,Y,,
43805804,CTTLFA 2026,K6 - Under 16 Division Six,,,K6-06- Meadowridge C,K6-01- Bye.,11/07/26,Sat,10:50,Meadowridge,Meadowridge B,0,0,,Y,,
43805800,CTTLFA 2026,K6 - Under 16 Division Six,,,K6-07- Ruyterwacht B,K6-05- JMI,11/07/26,Sat,10:50,Ruyterwacht,Stan Abbot B,1,7,,Y,,
43805802,CTTLFA 2026,K6 - Under 16 Division Six,,,K6-09- Table View C,K6-04- Holy Cross B,11/07/26,Sat,10:50,Table View,Table View C,0,3,,Y,,
43805798,CTTLFA 2026,K6 - Under 16 Division Six,,,K6-11- Kensington B,K6-08- Sunningdale City C,11/07/26,Sat,10:50,Kensington,14 Avenue A,4,0,,Y,,
43806886,CTTLFA 2026,K7 - Under 16 Girls Premier One,,,K7-05- Clyde Pinelands,K7-01- Badgers,11/07/26,Sat,10:50,Clyde Pinelands,Ringwood Drive A,0,2,,Y,,
43806889,CTTLFA 2026,K7 - Under 16 Girls Premier One,,,K7-06- Fish Hoek,K7-10- Rygersdal,11/07/26,Sat,10:50,Fish Hoek,Fish Hoek B,0,6,,Y,,
43806887,CTTLFA 2026,K7 - Under 16 Girls Premier One,,,K7-08- Meadowridge,K7-09- Bye.,11/07/26,Sat,10:50,Meadowridge,Meadowridge B,0,0,,Y,,
43806885,CTTLFA 2026,K7 - Under 16 Girls Premier One,,,K7-15- Norway Parks,K7-11- Bye.,11/07/26,Sat,10:50,Norway Parks,Royal Road C,0,0,,Y,,
43805797,CTTLFA 2026,K8- Under 16 Division Seven,,,K8-02- Durbanville C,K8-10- Lansdowne,11/07/26,Sat,10:50,Durbanville,Klazinga Park B,2,3,,Y,,
43805888,CTTLFA 2026,K8- Under 16 Division Seven,,,K8-03- Edgemead G/W C,K8-04- Fish Hoek C.,11/07/26,Sat,10:50,Edgemead G/W,Edgemead C,4,0,,Y,,
43805796,CTTLFA 2026,K8- Under 16 Division Seven,,,K8-04- Fish Hoek C.,K8-11- Bye,11/07/26,Sat,10:50,Fish Hoek,Fish Hoek C,0,0,,Y,,
43805795,CTTLFA 2026,K8- Under 16 Division Seven,,,K8-09- YMO FC,K8-07- Rygersdal C,11/07/26,Sat,10:50,YMO FC,Upper Cambridge A,7,4,,Y,,
43260873,CTTLFA 2026,M3B - Under 14 Premier Three B,,,M3-09- Holy Cross,M3-15- Mutual FC,11/07/26,Sat,10:50,Holy Cross,Holy Cross School A,10,0,,Y,,
43279524,CTTLFA 2026,M5 - Under 14 Division Five,,,M5-11- Sunningdale City B,M5-07- Goodwood United B,11/07/26,Sat,10:50,Sunningdale City,Sunningdale B,13,1,,Y,,
43272881,CTTLFA 2026,M6 - Under 14 Division Six,,,M6-06- FC Kapstadt B,M6-07- Hellenic B,11/07/26,Sat,10:50,FC Kapstadt,Hartleyvale D,1,3,,Y,,
42989875,CTTLFA 2026,I1 - Under 18 Premier One,,,I1-07- Hellenic,I1-13- Wynberg St Johns,11/07/26,Sat,12:30,Hellenic,Tygerhof Sports Complex A,3,3,,Y,,
42989872,CTTLFA 2026,I1 - Under 18 Premier One,,,I1-09- Norway Parks,I1-04- FC Kapstadt,11/07/26,Sat,12:30,Norway Parks,Royal Road A,3,1,,Y,,
42989873,CTTLFA 2026,I1 - Under 18 Premier One,,,I1-10- Rygersdal,I1-08- Northpine United,11/07/26,Sat,12:30,Chukker Sports Complex,#1,2,1,,Y,,
42989870,CTTLFA 2026,I1 - Under 18 Premier One,,,I1-11- Table View,I1-06- Hanover Park,11/07/26,Sat,12:30,Table View,Table View A,1,0,,Y,,
42989871,CTTLFA 2026,I1 - Under 18 Premier One,,,I1-12- CR Vasco Da Gama,I1-05- FN Rangers,11/07/26,Sat,12:30,Vasco da Gama,Da Gama Park B,1,0,,Y,,
42990053,CTTLFA 2026,I2 - Under 18 Premier Two,,,I2-03- Edgemead G/W,I2-08- Saxon Rovers,11/07/26,Sat,12:30,Edgemead G/W,Edgemead A,0,0,,Y,,
42990051,CTTLFA 2026,I2 - Under 18 Premier Two,,,I2-06- Kuilsriver,I2-05- Kensington,11/07/26,Sat,12:30,Serepta Sports Ground,Serepta Sports Ground A,2,3,,Y,,
42990054,CTTLFA 2026,I2 - Under 18 Premier Two,,,I2-07- Meadowridge,I2-02- Durbanville,11/07/26,Sat,12:30,Meadowridge,Meadowridge A,1,1,,Y,,
42990055,CTTLFA 2026,I2 - Under 18 Premier Two,,,I2-09- Shosholoza,I2-12- Young Bafana,11/07/26,Sat,12:30,Pelican Heights Sports Ground,Pelican A,1,2,,Y,,
42990052,CTTLFA 2026,I2 - Under 18 Premier Two,,,I2-10- Stephanian Ottery,I2-04- Fish Hoek,11/07/26,Sat,12:30,Stephanian Ottery,Stephanian Ottery A,0,3,,Y,,
42990056,CTTLFA 2026,I2 - Under 18 Premier Two,,,I2-11- Sunningdale City,I2-01- Clyde Pinelands,11/07/26,Sat,12:30,Sunningdale City,Sunningdale A,2,3,,Y,,
43206953,CTTLFA 2026,I3B - Under 18 Premier Three B,,,I3-02- Bellville City,I3-05- Garden Village,11/07/26,Sat,12:30,Bellville City,PP Smit Stadium A,0,2,,Y,,
43206955,CTTLFA 2026,I3B - Under 18 Premier Three B,,,I3-03- Bothasig,I3-13- West End United,11/07/26,Sat,12:30,Bothasig,Abe Sher A,1,2,,Y,,
43804795,CTTLFA 2026,I3 - Under 18 Premier Three,,,I3-04- Chelsea Bridgetown,I3-17- Queens Park,11/07/26,Sat,12:30,Chelsea,Hickory Road A,0,2,,Y,,
43804793,CTTLFA 2026,I3 - Under 18 Premier Three,,,I3-07- Grass Boots,I3-11- Ruyterwacht,11/07/26,Sat,12:30,Grass Boots,"Van Riebeeck Park, Sidmouth Road A",2,2,,Y,,
43804794,CTTLFA 2026,I3 - Under 18 Premier Three,,,I3-08- Green Point Salesians,I3-01- Avendale Athletico,11/07/26,Sat,12:30,Green Point,Green Point A,14,2,,Y,,
43206954,CTTLFA 2026,I3B - Under 18 Premier Three B,,,I3-09- Holy Cross,I3-15- Mutual FC,11/07/26,Sat,12:30,Holy Cross,Voortrekker Road,4,2,,Y,,
43206952,CTTLFA 2026,I3B - Under 18 Premier Three B,,,I3-14- YSD Macassar,I3-06- Goodwood United,11/07/26,Sat,12:30,YSD Macassar,YSD Macassar A,1,1,,Y,,
43275114,CTTLFA 2026,I4 - Under 18 Division Four,,,I4-01- Bothasig B,I4-08- Table View B,11/07/26,Sat,12:30,Bothasig,Abe Sher B,4,4,,Y,,
43275117,CTTLFA 2026,I4 - Under 18 Division Four,,,I4-02- Cape Town Spurs B,I4-10- Wynberg St Johns B.,11/07/26,Sat,12:30,Cape Town Spurs,Ikamva A,8,2,,Y,,
43275115,CTTLFA 2026,I4 - Under 18 Division Four,,,I4-04- Northpine United B,I4-05- Norway Parks B,11/07/26,Sat,12:30,Northpine United,Central Park A,2,1,,Y,,
43275118,CTTLFA 2026,I4 - Under 18 Division Four,,,I4-07- Saxon Rovers B,I4-03- FN Rangers B,11/07/26,Sat,12:30,Saxon Rovers,Maitland A,1,2,,Y,,
43275116,CTTLFA 2026,I4 - Under 18 Division Four,,,I4-09- CR Vasco Da Gama B,I4-06- Rygersdal B.,11/07/26,Sat,12:30,Vasco da Gama,Da Gama Park C,9,0,,Y,,
43805543,CTTLFA 2026,I5 - Under 18 Division Five,,,I5-02- Clyde Pinelands B,I5-03- Durbanville B.,11/07/26,Sat,12:30,Clyde Pinelands,Ringwood Drive B,0,0,,Y,,
43805539,CTTLFA 2026,I5 - Under 18 Division Five,,,I5-04- Edgemead G/W B.,I5-01- Bothasig C,11/07/26,Sat,12:30,Edgemead G/W,Edgemead B,5,1,,Y,,
43805542,CTTLFA 2026,I5 - Under 18 Division Five,,,I5-05- Fish Hoek B.,I5-07- Meadowridge B.,11/07/26,Sat,12:30,Fish Hoek,Fish Hoek A,0,1,,Y,,
43805541,CTTLFA 2026,I5 - Under 18 Division Five,,,I5-06- JMI,I5-10- Bellville City B,11/07/26,Sat,12:30,Norway Parks,Royal Road E,5,1,,Y,,
43805540,CTTLFA 2026,I5 - Under 18 Division Five,,,I5-08- Ruyterwacht B,I5-11- Tramway,11/07/26,Sat,12:30,Ruyterwacht,Stan Abbot B,3,2,,Y,,
43806890,CTTLFA 2026,K7 - Under 16 Girls Premier One,,,K7-03- Bothasig,K7-14- Nova Generation,11/07/26,Sat,12:30,Bothasig,Abe Sher C,0,7,,Y,,
43575288,CTTLFA 2026,D1 - 3rd Division,,,D1-01- Bellville City FC,D1-07- Saxon Rovers,11/07/26,Sat,14:00,Bellville City,PP Smit Stadium A,0,1,,Y,,
43575459,CTTLFA 2026,D2 - 4th Division,,,D2-03- Edgemead G/W,D2-04- Fish Hoek,11/07/26,Sat,14:00,Edgemead G/W,Edgemead A,3,0,,Y,,
43575461,CTTLFA 2026,D2 - 4th Division,,,D2-05- Norway Parks,D2-11- Shosholoza FC,11/07/26,Sat,14:00,Norway Parks,Royal Road D,2,2,,Y,,
43575457,CTTLFA 2026,D2 - 4th Division,,,D2-08- Table View,D2-06- Ruyterwacht,11/07/26,Sat,14:00,Table View,Table View C,0,2,,Y,,
43575460,CTTLFA 2026,D2 - 4th Division,,,D2-09- C.R. Vasco Da Gama,D2-10- Wynberg St Johns,11/07/26,Sat,14:00,Vasco da Gama,Da Gama Park B,2,2,,Y,,
43575458,CTTLFA 2026,D2 - 4th Division,,,D2-12- Kensington,D2-02- Bothasig,11/07/26,Sat,14:00,Kensington,14 Avenue A,1,0,,Y,,
43575281,CTTLFA 2026,D3 - 5th Division,,,D3-01- Bothasig,D3-03- Durbanville,11/07/26,Sat,14:00,Bothasig,Abe Sher C,2,2,,Y,,
43575286,CTTLFA 2026,D3 - 5th Division,,,D3-04- Edgemead G/W,D3-02- Clyde Pinelands,11/07/26,Sat,14:00,Edgemead G/W,Edgemead B,2,1,,Y,,
43575283,CTTLFA 2026,D3 - 5th Division,,,D3-08- Table View,D3-10- C.R. Vasco Da Gama,11/07/26,Sat,14:00,Table View,Table View B,5,2,,Y,,
43575846,CTTLFA 2026,E2- Vets 035 B,,,E2-11- Turfhall,E2-09- Tramway,11/07/26,Sat,14:00,Tramway,Groenewald Park B,3,0,,Y,,
43262515,CTTLFA 2026,F1 - Vets 040 A,,,F1-02- Edgemead G/W,F1-10- C.R. Vasco Da Gama,11/07/26,Sat,14:00,Edgemead G/W,Edgemead C,2,5,,Y,,
43256249,CTTLFA 2026,B2 - First Reserve,,,FR-04- Garden Village,FR-05- JMI,11/07/26,Sat,14:00,Garden Village,Alexander Road,0,5,,Y,,
43256327,CTTLFA 2026,B2 - First Reserve,,,FR-07- Kuilsriver,FR-03- Brooklyn Superstars,11/07/26,Sat,14:00,Serepta Sports Ground,Serepta Sports Ground A,3,1,,Y,,
43256325,CTTLFA 2026,B2 - First Reserve,,,FR-09- Northpine United,FR-02- Bothasig,11/07/26,Sat,14:00,Northpine United,Central Park A,2,2,,Y,,
43256328,CTTLFA 2026,B2 - First Reserve,,,FR-10- Ruyterwacht,FR-06- Kensington,11/07/26,Sat,14:00,Ruyterwacht,Stan Abbott,2,2,,Y,,
43256329,CTTLFA 2026,B2 - First Reserve,,,FR-11- Stephanian Ottery,FR-08- Meadowridge,11/07/26,Sat,14:00,Stephanian Ottery,Stephanian Ottery A,2,1,,Y,,
43256330,CTTLFA 2026,B2 - First Reserve,,,FR-12- Sunningdale City,FR-01- Bellville City FC,11/07/26,Sat,14:00,Sunningdale City,Sunningdale A,1,2,,Y,,
43806402,CTTLFA 2026,G1 - Vets 045 A,,,G1-05- Meadowridge,G1-10- Holy Cross,11/07/26,Sat,14:00,Meadowridge,Meadowridge A,2,2,,Y,,
43806403,CTTLFA 2026,G1 - Vets 045 A,,,G1-06- Saxon Rovers,G1-03- FN Rangers,11/07/26,Sat,14:00,Saxon Rovers,Maitland A,0,8,,Y,,
43806406,CTTLFA 2026,G1 - Vets 045 A,,,G1-11- Lansdowne,G1-07- Tramway,11/07/26,Sat,14:00,Lansdowne,Chukker Road A,2,1,,Y,,
43262827,CTTLFA 2026,G5 - Vets 050 B,,,G5-05- Everton United,G5-06- Green Point Salesians,11/07/26,Sat,14:00,Heideveld Astro,Astro A,4,0,,Y,,
43262826,CTTLFA 2026,G5 - Vets 050 B,,,G5-08- Lansdowne,G5-02- Bye.,11/07/26,Sat,14:00,Lansdowne,Chukker Road B,0,0,,Y,,
43262819,CTTLFA 2026,G5 - Vets 050 B,,,G5-09- Meadowridge,G5-03- Durbanville,11/07/26,Sat,14:00,Meadowridge,Meadowridge B,2,1,,Y,,
43262824,CTTLFA 2026,G5 - Vets 050 B,,,G5-10- West End United B,G5-04- Edgemead G/W,11/07/26,Sat,14:00,West End United,West End Park B,3,0,,Y,,
43575116,CTTLFA 2026,G6 - Vets O50 C,,,G6-10- Saxon Rovers,G6-04- Stephanian Ottery B,11/07/26,Sat,14:00,Saxon Rovers,Maitland B,0,6,,Y,,
43805799,CTTLFA 2026,K6 - Under 16 Division Six,,,K6-10- Shosholoza B,K6-03- Brooklyn Superstars,11/07/26,Sat,14:00,Pelican Heights Sports Ground,Pelican A,2,5,,Y,,
43256146,CTTLFA 2026,A2 - Premier Reserve,,,PR-04- FN Rangers,PR-03- Fish Hoek,11/07/26,Sat,14:00,FN Rangers,FNB Stadium A,2,1,,Y,,
43256057,CTTLFA 2026,A2 - Premier Reserve,,,PR-07- Holy Cross,PR-02- Edgemead G/W,11/07/26,Sat,14:00,Holy Cross,Voortrekker Road,1,1,,Y,,
43256148,CTTLFA 2026,A2 - Premier Reserve,,,PR-08- Norway Parks,PR-10- Saxon Rovers,11/07/26,Sat,14:00,Norway Parks,Royal Road A,1,3,,Y,,
43256149,CTTLFA 2026,A2 - Premier Reserve,,,PR-09- Rygersdal,PR-05- Green Point Salesians,11/07/26,Sat,14:00,U C T,U C T,2,2,,Y,,
43256150,CTTLFA 2026,A2 - Premier Reserve,,,PR-13- C.R. Vasco Da Gama,PR-01- Durbanville,11/07/26,Sat,14:00,Vasco da Gama,Da Gama Park A,3,1,,Y,,
43256519,CTTLFA 2026,C2 - Second Reserve,,,SR-01- Avendale Athletico,SR-11- Mutual FC,11/07/26,Sat,14:00,Avendale Athletico,Field Crescent A,1,1,,Y,,
43256520,CTTLFA 2026,C2 - Second Reserve,,,SR-02- Barmsley Spurs,SR-04- Chelsea Bridgetown,11/07/26,Sat,14:00,Chelsea,Hickory Road A,0,6,,Y,,
43256521,CTTLFA 2026,C2 - Second Reserve,,,SR-03- Camps Bay,SR-09- Goodwood United,11/07/26,Sat,14:00,Camps Bay,Camps Bay A,1,1,,Y,,
43256522,CTTLFA 2026,C2 - Second Reserve,,,SR-07- FC Kapstadt,SR-05- Clyde Pinelands,11/07/26,Sat,14:00,FC Kapstadt,Hartleyvale D,1,0,,Y,,
43256523,CTTLFA 2026,C2 - Second Reserve,,,SR-10- Hellenic,SR-06- De Beers,11/07/26,Sat,14:00,Hellenic,Tygerhof Sports Complex A,3,2,,Y,,
43256524,CTTLFA 2026,C2 - Second Reserve,,,SR-14- West End United,SR-12- Queens Park,11/07/26,Sat,14:00,West End United,West End Park A,2,3,,Y,,
43256525,CTTLFA 2026,C2 - Second Reserve,,,SR-15- Young Bafana,SR-13- Varsity College,11/07/26,Sat,14:00,Young Bafana,YB Arena A,2,0,,Y,,
43256526,CTTLFA 2026,C2 - Second Reserve,,,SR-16- YSD Macassar,SR-08- Bye,11/07/26,Sat,14:00,YSD Macassar,YSD Macassar A,0,0,,Y,,
43806559,CTTLFA 2026,H1 - Womens Premier League,,,H1-01- Badgers,H1-09- Northpine United,11/07/26,Sat,15:00,Badgers FC,Oranjezicht A,6,0,,Y,,
43575592,CTTLFA 2026,D4 - 6th Division,,,D4-07- Rygersdal,D4-05- Kuilsriver,11/07/26,Sat,15:30,Rygersdal,Rygersdal B,3,1,,Y,,
43575595,CTTLFA 2026,D4 - 6th Division,,,D4-08- Bothasig,D4-01- Garlandale FC,11/07/26,Sat,15:30,Bothasig,Abe Sher D,1,2,,Y,,
43575590,CTTLFA 2026,D4 - 6th Division,,,D4-12- Lansdowne,D4-02- Clyde Pinelands,11/07/26,Sat,15:30,Lansdowne,Chukker Road A,4,0,,Y,,
43575279,CTTLFA 2026,D1 - 3rd Division,,,D1-02- Bothasig,D1-04- Edgemead G/W,11/07/26,Sat,15:45,Bothasig,Abe Sher B,1,0,,Y,,
43575284,CTTLFA 2026,D1 - 3rd Division,,,D1-08- Table View,D1-10- Wynberg St Johns,11/07/26,Sat,15:45,Table View,Table View A,2,1,,Y,,
43575287,CTTLFA 2026,D1 - 3rd Division,,,D1-09- C.R. Vasco Da Gama,D1-03- Durbanville,11/07/26,Sat,15:45,Vasco da Gama,Da Gama Park B,1,1,,Y,,
43575285,CTTLFA 2026,D3 - 5th Division,,,D3-06- Mutual FC,D3-05-Bellville City,11/07/26,Sat,15:45,Mutual FC,Pinelands Oval A,0,4,,Y,,
43575959,CTTLFA 2026,E1- Vets 035,,,E1-05- Goodwood United,E1-11- C.R. Vasco Da Gama,11/07/26,Sat,15:45,Goodwood,Hamilton Road B,3,5,,Y,,
43575956,CTTLFA 2026,E1- Vets 035,,,E1-08- Ruyterwacht,E1-04-FN Rangers,11/07/26,Sat,15:45,Ruyterwacht,Stan Abbot B,3,4,,Y,,
43575955,CTTLFA 2026,E1- Vets 035,,,E1-09- Bye,E1-03- Clyde Pinelands,11/07/26,Sat,15:45,Bye,#1,0,0,,Y,,
43575845,CTTLFA 2026,E2- Vets 035 B,,,E2-06- FN Rangers B,E2-03- Green Point Salesians,11/07/26,Sat,15:45,FN Rangers,FNB Stadium C,3,0,,Y,,
43575844,CTTLFA 2026,E2- Vets 035 B,,,E2-13- Cape Town Spurs,E2-01- Bellville City,11/07/26,Sat,15:45,Cape Town Spurs,Ikamva A,3,2,,Y,,
43262514,CTTLFA 2026,F1 - Vets 040 A,,,F1-04- FN Rangers,F1-07- Rygersdal,11/07/26,Sat,15:45,FN Rangers,FNB Stadium B,3,0,,Y,,
43575724,CTTLFA 2026,F2 - Vets 040 B,,,F2-07- Bye,F2-03- Garlandale,11/07/26,Sat,15:45,Bye,#1,0,0,,Y,,
42990166,CTTLFA 2026,B1 - First Division,,,FD-04- Garden Village,FD-05- JMI,11/07/26,Sat,15:45,Garden Village,Alexander Road,1,0,,Y,,
42990247,CTTLFA 2026,B1 - First Division,,,FD-07- Kuilsriver,FD-03- Brooklyn Superstars,11/07/26,Sat,15:45,Serepta Sports Ground,Serepta Sports Ground A,2,1,,Y,,
42990246,CTTLFA 2026,B1 - First Division,,,FD-09- Northpine United,FD-02- Bothasig,11/07/26,Sat,15:45,Northpine United,Central Park A,3,3,,Y,,
42990243,CTTLFA 2026,B1 - First Division,,,FD-10- Ruyterwacht,FD-06- Kensington,11/07/26,Sat,15:45,Ruyterwacht,Stan Abbott,1,3,,Y,,
42990245,CTTLFA 2026,B1 - First Division,,,FD-11- Stephanian Ottery,FD-08- Meadowridge,11/07/26,Sat,15:45,Stephanian Ottery,Stephanian Ottery A,0,2,,Y,,
42990248,CTTLFA 2026,B1 - First Division,,,FD-12- Sunningdale City,FD-01- Bellville City FC,11/07/26,Sat,15:45,Sunningdale City,Sunningdale A,1,1,,Y,,
43575114,CTTLFA 2026,G6 - Vets O50 C,,,G6-03- West End United C,G6-08- Wynberg St Johns,11/07/26,Sat,15:45,West End United,West End Park B,5,1,,Y,,
42996960,CTTLFA 2026,A1 - Premier Division,,,PD-04- FN Rangers,PD-03- Fish Hoek,11/07/26,Sat,15:45,FN Rangers,FNB Stadium A,3,2,,Y,,
42996870,CTTLFA 2026,A1 - Premier Division,,,PD-07- Holy Cross,PD-02- Edgemead G/W,11/07/26,Sat,15:45,Holy Cross,Voortrekker Road,0,1,,Y,,
42996961,CTTLFA 2026,A1 - Premier Division,,,PD-08- Norway Parks,PD-10- Saxon Rovers,11/07/26,Sat,15:45,Norway Parks,Royal Road A,0,0,,Y,,
42996956,CTTLFA 2026,A1 - Premier Division,,,PD-09- Rygersdal,PD-05- Green Point Salesians,11/07/26,Sat,15:45,U C T,U C T,1,1,,Y,,
42996958,CTTLFA 2026,A1 - Premier Division,,,PD-13- C.R. Vasco Da Gama,PD-01- Durbanville,11/07/26,Sat,15:45,Vasco da Gama,Da Gama Park A,0,3,,Y,,
43206580,CTTLFA 2026,C1 - Second Division,,,SD-01- Avendale Athletico,SD-11- Mutual FC,11/07/26,Sat,15:45,Avendale Athletico,Field Crescent A,1,0,,Y,,
43206582,CTTLFA 2026,C1 - Second Division,,,SD-02- Barmsley Spurs,SD-04- Chelsea Bridgetown,11/07/26,Sat,15:45,Chelsea,Hickory Road A,3,1,,Y,,
43206584,CTTLFA 2026,C1 - Second Division,,,SD-03- Camps Bay,SD-09- Goodwood United,11/07/26,Sat,15:45,Camps Bay,Camps Bay A,2,0,,Y,,
43206583,CTTLFA 2026,C1 - Second Division,,,SD-07- FC Kapstadt,SD-05- Clyde Pinelands,11/07/26,Sat,15:45,FC Kapstadt,Hartleyvale D,1,0,,Y,,
43206581,CTTLFA 2026,C1 - Second Division,,,SD-10- Hellenic,SD-06- De Beers,11/07/26,Sat,15:45,Hellenic,Tygerhof Sports Complex A,3,3,,Y,,
43206587,CTTLFA 2026,C1 - Second Division,,,SD-14- West End United,SD-12- Queens Park,11/07/26,Sat,15:45,West End United,West End Park A,0,1,,Y,,
43206586,CTTLFA 2026,C1 - Second Division,,,SD-15- Young Bafana,SD-13- Varsity College,11/07/26,Sat,15:45,Young Bafana,YB Arena A,6,1,,Y,,
43206585,CTTLFA 2026,C1 - Second Division,,,SD-16- YSD Macassar,SD-08- Bye,11/07/26,Sat,15:45,YSD Macassar,YSD Macassar A,0,0,,Y,,
43317322,CTTLFA 2026,H2 - Womens First Division,,,H2-11- Magic Ladies B,H2-05- Kuilsriver,12/07/26,Sun,13:00,Avenue De Mist,Ave De Mist - A,3,0,Home Walkover,Y,,
43575436,CTTLFA 2026,D2 - 4th Division,,,D2-11- Shosholoza FC,D2-03- Edgemead G/W,12/07/26,Sun,14:00,Pelican Heights Sports Ground,Pelican A,2,3,,Y,,
43256079,CTTLFA 2026,A2 - Premier Reserve,,,PR-11- Table View,PR-07- Holy Cross,12/07/26,Sun,14:00,Table View,Table View A,1,0,,Y,,
43256428,CTTLFA 2026,C2 - Second Reserve,,,SR-10- Hellenic,SR-14- West End United,12/07/26,Sun,14:00,Hellenic,Tygerhof Sports Complex A,3,3,,Y,,
43806561,CTTLFA 2026,H1 - Womens Premier League,,,H1-08- Magic Ladies,H1-06- Green Point Salesians,12/07/26,Sun,15:00,Avenue De Mist,Ave De Mist - A,9,4,,Y,,
42996891,CTTLFA 2026,A1 - Premier Division,,,PD-11- Table View,PD-07- Holy Cross,12/07/26,Sun,15:45,Table View,Table View A,2,0,,Y,,
43206485,CTTLFA 2026,C1 - Second Division,,,SD-10- Hellenic,SD-14- West End United,12/07/26,Sun,15:45,Hellenic,Tygerhof Sports Complex A,0,3,,Y,,
43806409,CTTLFA 2026,G1 - Vets 045 A,,,G1-01- De Beers,G1-04- Hanover Park,14/07/26,Tue,19:00,De Beers,Somerset West A,1,2,,Y,,
43806408,CTTLFA 2026,G1 - Vets 045 A,,,G1-07- Tramway,G1-05- Meadowridge,14/07/26,Tue,19:00,Tramway,Groenewald Park A,3,0,Home Walkover,Y,,
43806407,CTTLFA 2026,G1 - Vets 045 A,,,G1-08- Bothasig,G1-11- Lansdowne,14/07/26,Tue,19:00,Bothasig,Abe Sher A,1,2,,Y,,
43575689,CTTLFA 2026,F2 - Vets 040 B,,,F2-09- Wynberg St Johns,F2-10- Jamestown United,14/07/26,Tue,19:30,Wynberg st Johns,Wynberg B,3,1,,Y,,
43806410,CTTLFA 2026,G1 - Vets 045 A,,,G1-09- Garden Village,G1-13- Stephanian Ottery,14/07/26,Tue,19:30,Garden Village,Alexander Road,1,2,,Y,,
43262512,CTTLFA 2026,F1 - Vets 040 A,,,F1-01- Bellville City,F1-08- Stephanian Ottery,14/07/26,Tue,20:00,Bellville City,PP Smit Stadium C,0,4,,Y,,
43317317,CTTLFA 2026,H2 - Womens First Division,,,H2-11- Magic Ladies B,H2-07- Norway Parks,15/07/26,Wed,19:00,Norway Parks,Royal Road A,5,0,,Y,,
43960331,CTTLFA 2026,,CTTLFA O/35 B Division Knock Out 2026,,E2-03- Green Point Salesians,E2-11- Turfhall,15/07/26,Wed,19:30,Green Point,Green Point A,3,2,,Y,,
43806412,CTTLFA 2026,G1 - Vets 045 A,,,G1-10- Holy Cross,G1-02-Edgemead G/W,15/07/26,Wed,19:30,Holy Cross,Voortrekker Road,2,0,,Y,,
43806558,CTTLFA 2026,H1 - Womens Premier League,,,H1-03- Clyde Pinelands,H1-12- Bye.,15/07/26,Wed,19:30,Clyde Pinelands,Ringwood Drive A,0,0,,Y,,
43317243,CTTLFA 2026,H2 - Womens First Division,,,H2-02- Bothasig,H2-03- Green Point Salesians B,15/07/26,Wed,19:30,Bothasig,Abe Sher A,1,0,,Y,,
43575958,CTTLFA 2026,E1- Vets 035,,,E1-06- Hanover Park,E1-07- Kensington,15/07/26,Wed,20:00,Hanover Park,Hanover Park B,1,2,,Y,,
43575960,CTTLFA 2026,E1- Vets 035,,,E1-01- Avendale Athletico,E1-03- Clyde Pinelands,15/07/26,Wed,20:30,Chelsea,Hickory Road A,10,4,,Y,,
43262933,CTTLFA 2026,G4 - Vets 050 A,,,G4-04- Hanover Park,G4-09- West End United A,15/07/26,Wed,20:30,Hanover Park,Hanover Park A,2,2,,Y,,
43806091,CTTLFA 2026,O8- Under 12 Division Seven,,,O8-04- Meadowridge D,O8-08- Wynberg St Johns C,16/07/26,Thu,18:30,Meadowridge,Meadowridge B,3,1,,Y,,
43262833,CTTLFA 2026,G5 - Vets 050 B,,,G5-04- Edgemead G/W,G5-09- Meadowridge,16/07/26,Thu,19:30,Edgemead G/W,Edgemead C,2,2,,Y,,
42990003,CTTLFA 2026,I2 - Under 18 Premier Two,,,I2-06- Kuilsriver,I2-07- Meadowridge,16/07/26,Thu,19:30,Serepta Sports Ground,Serepta Sports Ground A,2,0,,Y,,
43806219,CTTLFA 2026,M9- Under 14 Division Eight,,,M9-05- Meadowridge D,M9-04- Tramway,16/07/26,Thu,19:40,Meadowridge,Meadowridge B,1,4,,Y,,
43575601,CTTLFA 2026,D4 - 6th Division,,,D4-03- De Beers,D4-08- Bothasig,16/07/26,Thu,20:00,De Beers,Somerset West B,4,0,,Y,,
43575962,CTTLFA 2026,E1- Vets 035,,,E1-07- Kensington,E1-09- Bye,16/07/26,Thu,20:30,Kensington,14 Avenue A,0,0,,Y,,
43262523,CTTLFA 2026,F1 - Vets 040 A,,,F1-05- Hanover Park,F1-04- FN Rangers,16/07/26,Thu,20:30,Hanover Park,Hanover Park A,1,3,,Y,,
43262518,CTTLFA 2026,F1 - Vets 040 A,,,F1-07- Rygersdal,F1-02- Edgemead G/W,16/07/26,Thu,20:30,U C T,U C T,5,1,,Y,,
43574518,CTTLFA 2026,O7 - Under 12 Girls Premier One (9v9),,,O7-06- Meadowridge B,O7-03- Fish Hoek.,17/07/26,Fri,18:30,Meadowridge,Meadowridge B,0,0,,Y,,
43574517,CTTLFA 2026,O7 - Under 12 Girls Premier One (9v9),,,O7-08- Wynberg St Johns,O7-05- Meadowridge A,17/07/26,Fri,18:30,Wynberg st Johns,Wynberg C,0,0,,Y,,
43575597,CTTLFA 2026,D4 - 6th Division,,,D4-05- Kuilsriver,D4-06- Bye,17/07/26,Fri,19:00,Serepta Sports Ground,Serepta Sports Ground B,0,0,,Y,,
43575731,CTTLFA 2026,F2 - Vets 040 B,,,F2-10- Jamestown United,F2-05- Green Point Salesians,17/07/26,Fri,19:00,Green Point,Green Point A,0,3,Away Walkover,Y,,
43262938,CTTLFA 2026,G4 - Vets 050 A,,,G4-05- Holy Cross,G4-09- West End United A,17/07/26,Fri,19:00,Holy Cross,Voortrekker Road,1,3,,Y,,
43575121,CTTLFA 2026,G6 - Vets O50 C,,,G6-08- Wynberg St Johns,G6-02- Hanover Park C,17/07/26,Fri,19:00,Wynberg st Johns,Wynberg B,0,4,,Y,,
43575123,CTTLFA 2026,G6 - Vets O50 C,,,G6-11- Bye,G6-10- Saxon Rovers,17/07/26,Fri,19:00,Bye,#1,0,0,,Y,,
43317328,CTTLFA 2026,H2 - Womens First Division,,,H2-04- Kensington,H2-12- Hanover Park,17/07/26,Fri,19:00,Kensington,14 Avenue A,3,1,,Y,,
43317331,CTTLFA 2026,H2 - Womens First Division,,,H2-07- Norway Parks,H2-08- Saxon Rovers,17/07/26,Fri,19:00,Norway Parks,Royal Road A,1,2,,Y,,
43317327,CTTLFA 2026,H2 - Womens First Division,,,H2-13- Hout Bay,H2-06- Meadowridge,17/07/26,Fri,19:00,Hout Bay Stadium,Hout Bay Stadium,6,0,,Y,,
42989876,CTTLFA 2026,I1 - Under 18 Premier One,,,I1-03- De Beers,I1-09- Norway Parks,17/07/26,Fri,19:00,De Beers,Somerset West A,0,1,,Y,,
43574624,CTTLFA 2026,M8 - Under 14 Girls Premier One,,,M8-05- Meadowridge,M8-04- Fish Hoek,17/07/26,Fri,19:00,Meadowridge,Meadowridge A,0,2,,Y,,
43262516,CTTLFA 2026,F1 - Vets 040 A,,,F1-10- C.R. Vasco Da Gama,F1-01- Bellville City,17/07/26,Fri,19:30,Vasco da Gama,Da Gama Park A,4,1,,Y,,
43262834,CTTLFA 2026,G5 - Vets 050 B,,,G5-03- Durbanville,G5-01- Bothasig,17/07/26,Fri,19:30,Durbanville,Klazinga Park B,0,3,,Y,,
43262520,CTTLFA 2026,F1 - Vets 040 A,,,F1-06- Norway Parks,F1-03- Fish Hoek,17/07/26,Fri,20:00,Norway Parks,Royal Road B,1,1,,Y,,
43575730,CTTLFA 2026,F2 - Vets 040 B,,,F2-06- Kuilsriver,F2-02- Bothasig,17/07/26,Fri,20:00,Serepta Sports Ground,Serepta Sports Ground A,3,1,,Y,,
43575290,CTTLFA 2026,D3 - 5th Division,,,D3-09- Tramway,D3-08- Table View,17/07/26,Fri,20:30,Tramway,Groenewald Park A,2,7,,Y,,
43575851,CTTLFA 2026,E2- Vets 035 B,,,E2-03- Green Point Salesians,E2-13- Cape Town Spurs,17/07/26,Fri,20:30,Green Point,Green Point A,2,1,,Y,,
43575848,CTTLFA 2026,E2- Vets 035 B,,,E2-10- Wynberg St Johns,E2-11- Turfhall,17/07/26,Fri,20:30,Wynberg st Johns,Wynberg B,2,2,,Y,,
43262522,CTTLFA 2026,F1 - Vets 040 A,,,F1-08- Stephanian Ottery,F1-09- Sunningdale City,17/07/26,Fri,20:30,Stephanian Ottery,Stephanian Ottery A,2,0,,Y,,
43575728,CTTLFA 2026,F2 - Vets 040 B,,,F2-08- Kensington,F2-09- Wynberg St Johns,17/07/26,Fri,20:30,Kensington,14 Avenue A,1,2,,Y,,
43262836,CTTLFA 2026,G5 - Vets 050 B,,,G5-07- Hanover Park B,G5-05- Everton United,17/07/26,Fri,20:30,Hanover Park,Hanover Park A,3,0,,Y,,
43257034,CTTLFA 2026,O1 - Under 12 Premier One,,,O1-02- Cape Town Spurs,O1-07- Hellenic,18/07/26,Sat,08:15,Cape Town Spurs,Ikamva C,1,1,,Y,,
43257037,CTTLFA 2026,O1 - Under 12 Premier One,,,O1-06- Hanover Park,O1-10- Rygersdal,18/07/26,Sat,08:15,Hanover Park,Hanover Park A,0,8,,Y,,
43257038,CTTLFA 2026,O1 - Under 12 Premier One,,,O1-08- Northpine United,O1-12- CR Vasco Da Gama,18/07/26,Sat,08:15,Northpine United,Central Park A,0,2,,Y,,
43257443,CTTLFA 2026,O2 - Under 12 Premier Two,,,O2-01- Clyde Pinelands,O2-03- Edgemead G/W,18/07/26,Sat,08:15,Clyde Pinelands,Ringwood Drive A,1,4,,Y,,
43257444,CTTLFA 2026,O2 - Under 12 Premier Two,,,O2-02- Durbanville,O2-08- Saxon Rovers,18/07/26,Sat,08:15,Durbanville,Klazinga Park A,0,2,,Y,,
43257445,CTTLFA 2026,O2 - Under 12 Premier Two,,,O2-04- Fish Hoek,O2-06- Kuilsriver,18/07/26,Sat,08:15,Fish Hoek,Fish Hoek A,1,3,,Y,,
43257446,CTTLFA 2026,O2 - Under 12 Premier Two,,,O2-05- Kensington,O2-11- Sunningdale City,18/07/26,Sat,08:15,Kensington,14 Avenue A,0,6,,Y,,
43257447,CTTLFA 2026,O2 - Under 12 Premier Two,,,O2-07- Meadowridge,O2-09- Shosholoza,18/07/26,Sat,08:15,Meadowridge,Meadowridge A,3,0,,Y,,
43257448,CTTLFA 2026,O2 - Under 12 Premier Two,,,O2-12- Young Bafana,O2-10- Stephanian Ottery,18/07/26,Sat,08:15,Young Bafana,YB Arena A,6,0,,Y,,
43805272,CTTLFA 2026,O3 - Under 12 Premier Three,,,O3-04- Chelsea Bridgetown,O3-11- Ruyterwacht,18/07/26,Sat,08:15,Chelsea,Hickory Road A,4,0,,Y,,
43260933,CTTLFA 2026,O3B - Under 12 Premier Three B,,,O3-05- Garden Village,O3-09- Holy Cross,18/07/26,Sat,08:15,Garden Village,Alexander Road,0,3,Away Walkover,Y,,
43260934,CTTLFA 2026,O3B - Under 12 Premier Three B,,,O3-06- Goodwood United,O3-03- Bothasig,18/07/26,Sat,08:15,Goodwood,Hamilton Road A,1,3,,Y,,
43260935,CTTLFA 2026,O3B - Under 12 Premier Three B,,,O3-13- West End United,O3-14- YSD Macassar,18/07/26,Sat,08:15,West End United,West End Park A,0,10,,Y,,
43805271,CTTLFA 2026,O3 - Under 12 Premier Three,,,O3-16- Garlandale,O3-08- Green Point Salesians,18/07/26,Sat,08:15,Garlandale,Garlandale A,1,4,,Y,,
43805273,CTTLFA 2026,O3 - Under 12 Premier Three,,,O3-17- Queens Park,O3-01- Avendale Athletico,18/07/26,Sat,08:15,Paddock Road A,Queens Park Paddock A,8,1,,Y,,
43274308,CTTLFA 2026,O4 - Under 12 Division Four,,,O4-02- Cape Town Spurs B,O4-11- Wynberg St Johns B.,18/07/26,Sat,08:15,Cape Town Spurs,Ikamva D,3,2,,Y,,
43274314,CTTLFA 2026,O4 - Under 12 Division Four,,,O4-03- De Beers B.,O4-05- Northpine United B,18/07/26,Sat,08:15,De Beers,Somerset West B,2,1,,Y,,
43274311,CTTLFA 2026,O4 - Under 12 Division Four,,,O4-08- Saxon Rovers B,O4-06- Norway Parks B,18/07/26,Sat,08:15,Saxon Rovers,Maitland A,3,1,,Y,,
43274310,CTTLFA 2026,O5 - Under 12 Division Five,,,O5-04- Durbanville B.,O5-06- Fish Hoek B.,18/07/26,Sat,08:15,Durbanville,Klazinga Park B,2,0,,Y,,
43274305,CTTLFA 2026,O5 - Under 12 Division Five,,,O5-07- Goodwood United B,O5-03- Clyde Pinelands B,18/07/26,Sat,08:15,Goodwood,Hamilton Road B,3,0,Home Walkover,Y,,
43274309,CTTLFA 2026,O5 - Under 12 Division Five,,,O5-09- Meadowridge B.,O5-05- Edgemead G/W B.,18/07/26,Sat,08:15,Meadowridge,Meadowridge B,1,4,,Y,,
43274312,CTTLFA 2026,O5 - Under 12 Division Five,,,O5-10- Stephanian Ottery B,O5-11- Sunningdale City B,18/07/26,Sat,08:15,Stephanian Ottery,Stephanian Ottery A,2,3,,Y,,
43331130,CTTLFA 2026,O6 - Under 12 Division Six,,,O6-01- Bothasig C,O6-03- Kensington B,18/07/26,Sat,08:15,Bothasig,Abe Sher C,9,0,,Y,,
43331131,CTTLFA 2026,O6 - Under 12 Division Six,,,O6-05- Fish Hoek C,O6-06- Grass Boots B,18/07/26,Sat,08:15,Fish Hoek,Fish Hoek B,1,9,,Y,,
43331129,CTTLFA 2026,O6 - Under 12 Division Six,,,O6-08- Stephanian Ottery C,O6-02- Brooklyn Superstars,18/07/26,Sat,08:15,Stephanian Ottery,Stephanian Ottery B,0,13,,Y,,
43574519,CTTLFA 2026,O7 - Under 12 Girls Premier One (9v9),,,O7-04- Bye,O7-02- Bothasig,18/07/26,Sat,08:15,Bye,#1,0,0,,Y,,
43806093,CTTLFA 2026,O8- Under 12 Division Seven,,,O8-01- Tramway,O8-07- Tramway B,18/07/26,Sat,08:15,Tramway,Groenewald Park A,5,4,,Y,,
43806092,CTTLFA 2026,O8- Under 12 Division Seven,,,O8-02- Durbanville C,O8-03- Mutual B,18/07/26,Sat,08:15,Durbanville,Klazinga Park C,1,6,,Y,,
43806094,CTTLFA 2026,O8- Under 12 Division Seven,,,O8-05- Norway Parks C,O8-06- Rygersdal C,18/07/26,Sat,08:15,Norway Parks,Royal Road D,3,3,,Y,,
43806095,CTTLFA 2026,O8- Under 12 Division Seven,,,O8-09- Lansdowne,O8-10- Garlandale B,18/07/26,Sat,08:15,Lansdowne,Chukker Road A,5,0,,Y,,
43257036,CTTLFA 2026,O1 - Under 12 Premier One,,,O1-04- FC Kapstadt,O1-11- Table View,18/07/26,Sat,09:00,FC Kapstadt,Hartleyvale D,3,1,,Y,,
43260936,CTTLFA 2026,O3B - Under 12 Premier Three B,,,O3-15- Mutual FC,O3-02- Bellville City,18/07/26,Sat,09:00,Mutual FC,Pinelands Oval C,1,5,,Y,,
43806891,CTTLFA 2026,K7 - Under 16 Girls Premier One,,,K7-10- Rygersdal,K7-08- Meadowridge,18/07/26,Sat,09:30,U C T,U C T,6,1,,Y,,
43256878,CTTLFA 2026,M1 - Under 14 Premier One,,,M1-02- Cape Town Spurs,M1-07- Hellenic,18/07/26,Sat,09:30,Cape Town Spurs,Ikamva A,0,1,,Y,,
43256881,CTTLFA 2026,M1 - Under 14 Premier One,,,M1-06- Hanover Park,M1-10- Rygersdal,18/07/26,Sat,09:30,Hanover Park,Hanover Park A,2,1,,Y,,
43256882,CTTLFA 2026,M1 - Under 14 Premier One,,,M1-08- Northpine United,M1-12- CR Vasco Da Gama,18/07/26,Sat,09:30,Northpine United,Central Park A,0,1,,Y,,
43257311,CTTLFA 2026,M2 - Under 14 Premier Two,,,M2-01- Clyde Pinelands,M2-03- Edgemead G/W,18/07/26,Sat,09:30,Clyde Pinelands,Ringwood Drive A,0,3,,Y,,
43257312,CTTLFA 2026,M2 - Under 14 Premier Two,,,M2-02- Durbanville,M2-08- Saxon Rovers,18/07/26,Sat,09:30,Durbanville,Klazinga Park A,1,2,,Y,,
43257313,CTTLFA 2026,M2 - Under 14 Premier Two,,,M2-04- Fish Hoek,M2-06- Kuilsriver,18/07/26,Sat,09:30,Fish Hoek,Fish Hoek A,1,2,,Y,,
43257314,CTTLFA 2026,M2 - Under 14 Premier Two,,,M2-05- Kensington,M2-11- Sunningdale City,18/07/26,Sat,09:30,Kensington,14 Avenue A,1,0,,Y,,
43257315,CTTLFA 2026,M2 - Under 14 Premier Two,,,M2-07- Meadowridge,M2-09- Shosholoza,18/07/26,Sat,09:30,Meadowridge,Meadowridge A,0,4,,Y,,
43257316,CTTLFA 2026,M2 - Under 14 Premier Two,,,M2-12- Young Bafana,M2-10- Stephanian Ottery,18/07/26,Sat,09:30,Young Bafana,YB Arena A,4,0,,Y,,
43805604,CTTLFA 2026,M3 - Under 14 Premier Three,,,M3-04- Chelsea Bridgetown,M3-11- Ruyterwacht,18/07/26,Sat,09:30,Chelsea,Hickory Road A,2,4,,Y,,
43260875,CTTLFA 2026,M3B - Under 14 Premier Three B,,,M3-05- Garden Village,M3-09- Holy Cross,18/07/26,Sat,09:30,Garden Village,Alexander Road,1,3,,Y,,
43260876,CTTLFA 2026,M3B - Under 14 Premier Three B,,,M3-06- Goodwood United,M3-03- Bothasig,18/07/26,Sat,09:30,Goodwood,Hamilton Road A,3,3,,Y,,
43260877,CTTLFA 2026,M3B - Under 14 Premier Three B,,,M3-13- West End United,M3-14- YSD Macassar,18/07/26,Sat,09:30,West End United,West End Park A,1,4,,Y,,
43260878,CTTLFA 2026,M3B - Under 14 Premier Three B,,,M3-15- Mutual FC,M3-02- Bellville City,18/07/26,Sat,09:30,Mutual FC,Pinelands Oval A,1,0,,Y,,
43805603,CTTLFA 2026,M3 - Under 14 Premier Three,,,M3-16- Garlandale,M3-08- Green Point Salesians,18/07/26,Sat,09:30,Garlandale,Garlandale A,2,7,,Y,,
43805605,CTTLFA 2026,M3 - Under 14 Premier Three,,,M3-17- Queens Park,M3-01- Avendale Athletico,18/07/26,Sat,09:30,Paddock Road A,Queens Park Paddock A,5,0,,Y,,
43279189,CTTLFA 2026,M4 - Under 14 Division Four,,,M4-02- Cape Town Spurs B,M4-11- Wynberg St Johns B.,18/07/26,Sat,09:30,Cape Town Spurs,Ikamva C,1,0,,Y,,
43279190,CTTLFA 2026,M4 - Under 14 Division Four,,,M4-03- De Beers B.,M4-05- Northpine United B,18/07/26,Sat,09:30,De Beers,Somerset West B,1,2,,Y,,
43279191,CTTLFA 2026,M4 - Under 14 Division Four,,,M4-04- FN Rangers B,M4-09- Table View B,18/07/26,Sat,09:30,FN Rangers,FNB Stadium A,1,0,,Y,,
43279192,CTTLFA 2026,M4 - Under 14 Division Four,,,M4-08- Saxon Rovers B.,M4-06- Norway Parks B,18/07/26,Sat,09:30,Saxon Rovers,Maitland B,3,2,,Y,,
43279526,CTTLFA 2026,M5 - Under 14 Division Five,,,M5-04- Durbanville B.,M5-06- Fish Hoek B.,18/07/26,Sat,09:30,Durbanville,Klazinga Park B,7,1,,Y,,
43279527,CTTLFA 2026,M5 - Under 14 Division Five,,,M5-07- Goodwood United B,M5-03- Clyde Pinelands B,18/07/26,Sat,09:30,Goodwood,Hamilton Road B,1,2,,Y,,
43279528,CTTLFA 2026,M5 - Under 14 Division Five,,,M5-09- Meadowridge B.,M5-05- Edgemead G/W B.,18/07/26,Sat,09:30,Meadowridge,Meadowridge B,0,1,,Y,,
43279529,CTTLFA 2026,M5 - Under 14 Division Five,,,M5-10- Stephanian Ottery B,M5-11- Sunningdale City B,18/07/26,Sat,09:30,Stephanian Ottery,Stephanian Ottery A,0,4,,Y,,
43272884,CTTLFA 2026,M6 - Under 14 Division Six,,,M6-01- Shosholoza B,M6-07- Hellenic B,18/07/26,Sat,09:30,Pelican Heights Sports Ground,Pelican A,0,3,,Y,,
43272885,CTTLFA 2026,M6 - Under 14 Division Six,,,M6-04- Kensington B,M6-03- Bye,18/07/26,Sat,09:30,Kensington,14 Avenue B,0,0,,Y,,
43806214,CTTLFA 2026,M7 - Under 14 Division Seven,,,M7-01- Bothasig C,M7-06- Sunningdale City C.,18/07/26,Sat,09:30,Bothasig,Abe Sher C,4,3,,Y,,
43806220,CTTLFA 2026,M7 - Under 14 Division Seven,,,M7-08- Wynberg St Johns C,M7-07- Table View C,18/07/26,Sat,09:30,Wynberg st Johns,Wynberg A,4,2,,Y,,
43806215,CTTLFA 2026,M7 - Under 14 Division Seven,,,M7-10- Lansdowne,M7-04- Northpine United C,18/07/26,Sat,09:30,Lansdowne,Chukker Road A,0,2,,Y,,
43574625,CTTLFA 2026,M8 - Under 14 Girls Premier One,,,M8-02- Bothasig,M8-01- Bellville City,18/07/26,Sat,09:30,Bothasig,Abe Sher A,1,6,,Y,,
43574627,CTTLFA 2026,M8 - Under 14 Girls Premier One,,,M8-06- Norway Parks,M8-07- Rygersdal,18/07/26,Sat,09:30,Norway Parks,Royal Road D,0,13,,Y,,
43574626,CTTLFA 2026,M8 - Under 14 Girls Premier One,,,M8-11- Wynberg St Johns,M8-09- Stephanian Ottery,18/07/26,Sat,09:30,Wynberg st Johns,Wynberg C,1,2,,Y,,
43806218,CTTLFA 2026,M9- Under 14 Division Eight,,,M9-01- Bellville City C,M9-03- Edgemead G/W D,18/07/26,Sat,09:30,Bellville City,PP Smit Stadium B,3,2,,Y,,
43806221,CTTLFA 2026,M9- Under 14 Division Eight,,,M9-07- Bye,M9-08- Table View D,18/07/26,Sat,09:30,Bye,#1,0,0,,Y,,
43806216,CTTLFA 2026,M9- Under 14 Division Eight,,,M9-09- Garlandale B,M9-02- Bothasig D,18/07/26,Sat,09:30,Garlandale,Garlandale B,7,4,,Y,,
43257035,CTTLFA 2026,O1 - Under 12 Premier One,,,O1-03- De Beers,O1-09- Norway Parks,18/07/26,Sat,09:30,De Beers,Somerset West A,0,4,,Y,,
43331132,CTTLFA 2026,O6 - Under 12 Division Six,,,O6-04- FC Kapstadt B,O6-09- Holy Cross B,18/07/26,Sat,09:30,Holy Cross,Holy Cross School A,4,0,,Y,,
43256880,CTTLFA 2026,M1 - Under 14 Premier One,,,M1-04- FC Kapstadt,M1-11- Table View,18/07/26,Sat,10:20,FC Kapstadt,Hartleyvale D,2,0,,Y,,
43256722,CTTLFA 2026,K1 - Under 16 Premier One,,,K1-02- Cape Town Spurs,K1-07- Hellenic,18/07/26,Sat,10:50,Cape Town Spurs,Ikamva A,2,3,,Y,,
43256725,CTTLFA 2026,K1 - Under 16 Premier One,,,K1-06- Hanover Park,K1-10- Rygersdal,18/07/26,Sat,10:50,Hanover Park,Hanover Park A,2,2,,Y,,
43256726,CTTLFA 2026,K1 - Under 16 Premier One,,,K1-08- Northpine United,K1-12- CR Vasco Da Gama,18/07/26,Sat,10:50,Northpine United,Central Park A,2,3,,Y,,
43257178,CTTLFA 2026,K2 - Under 16 Premier Two,,,K2-01- Clyde Pinelands,K2-03- Edgemead G/W,18/07/26,Sat,10:50,Clyde Pinelands,Ringwood Drive A,4,2,,Y,,
43257179,CTTLFA 2026,K2 - Under 16 Premier Two,,,K2-02- Durbanville,K2-08- Saxon Rovers,18/07/26,Sat,10:50,Durbanville,Klazinga Park A,4,1,,Y,,
43257180,CTTLFA 2026,K2 - Under 16 Premier Two,,,K2-04- Fish Hoek,K2-06- Kuilsriver,18/07/26,Sat,10:50,Fish Hoek,Fish Hoek A,2,0,,Y,,
43257181,CTTLFA 2026,K2 - Under 16 Premier Two,,,K2-05- Kensington,K2-11- Sunningdale City,18/07/26,Sat,10:50,Kensington,14 Avenue A,1,1,,Y,,
43257182,CTTLFA 2026,K2 - Under 16 Premier Two,,,K2-07- Meadowridge,K2-09- Shosholoza,18/07/26,Sat,10:50,Meadowridge,Meadowridge A,4,1,,Y,,
43257183,CTTLFA 2026,K2 - Under 16 Premier Two,,,K2-12- Young Bafana,K2-10- Stephanian Ottery,18/07/26,Sat,10:50,Young Bafana,YB Arena A,1,3,,Y,,
43805281,CTTLFA 2026,K3 - Under 16 Premier Three,,,K3-04- Chelsea Bridgetown,K3-11- Ruyterwacht,18/07/26,Sat,10:50,Chelsea,Hickory Road A,1,1,,Y,,
43260819,CTTLFA 2026,K3B - Under 16 Premier Three B,,,K3-05- Garden Village,K3-09- Holy Cross,18/07/26,Sat,10:50,Garden Village,Alexander Road,2,4,,Y,,
43260820,CTTLFA 2026,K3B - Under 16 Premier Three B,,,K3-06- Goodwood United,K3-03- Bothasig,18/07/26,Sat,10:50,Goodwood,Hamilton Road A,2,5,,Y,,
43260821,CTTLFA 2026,K3B - Under 16 Premier Three B,,,K3-13- West End United,K3-14- YSD Macassar,18/07/26,Sat,10:50,West End United,West End Park A,,,Abandoned,,,
43260822,CTTLFA 2026,K3B - Under 16 Premier Three B,,,K3-15- Mutual FC,K3-02- Bellville City,18/07/26,Sat,10:50,Mutual FC,Pinelands Oval A,3,0,,Y,,
43805280,CTTLFA 2026,K3 - Under 16 Premier Three,,,K3-16- Garlandale,K3-08- Green Point Salesians,18/07/26,Sat,10:50,Garlandale,Garlandale A,3,3,,Y,,
43805282,CTTLFA 2026,K3 - Under 16 Premier Three,,,K3-17- Queens Park,K3-01- Avendale Athletico,18/07/26,Sat,10:50,Paddock Road A,Queens Park Paddock A,8,0,,Y,,
43279300,CTTLFA 2026,K4 - Under 16 Division Four,,,K4-02- Cape Town Spurs B,K4-11- Wynberg St Johns B.,18/07/26,Sat,10:50,Cape Town Spurs,Ikamva C,2,1,,Y,,
43279301,CTTLFA 2026,K4 - Under 16 Division Four,,,K4-03- De Beers B.,K4-05- Northpine United B,18/07/26,Sat,10:50,De Beers,Somerset West B,1,2,,Y,,
43279302,CTTLFA 2026,K4 - Under 16 Division Four,,,K4-04- FN Rangers B,K4-09- Table View B.,18/07/26,Sat,10:50,FN Rangers,FNB Stadium A,2,2,,Y,,
43279303,CTTLFA 2026,K4 - Under 16 Division Four,,,K4-08- Saxon Rovers B,K4-06- Norway Parks B,18/07/26,Sat,10:50,Saxon Rovers,Maitland A,0,3,,Y,,
43279416,CTTLFA 2026,K5 - Under 16 Division Five,,,K5-04- Durbanville B.,K5-06- Fish Hoek B.,18/07/26,Sat,10:50,Durbanville,Klazinga Park B,4,3,,Y,,
43279417,CTTLFA 2026,K5 - Under 16 Division Five,,,K5-07- Goodwood United B,K5-03- Clyde Pinelands B,18/07/26,Sat,10:50,Goodwood,Hamilton Road B,0,6,,Y,,
43279418,CTTLFA 2026,K5 - Under 16 Division Five,,,K5-09- Meadowridge B.,K5-05- Edgemead G/W B.,18/07/26,Sat,10:50,Meadowridge,Meadowridge B,1,0,,Y,,
43279419,CTTLFA 2026,K5 - Under 16 Division Five,,,K5-10- Stephanian Ottery B,K5-11- Sunningdale City B,18/07/26,Sat,10:50,Stephanian Ottery,Stephanian Ottery A,0,1,,Y,,
43805813,CTTLFA 2026,K6 - Under 16 Division Six,,,K6-01- Bye.,K6-07- Ruyterwacht B,18/07/26,Sat,10:50,Bye,#1,0,0,,Y,,
43805805,CTTLFA 2026,K6 - Under 16 Division Six,,,K6-03- Brooklyn Superstars,K6-11- Kensington B,18/07/26,Sat,10:50,Bayview Sports Complex,Brooklyn Bayview Sports Complex A,5,0,,Y,,
43805806,CTTLFA 2026,K6 - Under 16 Division Six,,,K6-05- JMI,K6-02- Bothasig C,18/07/26,Sat,10:50,Norway Parks,Royal Road E,2,0,,Y,,
43805811,CTTLFA 2026,K6 - Under 16 Division Six,,,K6-08- Sunningdale City C,K6-06- Meadowridge C,18/07/26,Sat,10:50,Sunningdale City,Sunningdale B,1,4,,Y,,
43806857,CTTLFA 2026,K7 - Under 16 Girls Premier One,,,K7-03- Bothasig,K7-05- Clyde Pinelands,18/07/26,Sat,10:50,Bothasig,Abe Sher A,2,2,,Y,,
43806896,CTTLFA 2026,K7 - Under 16 Girls Premier One,,,K7-09- Bye.,K7-05- Clyde Pinelands,18/07/26,Sat,10:50,Bye,#1,0,0,,Y,,
43806894,CTTLFA 2026,K7 - Under 16 Girls Premier One,,,K7-11- Bye.,K7-03- Bothasig,18/07/26,Sat,10:50,Bye,#1,0,0,,Y,,
43806893,CTTLFA 2026,K7 - Under 16 Girls Premier One,,,K7-13- Wynberg St Johns,K7-15- Norway Parks,18/07/26,Sat,10:50,Wynberg st Johns,Wynberg A,0,0,,Y,,
43806892,CTTLFA 2026,K7 - Under 16 Girls Premier One,,,K7-14- Nova Generation,K7-02- Bellville City,18/07/26,Sat,10:50,Nova Generations,Generations Sandown Institute,2,0,,Y,,
43805812,CTTLFA 2026,K8- Under 16 Division Seven,,,K8-07- Rygersdal C,K8-02- Durbanville C,18/07/26,Sat,10:50,U C T,U C T,2,1,,Y,,
43805814,CTTLFA 2026,K8- Under 16 Division Seven,,,K8-10- Lansdowne,K8-04- Fish Hoek C.,18/07/26,Sat,10:50,Lansdowne,Chukker Road A,4,0,,Y,,
43805807,CTTLFA 2026,K8- Under 16 Division Seven,,,K8-11- Bye,K8-05- Meadowridge D,18/07/26,Sat,10:50,Bye,#1,0,0,,Y,,
43272887,CTTLFA 2026,M6 - Under 14 Division Six,,,M6-08- Holy Cross B.,M6-05- Edgemead G/W C,18/07/26,Sat,10:50,Holy Cross,Holy Cross School A,2,5,,Y,,
43574516,CTTLFA 2026,O7 - Under 12 Girls Premier One (9v9),,,O7-01- Bellville City,O7-09- Hout Bay,18/07/26,Sat,10:50,Bellville City,PP Smit Stadium C,0,3,,Y,,
43317330,CTTLFA 2026,H2 - Womens First Division,,,H2-01- Badgers B.,H2-03- Green Point Salesians B,18/07/26,Sat,11:00,Badgers FC,Oranjezicht A,5,0,,Y,,
43256724,CTTLFA 2026,K1 - Under 16 Premier One,,,K1-04- FC Kapstadt,K1-11- Table View,18/07/26,Sat,11:40,FC Kapstadt,Hartleyvale D,0,0,,Y,,
42989877,CTTLFA 2026,I1 - Under 18 Premier One,,,I1-02- Cape Town Spurs,I1-07- Hellenic,18/07/26,Sat,12:30,Cape Town Spurs,Ikamva A,0,3,,Y,,
42989880,CTTLFA 2026,I1 - Under 18 Premier One,,,I1-06- Hanover Park,I1-10- Rygersdal,18/07/26,Sat,12:30,Hanover Park,Hanover Park A,3,2,,Y,,
42989878,CTTLFA 2026,I1 - Under 18 Premier One,,,I1-08- Northpine United,I1-12- CR Vasco Da Gama,18/07/26,Sat,12:30,Northpine United,Central Park A,2,2,,Y,,
42990062,CTTLFA 2026,I2 - Under 18 Premier Two,,,I2-01- Clyde Pinelands,I2-03- Edgemead G/W,18/07/26,Sat,12:30,Clyde Pinelands,Ringwood Drive A,3,0,,Y,,
42990058,CTTLFA 2026,I2 - Under 18 Premier Two,,,I2-02- Durbanville,I2-08- Saxon Rovers,18/07/26,Sat,12:30,Durbanville,Klazinga Park A,3,1,,Y,,
42990059,CTTLFA 2026,I2 - Under 18 Premier Two,,,I2-04- Fish Hoek,I2-06- Kuilsriver,18/07/26,Sat,12:30,Fish Hoek,Fish Hoek A,1,1,,Y,,
42990057,CTTLFA 2026,I2 - Under 18 Premier Two,,,I2-05- Kensington,I2-11- Sunningdale City,18/07/26,Sat,12:30,Kensington,14 Avenue A,2,0,,Y,,
42990060,CTTLFA 2026,I2 - Under 18 Premier Two,,,I2-07- Meadowridge,I2-09- Shosholoza,18/07/26,Sat,12:30,Meadowridge,Meadowridge A,0,0,,Y,,
42990061,CTTLFA 2026,I2 - Under 18 Premier Two,,,I2-12- Young Bafana,I2-10- Stephanian Ottery,18/07/26,Sat,12:30,Young Bafana,YB Arena A,3,1,,Y,,
43804797,CTTLFA 2026,I3 - Under 18 Premier Three,,,I3-04- Chelsea Bridgetown,I3-11- Ruyterwacht,18/07/26,Sat,12:30,Chelsea,Hickory Road A,1,4,,Y,,
43206956,CTTLFA 2026,I3B - Under 18 Premier Three B,,,I3-05- Garden Village,I3-09- Holy Cross,18/07/26,Sat,12:30,Garden Village,Alexander Road,4,0,,Y,,
43206957,CTTLFA 2026,I3B - Under 18 Premier Three B,,,I3-06- Goodwood United,I3-03- Bothasig,18/07/26,Sat,12:30,Goodwood,Hamilton Road A,4,0,,Y,,
43206959,CTTLFA 2026,I3B - Under 18 Premier Three B,,,I3-13- West End United,I3-14- YSD Macassar,18/07/26,Sat,12:30,West End United,West End Park A,0,1,,Y,,
43206958,CTTLFA 2026,I3B - Under 18 Premier Three B,,,I3-15- Mutual FC,I3-02- Bellville City,18/07/26,Sat,12:30,Mutual FC,Pinelands Oval A,1,2,,Y,,
43804796,CTTLFA 2026,I3 - Under 18 Premier Three,,,I3-16- Garlandale,I3-08- Green Point Salesians,18/07/26,Sat,12:30,Garlandale,Garlandale A,1,4,,Y,,
43804798,CTTLFA 2026,I3 - Under 18 Premier Three,,,I3-17- Queens Park,I3-01- Avendale Athletico,18/07/26,Sat,12:30,Paddock Road A,Queens Park Paddock A,8,1,,Y,,
43275120,CTTLFA 2026,I4 - Under 18 Division Four,,,I4-03- FN Rangers B,I4-04- Northpine United B,18/07/26,Sat,12:30,FN Rangers,FNB Stadium A,1,1,,Y,,
43275119,CTTLFA 2026,I4 - Under 18 Division Four,,,I4-05- Norway Parks B,I4-02- Cape Town Spurs B,18/07/26,Sat,12:30,Norway Parks,Royal Road D,1,1,,Y,,
43275122,CTTLFA 2026,I4 - Under 18 Division Four,,,I4-06- Rygersdal B.,I4-07- Saxon Rovers B,18/07/26,Sat,12:30,U C T,U C T,1,8,,Y,,
43275123,CTTLFA 2026,I4 - Under 18 Division Four,,,I4-10- Wynberg St Johns B.,I4-01- Bothasig B,18/07/26,Sat,12:30,Wynberg st Johns,Wynberg B,5,1,,Y,,
43805545,CTTLFA 2026,I5 - Under 18 Division Five,,,I5-02- Clyde Pinelands B,I5-01- Bothasig C,18/07/26,Sat,12:30,Clyde Pinelands,Ringwood Drive B,3,0,Home Walkover,Y,,
43805546,CTTLFA 2026,I5 - Under 18 Division Five,,,I5-04- Edgemead G/W B.,I5-11- Tramway,18/07/26,Sat,12:30,Edgemead G/W,Edgemead B,2,3,,Y,,
43805544,CTTLFA 2026,I5 - Under 18 Division Five,,,I5-05- Fish Hoek B.,I5-06- JMI,18/07/26,Sat,12:30,Fish Hoek,Fish Hoek B,2,2,,Y,,
43805547,CTTLFA 2026,I5 - Under 18 Division Five,,,I5-07- Meadowridge B.,I5-03- Durbanville B.,18/07/26,Sat,12:30,Meadowridge,Meadowridge B,3,3,,Y,,
43805548,CTTLFA 2026,I5 - Under 18 Division Five,,,I5-08- Ruyterwacht B,I5-10- Bellville City B,18/07/26,Sat,12:30,Ruyterwacht,Stan Abbot B,3,1,,Y,,
43805809,CTTLFA 2026,K6 - Under 16 Division Six,,,K6-04- Holy Cross B,K6-10- Shosholoza B,18/07/26,Sat,12:30,Holy Cross,Holy Cross School A,2,2,,Y,,
42989881,CTTLFA 2026,I1 - Under 18 Premier One,,,I1-04- FC Kapstadt,I1-11- Table View,18/07/26,Sat,13:15,FC Kapstadt,Hartleyvale D,0,0,,Y,,
43575182,CTTLFA 2026,D1 - 3rd Division,,,D1-05- Garden Village,D1-07- Saxon Rovers,18/07/26,Sat,14:00,Garden Village,Alexander Road,3,1,,Y,,
43575467,CTTLFA 2026,D2 - 4th Division,,,D2-02- Bothasig,D2-05- Norway Parks,18/07/26,Sat,14:00,Bothasig,Abe Sher B,0,3,,Y,,
43575464,CTTLFA 2026,D2 - 4th Division,,,D2-06- Ruyterwacht,D2-03- Edgemead G/W,18/07/26,Sat,14:00,Ruyterwacht,Stan Abbot B,1,5,,Y,,
43575465,CTTLFA 2026,D2 - 4th Division,,,D2-10- Wynberg St Johns,D2-01- Avendale Athletico,18/07/26,Sat,14:00,Wynberg st Johns,Wynberg B,1,2,,Y,,
43575463,CTTLFA 2026,D2 - 4th Division,,,D2-11- Shosholoza FC,D2-08- Table View,18/07/26,Sat,14:00,Pelican Heights Sports Ground,Pelican A,4,4,,Y,,
43575291,CTTLFA 2026,D3 - 5th Division,,,D3-03- Durbanville,D3-04- Edgemead G/W,18/07/26,Sat,14:00,Durbanville,Klazinga Park B,2,5,,Y,,
43575293,CTTLFA 2026,D3 - 5th Division,,,D3-05-Bellville City,D3-01- Bothasig,18/07/26,Sat,14:00,Bellville City,PP Smit Stadium C,4,2,,Y,,
43575598,CTTLFA 2026,D4 - 6th Division,,,D4-01- Garlandale FC,D4-10- Sunningdale City,18/07/26,Sat,14:00,Garlandale,Garlandale A,1,2,,Y,,
43575599,CTTLFA 2026,D4 - 6th Division,,,D4-07- Rygersdal,D4-02- Clyde Pinelands,18/07/26,Sat,14:00,Rygersdal,Allenby Drive Sports Complex,8,1,,Y,,
43575596,CTTLFA 2026,D4 - 6th Division,,,D4-11- Edgemead G/W,D4-04- Holy Cross,18/07/26,Sat,14:00,Edgemead G/W,Edgemead D,2,1,,Y,,
43575732,CTTLFA 2026,F2 - Vets 040 B,,,F2-01- Avendale Athletico,F2-07- Bye,18/07/26,Sat,14:00,Avendale Athletico,Field Crescent A,0,0,,Y,,
43256331,CTTLFA 2026,B2 - First Reserve,,,FR-01- Bellville City FC,FR-11- Stephanian Ottery,18/07/26,Sat,14:00,Bellville City,PP Smit Stadium A,0,2,,Y,,
43256332,CTTLFA 2026,B2 - First Reserve,,,FR-02- Bothasig,FR-07- Kuilsriver,18/07/26,Sat,14:00,Bothasig,Abe Sher A,0,4,,Y,,
43256333,CTTLFA 2026,B2 - First Reserve,,,FR-06- Kensington,FR-03- Brooklyn Superstars,18/07/26,Sat,14:00,Kensington,14 Avenue A,3,1,,Y,,
43256334,CTTLFA 2026,B2 - First Reserve,,,FR-08- Meadowridge,FR-05- JMI,18/07/26,Sat,14:00,Meadowridge,Meadowridge A,5,0,,Y,,
43256335,CTTLFA 2026,B2 - First Reserve,,,FR-09- Northpine United,FR-12- Sunningdale City,18/07/26,Sat,14:00,Northpine United,Central Park A,4,1,,Y,,
43256336,CTTLFA 2026,B2 - First Reserve,,,FR-13- Tramway,FR-10- Ruyterwacht,18/07/26,Sat,14:00,Tramway,Groenewald Park A,1,3,,Y,,
43806416,CTTLFA 2026,G1 - Vets 045 A,,,G1-05- Meadowridge,G1-08- Bothasig,18/07/26,Sat,14:00,Meadowridge,Meadowridge B,3,2,,Y,,
43806413,CTTLFA 2026,G1 - Vets 045 A,,,G1-11- Lansdowne,G1-03- FN Rangers,18/07/26,Sat,14:00,Lansdowne,Chukker Road A,2,2,,Y,,
43806415,CTTLFA 2026,G1 - Vets 045 A,,,G1-12- Table View,G1-06- Saxon Rovers,18/07/26,Sat,14:00,Table View,Table View A,7,0,,Y,,
43262939,CTTLFA 2026,G4 - Vets 050 A,,,G4-03- FN Rangers,G4-08- Tramway,18/07/26,Sat,14:00,FN Rangers,FNB Stadium B,1,3,,Y,,
43262940,CTTLFA 2026,G4 - Vets 050 A,,,G4-04- Hanover Park,G4-02- Fish Hoek,18/07/26,Sat,14:00,Hanover Park,Hanover Park A,8,2,,Y,,
43262937,CTTLFA 2026,G4 - Vets 050 A,,,G4-07- Stephanian Ottery,G4-06- Rygersdal,18/07/26,Sat,14:00,Stephanian Ottery,Stephanian Ottery A,5,0,,Y,,
43262835,CTTLFA 2026,G5 - Vets 050 B,,,G5-02- Bye.,G5-10- West End United B,18/07/26,Sat,14:00,Bye,#1,0,0,,Y,,
43262832,CTTLFA 2026,G5 - Vets 050 B,,,G5-06- Green Point Salesians,G5-08- Lansdowne,18/07/26,Sat,14:00,Green Point,Green Point A,1,0,,Y,,
43575122,CTTLFA 2026,G6 - Vets O50 C,,,G6-04- Stephanian Ottery B,G6-03- West End United C,18/07/26,Sat,14:00,Stephanian Ottery,Stephanian Ottery B,2,1,,Y,,
43575119,CTTLFA 2026,G6 - Vets O50 C,,,G6-05- Table View,G6-01- Avendale Athletico,18/07/26,Sat,14:00,Table View,Table View C,2,2,,Y,,
43575120,CTTLFA 2026,G6 - Vets O50 C,,,G6-09- YMO FC,G6-06- Tramway B,18/07/26,Sat,14:00,YMO FC,Upper Cambridge A,7,0,,Y,,
43256151,CTTLFA 2026,A2 - Premier Reserve,,,PR-01- Durbanville,PR-11- Table View,18/07/26,Sat,14:00,Durbanville,Klazinga Park A,2,1,,Y,,
43256152,CTTLFA 2026,A2 - Premier Reserve,,,PR-03- Fish Hoek,PR-08- Norway Parks,18/07/26,Sat,14:00,Fish Hoek,Fish Hoek A,5,3,,Y,,
43256153,CTTLFA 2026,A2 - Premier Reserve,,,PR-04- FN Rangers,PR-05- Green Point Salesians,18/07/26,Sat,14:00,FN Rangers,FNB Stadium A,0,1,,Y,,
43256154,CTTLFA 2026,A2 - Premier Reserve,,,PR-07- Holy Cross,PR-06- Hanover Park,18/07/26,Sat,14:00,Holy Cross,Voortrekker Road,1,2,,Y,,
43256155,CTTLFA 2026,A2 - Premier Reserve,,,PR-10- Saxon Rovers,PR-02- Edgemead G/W,18/07/26,Sat,14:00,Saxon Rovers,Maitland A,0,0,,Y,,
43256156,CTTLFA 2026,A2 - Premier Reserve,,,PR-14- Wynberg St Johns,PR-13- C.R. Vasco Da Gama,18/07/26,Sat,14:00,Wynberg st Johns,Wynberg A,1,1,,Y,,
43256527,CTTLFA 2026,C2 - Second Reserve,,,SR-03- Camps Bay,SR-14- West End United,18/07/26,Sat,14:00,Camps Bay,Camps Bay A,3,2,,Y,,
43256531,CTTLFA 2026,C2 - Second Reserve,,,SR-04- Chelsea Bridgetown,SR-09- Goodwood United,18/07/26,Sat,14:00,Chelsea,Hickory Road A,3,0,,Y,,
43256528,CTTLFA 2026,C2 - Second Reserve,,,SR-05- Clyde Pinelands,SR-02- Barmsley Spurs,18/07/26,Sat,14:00,Clyde Pinelands,Ringwood Drive A,8,1,,Y,,
43256529,CTTLFA 2026,C2 - Second Reserve,,,SR-06- De Beers,SR-01- Avendale Athletico,18/07/26,Sat,14:00,De Beers,Somerset West A,0,0,,Y,,
43256533,CTTLFA 2026,C2 - Second Reserve,,,SR-10- Hellenic,SR-12- Queens Park,18/07/26,Sat,14:00,Hellenic,Tygerhof Sports Complex A,2,5,,Y,,
43256532,CTTLFA 2026,C2 - Second Reserve,,,SR-11- Mutual FC,SR-16- YSD Macassar,18/07/26,Sat,14:00,Mutual FC,Pinelands Oval A,1,1,,Y,,
43256530,CTTLFA 2026,C2 - Second Reserve,,,SR-13- Varsity College,SR-08- Bye,18/07/26,Sat,14:00,Avenue De Mist,Ave De Mist - A,0,0,,Y,,
43575468,CTTLFA 2026,D2 - 4th Division,,,D2-04- Fish Hoek,D2-09- C.R. Vasco Da Gama,18/07/26,Sat,14:30,Fish Hoek,Fish Hoek B,0,1,,Y,,
43806547,CTTLFA 2026,H1 - Womens Premier League,,,H1-01- Badgers,H1-08- Magic Ladies,18/07/26,Sat,15:00,Badgers FC,Oranjezicht A,1,2,,Y,,
43806417,CTTLFA 2026,G1 - Vets 045 A,,,G1-04- Hanover Park,G1-10- Holy Cross,18/07/26,Sat,15:30,Hanover Park,Hanover Park A,8,1,,Y,,
43575295,CTTLFA 2026,D1 - 3rd Division,,,D1-04- Edgemead G/W,D1-09- C.R. Vasco Da Gama,18/07/26,Sat,15:45,Edgemead G/W,Edgemead A,1,3,,Y,,
43575292,CTTLFA 2026,D1 - 3rd Division,,,D1-06- Green Point Salesians,D1-01- Bellville City FC,18/07/26,Sat,15:45,Green Point,Green Point A,4,1,,Y,,
43575296,CTTLFA 2026,D1 - 3rd Division,,,D1-10- Wynberg St Johns,D1-02- Bothasig,18/07/26,Sat,15:45,Wynberg st Johns,Wynberg B,0,5,,Y,,
43575289,CTTLFA 2026,D1 - 3rd Division,,,D1-11- Shosholoza FC,D1-08- Table View,18/07/26,Sat,15:45,Pelican Heights Sports Ground,Pelican A,1,1,,Y,,
43575294,CTTLFA 2026,D3 - 5th Division,,,D3-02- Clyde Pinelands,D3-11- Hanover Park,18/07/26,Sat,15:45,Clyde Pinelands,Ringwood Drive B,6,1,,Y,,
43575297,CTTLFA 2026,D3 - 5th Division,,,D3-10- C.R. Vasco Da Gama,D3-06- Mutual FC,18/07/26,Sat,15:45,Vasco da Gama,Da Gama Park C,3,0,Home Walkover,Y,,
43575964,CTTLFA 2026,E1- Vets 035,,,E1-04-FN Rangers,E1-06- Hanover Park,18/07/26,Sat,15:45,FN Rangers,FNB Stadium C,4,0,,Y,,
43575852,CTTLFA 2026,E2- Vets 035 B,,,E2-07- Meadowridge,E2-12- Clyde Pinelands B,18/07/26,Sat,15:45,Meadowridge,Meadowridge B,6,0,,Y,,
43575850,CTTLFA 2026,E2- Vets 035 B,,,E2-09- Tramway,E2-06- FN Rangers B,18/07/26,Sat,15:45,Tramway,Groenewald Park B,3,5,,Y,,
43575733,CTTLFA 2026,F2 - Vets 040 B,,,F2-03- Garlandale,F2-11- Saxon Rovers,18/07/26,Sat,15:45,Garlandale,Garlandale B,0,1,,Y,,
43575729,CTTLFA 2026,F2 - Vets 040 B,,,F2-04- Goodwood United,F2-12- Sunningdale City B,18/07/26,Sat,15:45,Goodwood,Hamilton Road B,5,5,,Y,,
42990251,CTTLFA 2026,B1 - First Division,,,FD-01- Bellville City FC,FD-11- Stephanian Ottery,18/07/26,Sat,15:45,Bellville City,PP Smit Stadium A,2,0,,Y,,
42990249,CTTLFA 2026,B1 - First Division,,,FD-02- Bothasig,FD-07- Kuilsriver,18/07/26,Sat,15:45,Bothasig,Abe Sher A,4,0,,Y,,
42990252,CTTLFA 2026,B1 - First Division,,,FD-06- Kensington,FD-03- Brooklyn Superstars,18/07/26,Sat,15:45,Kensington,14 Avenue A,1,1,,Y,,
42990253,CTTLFA 2026,B1 - First Division,,,FD-08- Meadowridge,FD-05- JMI,18/07/26,Sat,15:45,Meadowridge,Meadowridge A,2,0,,Y,,
42990254,CTTLFA 2026,B1 - First Division,,,FD-09- Northpine United,FD-12- Sunningdale City,18/07/26,Sat,15:45,Northpine United,Central Park A,1,3,,Y,,
42990250,CTTLFA 2026,B1 - First Division,,,FD-13- Tramway,FD-10- Ruyterwacht,18/07/26,Sat,15:45,Tramway,Groenewald Park A,3,1,,Y,,
42996968,CTTLFA 2026,A1 - Premier Division,,,PD-01- Durbanville,PD-11- Table View,18/07/26,Sat,15:45,Durbanville,Klazinga Park A,2,1,,Y,,
42996965,CTTLFA 2026,A1 - Premier Division,,,PD-03- Fish Hoek,PD-08- Norway Parks,18/07/26,Sat,15:45,Fish Hoek,Fish Hoek A,2,3,,Y,,
42996969,CTTLFA 2026,A1 - Premier Division,,,PD-04- FN Rangers,PD-05- Green Point Salesians,18/07/26,Sat,15:45,FN Rangers,FNB Stadium A,2,0,,Y,,
42996967,CTTLFA 2026,A1 - Premier Division,,,PD-07- Holy Cross,PD-06- Hanover Park,18/07/26,Sat,15:45,Holy Cross,Voortrekker Road,2,5,,Y,,
42996966,CTTLFA 2026,A1 - Premier Division,,,PD-10- Saxon Rovers,PD-02- Edgemead G/W,18/07/26,Sat,15:45,Saxon Rovers,Maitland A,0,1,,Y,,
42996964,CTTLFA 2026,A1 - Premier Division,,,PD-14- Wynberg St Johns,PD-13- C.R. Vasco Da Gama,18/07/26,Sat,15:45,Wynberg st Johns,Wynberg A,5,2,,Y,,
43206594,CTTLFA 2026,C1 - Second Division,,,SD-03- Camps Bay,SD-14- West End United,18/07/26,Sat,15:45,Camps Bay,Camps Bay A,2,2,,Y,,
43206588,CTTLFA 2026,C1 - Second Division,,,SD-04- Chelsea Bridgetown,SD-09- Goodwood United,18/07/26,Sat,15:45,Chelsea,Hickory Road A,2,1,,Y,,
43206595,CTTLFA 2026,C1 - Second Division,,,SD-05- Clyde Pinelands,SD-02- Barmsley Spurs,18/07/26,Sat,15:45,Clyde Pinelands,Ringwood Drive A,2,1,,Y,,
43206593,CTTLFA 2026,C1 - Second Division,,,SD-06- De Beers,SD-01- Avendale Athletico,18/07/26,Sat,15:45,De Beers,Somerset West A,0,1,,Y,,
43206592,CTTLFA 2026,C1 - Second Division,,,SD-10- Hellenic,SD-12- Queens Park,18/07/26,Sat,15:45,Hellenic,Tygerhof Sports Complex A,2,5,,Y,,
43206591,CTTLFA 2026,C1 - Second Division,,,SD-11- Mutual FC,SD-16- YSD Macassar,18/07/26,Sat,15:45,Mutual FC,Pinelands Oval A,2,2,,Y,,
43206590,CTTLFA 2026,C1 - Second Division,,,SD-13- Varsity College,SD-08- Bye,18/07/26,Sat,15:45,Avenue De Mist,Ave De Mist - A,0,0,,Y,,
43256879,CTTLFA 2026,M1 - Under 14 Premier One,,,M1-03- De Beers,M1-09- Norway Parks,19/07/26,Sun,09:00,De Beers,Somerset West A,0,0,,Y,,
43274313,CTTLFA 2026,O5 - Under 12 Division Five,,,O5-08- Kuilsriver B.,O5-01- Bellville City B.,19/07/26,Sun,10:00,Serepta Sports Ground,Serepta Sports Ground B,0,5,,Y,,
43256723,CTTLFA 2026,K1 - Under 16 Premier One,,,K1-03- De Beers,K1-09- Norway Parks,19/07/26,Sun,10:30,De Beers,Somerset West A,0,1,,Y,,
43272886,CTTLFA 2026,M6 - Under 14 Division Six,,,M6-06- FC Kapstadt B,M6-02- Brooklyn Superstars,19/07/26,Sun,11:00,FC Kapstadt,Generation Schools Sandown Institute,3,1,,Y,,
43279525,CTTLFA 2026,M5 - Under 14 Division Five,,,M5-08- Kuilsriver B.,M5-01- Bellville City B.,19/07/26,Sun,11:15,Serepta Sports Ground,Serepta Sports Ground B,1,2,,Y,,
43279415,CTTLFA 2026,K5 - Under 16 Division Five,,,K5-08- Kuilsriver B.,K5-01- Bellville City B.,19/07/26,Sun,12:35,Serepta Sports Ground,Serepta Sports Ground B,4,0,,Y,,
43317332,CTTLFA 2026,H2 - Womens First Division,,,H2-11- Magic Ladies B,H2-02- Bothasig,19/07/26,Sun,13:00,Avenue De Mist,Ave De Mist - A,4,0,,Y,,
43256534,CTTLFA 2026,C2 - Second Reserve,,,SR-15- Young Bafana,SR-07- FC Kapstadt,19/07/26,Sun,14:00,FC Kapstadt,Generation Schools Sandown Institute,6,0,,Y,,
43206589,CTTLFA 2026,C1 - Second Division,,,SD-15- Young Bafana,SD-07- FC Kapstadt,19/07/26,Sun,15:45,FC Kapstadt,Generation Schools Sandown Institute,3,0,,Y,,
43575600,CTTLFA 2026,D4 - 6th Division,,,D4-09- Stephanian Ottery,D4-12- Lansdowne,20/07/26,Mon,19:30,Stephanian Ottery,Stephanian Ottery B,2,2,,Y,,
44032058,CTTLFA 2026,,CTTLFA First Reserves Knock Out 2026,,FR-11- Stephanian Ottery,FR-08- Meadowridge,20/07/26,Mon,19:30,Stephanian Ottery,Stephanian Ottery A,2,0,,Y,,
43256393,CTTLFA 2026,C2 - Second Reserve,,,SR-03- Camps Bay,SR-12- Queens Park,21/07/26,Tue,19:00,Camps Bay,Camps Bay A,4,2,,Y,,
43256450,CTTLFA 2026,C2 - Second Reserve,,,SR-09- Goodwood United,SR-01- Avendale Athletico,21/07/26,Tue,19:00,Goodwood,Hamilton Road A,3,1,,Y,,
44034952,CTTLFA 2026,,CTTLFA First Division Knock Out 2026,,FD-11- Stephanian Ottery,FD-04- Garden Village,21/07/26,Tue,19:30,Stephanian Ottery,Stephanian Ottery A,0,0,,Y,,
43206454,CTTLFA 2026,C1 - Second Division,,,SD-03- Camps Bay,SD-12- Queens Park,21/07/26,Tue,20:30,Camps Bay,Camps Bay A,0,2,,Y,,
43206512,CTTLFA 2026,C1 - Second Division,,,SD-09- Goodwood United,SD-01- Avendale Athletico,21/07/26,Tue,20:30,Goodwood,Hamilton Road A,0,1,,Y,,
43575963,CTTLFA 2026,E1- Vets 035,,,E1-11- C.R. Vasco Da Gama,E1-08- Ruyterwacht,22/07/26,Wed,19:30,Vasco da Gama,Da Gama Park A,3,5,,Y,,
43806419,CTTLFA 2026,G1 - Vets 045 A,,,G1-02-Edgemead G/W,G1-08- Bothasig,22/07/26,Wed,19:30,Edgemead G/W,Edgemead A,1,1,,Y,,
43317278,CTTLFA 2026,H2 - Womens First Division,,,H2-06- Meadowridge,H2-02- Bothasig,22/07/26,Wed,19:30,Meadowridge,Meadowridge A,0,1,,Y,,
43575961,CTTLFA 2026,E1- Vets 035,,,E1-02- Camps Bay,E1-05- Goodwood United,22/07/26,Wed,20:00,Camps Bay,Camps Bay A,2,3,,Y,,
43575855,CTTLFA 2026,E2- Vets 035 B,,,E2-02- Durbanville,E2-07- Meadowridge,22/07/26,Wed,20:00,Durbanville,Klazinga Park A,1,0,,Y,,
43262531,CTTLFA 2026,F1 - Vets 040 A,,,F1-08- Stephanian Ottery,F1-10- C.R. Vasco Da Gama,22/07/26,Wed,20:00,Stephanian Ottery,Stephanian Ottery A,0,2,,Y,,
43262942,CTTLFA 2026,G4 - Vets 050 A,,,G4-02- Fish Hoek,G4-05- Holy Cross,22/07/26,Wed,20:00,Fish Hoek,Fish Hoek A,0,3,,Y,,
43575125,CTTLFA 2026,G6 - Vets O50 C,,,G6-06- Tramway B,G6-05- Table View,22/07/26,Wed,20:00,Tramway,Groenewald Park A,2,1,,Y,,
43574521,CTTLFA 2026,O7 - Under 12 Girls Premier One (9v9),,,O7-05- Meadowridge A,O7-04- Bye,23/07/26,Thu,18:30,Meadowridge,Meadowridge B,0,0,,Y,,
43575466,CTTLFA 2026,D2 - 4th Division,,,D2-07- Rygersdal,D2-12- Kensington,23/07/26,Thu,19:00,U C T,U C T,2,2,,Y,,
43262944,CTTLFA 2026,G4 - Vets 050 A,,,G4-01- Clyde Pinelands,G4-03- FN Rangers,23/07/26,Thu,19:30,Clyde Pinelands,Ringwood Drive A,3,6,,Y,,
43262532,CTTLFA 2026,F1 - Vets 040 A,,,F1-07- Rygersdal,F1-01- Bellville City,23/07/26,Thu,20:30,U C T,U C T,2,1,,Y,,
43575128,CTTLFA 2026,G6 - Vets O50 C,,,G6-02- Hanover Park C,G6-04- Stephanian Ottery B,23/07/26,Thu,20:30,Hanover Park,Hanover Park A,3,0,,Y,,
43260880,CTTLFA 2026,M3B - Under 14 Premier Three B,,,M3-03- Bothasig,M3-15- Mutual FC,24/07/26,Fri,18:30,Bothasig,Abe Sher A,5,0,,Y,,
43574629,CTTLFA 2026,M8 - Under 14 Girls Premier One,,,M8-07- Rygersdal,M8-05- Meadowridge,24/07/26,Fri,18:30,Meadowridge,Meadowridge B,6,0,,Y,,
43260938,CTTLFA 2026,O3B - Under 12 Premier Three B,,,O3-03- Bothasig,O3-15- Mutual FC,24/07/26,Fri,18:30,Bothasig,Abe Sher B,5,0,,Y,,
43575734,CTTLFA 2026,F2 - Vets 040 B,,,F2-12- Sunningdale City B,F2-10- Jamestown United,24/07/26,Fri,19:00,Sunningdale City,Sunningdale B,4,1,,Y,,
43806424,CTTLFA 2026,G1 - Vets 045 A,,,G1-09- Garden Village,G1-01- De Beers,24/07/26,Fri,19:00,Garden Village,Alexander Road,0,2,,Y,,
43575126,CTTLFA 2026,G6 - Vets O50 C,,,G6-01- Avendale Athletico,G6-08- Wynberg St Johns,24/07/26,Fri,19:00,Chelsea,Hickory Road A,2,4,,Y,,
43575124,CTTLFA 2026,G6 - Vets O50 C,,,G6-11- Bye,G6-09- YMO FC,24/07/26,Fri,19:00,Bye,#1,0,0,,Y,,
43317335,CTTLFA 2026,H2 - Womens First Division,,,H2-06- Meadowridge,H2-04- Kensington,24/07/26,Fri,19:00,Meadowridge,Meadowridge A,0,1,,Y,,
43317337,CTTLFA 2026,H2 - Womens First Division,,,H2-08- Saxon Rovers,H2-05- Kuilsriver,24/07/26,Fri,19:00,Saxon Rovers,Maitland A,0,4,,Y,,
43317338,CTTLFA 2026,H2 - Womens First Division,,,H2-12- Hanover Park,H2-07- Norway Parks,24/07/26,Fri,19:00,Hanover Park,Hanover Park B,0,0,,Y,,
43256158,CTTLFA 2026,A2 - Premier Reserve,,,PR-06- Hanover Park,PR-10- Saxon Rovers,24/07/26,Fri,19:00,Hanover Park,Hanover Park A,3,0,,Y,,
43575965,CTTLFA 2026,E1- Vets 035,,,E1-07- Kensington,E1-04-FN Rangers,24/07/26,Fri,19:30,Kensington,14 Avenue A,2,3,,Y,,
43575853,CTTLFA 2026,E2- Vets 035 B,,,E2-11- Turfhall,E2-08- Everton United,24/07/26,Fri,19:30,Heideveld Sports Complex,#1,1,2,,Y,,
43262943,CTTLFA 2026,G4 - Vets 050 A,,,G4-08- Tramway,G4-04- Hanover Park,24/07/26,Fri,19:30,Tramway,Groenewald Park A,1,1,,Y,,
43262841,CTTLFA 2026,G5 - Vets 050 B,,,G5-03- Durbanville,G5-04- Edgemead G/W,24/07/26,Fri,19:30,Durbanville,Klazinga Park B,1,0,,Y,,
43806570,CTTLFA 2026,H1 - Womens Premier League,,,H1-04- Fish Hoek,H1-02- Bellville City,24/07/26,Fri,19:30,Fish Hoek,Fish Hoek A,2,2,,Y,,
43806571,CTTLFA 2026,H1 - Womens Premier League,,,H1-09- Northpine United,H1-06- Green Point Salesians,24/07/26,Fri,19:30,Northpine United,Central Park A,1,5,,Y,,
43206961,CTTLFA 2026,I3B - Under 18 Premier Three B,,,I3-03- Bothasig,I3-15- Mutual FC,24/07/26,Fri,19:45,Bothasig,Abe Sher A,4,0,,Y,,
43260824,CTTLFA 2026,K3B - Under 16 Premier Three B,,,K3-03- Bothasig,K3-15- Mutual FC,24/07/26,Fri,19:45,Bothasig,Abe Sher B,2,1,,Y,,
43575299,CTTLFA 2026,D1 - 3rd Division,,,D1-03- Durbanville,D1-04- Edgemead G/W,24/07/26,Fri,20:00,Durbanville,Klazinga Park B,3,1,,Y,,
43262530,CTTLFA 2026,F1 - Vets 040 A,,,F1-09- Sunningdale City,F1-03- Fish Hoek,24/07/26,Fri,20:00,Sunningdale City,Sunningdale A,0,2,,Y,,
43575300,CTTLFA 2026,D1 - 3rd Division,,,D1-05- Garden Village,D1-06- Green Point Salesians,24/07/26,Fri,20:30,Garden Village,Alexander Road,3,2,,Y,,
43575474,CTTLFA 2026,D2 - 4th Division,,,D2-01- Avendale Athletico,D2-04- Fish Hoek,24/07/26,Fri,20:30,Chelsea,Hickory Road A,3,1,,Y,,
43575303,CTTLFA 2026,D3 - 5th Division,,,D3-07- Northpine United,D3-02- Clyde Pinelands,24/07/26,Fri,20:30,Northpine United,Central Park A,2,3,,Y,,
43575602,CTTLFA 2026,D4 - 6th Division,,,D4-04- Holy Cross,D4-05- Kuilsriver,24/07/26,Fri,20:30,Holy Cross,Voortrekker Road,2,0,,Y,,
43575604,CTTLFA 2026,D4 - 6th Division,,,D4-10- Sunningdale City,D4-03- De Beers,24/07/26,Fri,20:30,Sunningdale City,Sunningdale B,1,2,,Y,,
43575857,CTTLFA 2026,E2- Vets 035 B,,,E2-13- Cape Town Spurs,E2-09- Tramway,24/07/26,Fri,20:30,Cape Town Spurs,Ikamva A,5,0,,Y,,
43575737,CTTLFA 2026,F2 - Vets 040 B,,,F2-05- Green Point Salesians,F2-03- Garlandale,24/07/26,Fri,20:30,Green Point,Green Point A,3,0,,Y,,
43575738,CTTLFA 2026,F2 - Vets 040 B,,,F2-11- Saxon Rovers,F2-01- Avendale Athletico,24/07/26,Fri,20:30,Saxon Rovers,Maitland A,1,1,,Y,,
42996973,CTTLFA 2026,A1 - Premier Division,,,PD-06- Hanover Park,PD-10- Saxon Rovers,24/07/26,Fri,20:30,Hanover Park,Hanover Park A,4,1,,Y,,
43257039,CTTLFA 2026,O1 - Under 12 Premier One,,,O1-01- Camps Bay,O1-02- Cape Town Spurs,25/07/26,Sat,08:15,Camps Bay,Maidens Cove,1,1,,Y,,
43257040,CTTLFA 2026,O1 - Under 12 Premier One,,,O1-05- FN Rangers,O1-08- Northpine United,25/07/26,Sat,08:15,FN Rangers,FNB Stadium A,2,0,,Y,,
43257041,CTTLFA 2026,O1 - Under 12 Premier One,,,O1-09- Norway Parks,O1-13- Wynberg St Johns,25/07/26,Sat,08:15,Norway Parks,Royal Road A,1,0,,Y,,
43257043,CTTLFA 2026,O1 - Under 12 Premier One,,,O1-11- Table View,O1-03- De Beers,25/07/26,Sat,08:15,Table View,Table View A,0,1,,Y,,
43257044,CTTLFA 2026,O1 - Under 12 Premier One,,,O1-12- CR Vasco Da Gama,O1-06- Hanover Park,25/07/26,Sat,08:15,Vasco da Gama,Da Gama Park B,2,0,,Y,,
43257449,CTTLFA 2026,O2 - Under 12 Premier Two,,,O2-03- Edgemead G/W,O2-05- Kensington,25/07/26,Sat,08:15,Edgemead G/W,Edgemead A,2,2,,Y,,
43257450,CTTLFA 2026,O2 - Under 12 Premier Two,,,O2-06- Kuilsriver,O2-12- Young Bafana,25/07/26,Sat,08:15,Serepta Sports Ground,Serepta Sports Ground A,0,3,,Y,,
43257451,CTTLFA 2026,O2 - Under 12 Premier Two,,,O2-08- Saxon Rovers,O2-01- Clyde Pinelands,25/07/26,Sat,08:15,Saxon Rovers,Maitland A,3,1,,Y,,
43257452,CTTLFA 2026,O2 - Under 12 Premier Two,,,O2-09- Shosholoza,O2-02- Durbanville,25/07/26,Sat,08:15,Pelican Heights Sports Ground,Pelican A,2,4,,Y,,
43257453,CTTLFA 2026,O2 - Under 12 Premier Two,,,O2-10- Stephanian Ottery,O2-07- Meadowridge,25/07/26,Sat,08:15,Stephanian Ottery,Stephanian Ottery B,0,5,,Y,,
43260937,CTTLFA 2026,O3B - Under 12 Premier Three B,,,O3-02- Bellville City,O3-06- Goodwood United,25/07/26,Sat,08:15,Bellville City,PP Smit Stadium C,2,1,,Y,,
43805278,CTTLFA 2026,O3 - Under 12 Premier Three,,,O3-04- Chelsea Bridgetown,O3-07- Grass Boots,25/07/26,Sat,08:15,Chelsea,Hickory Road A,4,4,,Y,,
43260939,CTTLFA 2026,O3B - Under 12 Premier Three B,,,O3-05- Garden Village,O3-13- West End United,25/07/26,Sat,08:15,Garden Village,Alexander Road,0,3,,Y,,
43260940,CTTLFA 2026,O3B - Under 12 Premier Three B,,,O3-14- YSD Macassar,O3-09- Holy Cross,25/07/26,Sat,08:15,YSD Macassar,YSD Macassar A,1,1,,Y,,
43274315,CTTLFA 2026,O4 - Under 12 Division Four,,,O4-01- Camps Bay B.,O4-03- De Beers B.,25/07/26,Sat,08:15,Camps Bay,"Symmonds Field, Camps Bay Drive",2,3,,Y,,
43274322,CTTLFA 2026,O4 - Under 12 Division Four,,,O4-05- Northpine United B,O4-04- FN Rangers B,25/07/26,Sat,08:15,Northpine United,Central Park A,0,5,,Y,,
43274319,CTTLFA 2026,O4 - Under 12 Division Four,,,O4-07- Rygersdal B,O4-02- Cape Town Spurs B,25/07/26,Sat,08:15,Cape Town Spurs,Ikamva C,8,2,,Y,,
43274323,CTTLFA 2026,O4 - Under 12 Division Four,,,O4-09- Table View B,O4-08- Saxon Rovers B,25/07/26,Sat,08:15,Table View,Table View B,1,3,,Y,,
43274320,CTTLFA 2026,O4 - Under 12 Division Four,,,O4-10- CR Vasco Da Gama B,O4-11- Wynberg St Johns B.,25/07/26,Sat,08:15,Vasco da Gama,Da Gama Park C,5,0,,Y,,
43274317,CTTLFA 2026,O5 - Under 12 Division Five,,,O5-02- Bothasig B,O5-07- Goodwood United B,25/07/26,Sat,08:15,Bothasig,Abe Sher B,12,1,,Y,,
43274321,CTTLFA 2026,O5 - Under 12 Division Five,,,O5-03- Clyde Pinelands B,O5-10- Stephanian Ottery B,25/07/26,Sat,08:15,Clyde Pinelands,Ringwood Drive B,0,2,,Y,,
43274324,CTTLFA 2026,O5 - Under 12 Division Five,,,O5-05- Edgemead G/W B.,O5-01- Bellville City B.,25/07/26,Sat,08:15,Edgemead G/W,Edgemead B,7,2,,Y,,
43274316,CTTLFA 2026,O5 - Under 12 Division Five,,,O5-06- Fish Hoek B.,O5-09- Meadowridge B.,25/07/26,Sat,08:15,Fish Hoek,Fish Hoek A,3,3,,Y,,
43274318,CTTLFA 2026,O5 - Under 12 Division Five,,,O5-11- Sunningdale City B,O5-04- Durbanville B.,25/07/26,Sat,08:15,Sunningdale City,Sunningdale B,3,1,,Y,,
43331135,CTTLFA 2026,O6 - Under 12 Division Six,,,O6-04- FC Kapstadt B,O6-01- Bothasig C,25/07/26,Sat,08:15,Bothasig,Abe Sher C,5,0,,Y,,
43574523,CTTLFA 2026,O7 - Under 12 Girls Premier One (9v9),,,O7-02- Bothasig,O7-01- Bellville City,25/07/26,Sat,08:15,Bothasig,Abe Sher D,2,1,,Y,,
43574520,CTTLFA 2026,O7 - Under 12 Girls Premier One (9v9),,,O7-09- Hout Bay,O7-06- Meadowridge B,25/07/26,Sat,08:15,Meadowridge,Meadowridge B,7,0,,Y,,
43806099,CTTLFA 2026,O8- Under 12 Division Seven,,,O8-03- Mutual B,O8-05- Norway Parks C,25/07/26,Sat,08:15,Mutual FC,Pinelands Oval B,4,1,,Y,,
43806096,CTTLFA 2026,O8- Under 12 Division Seven,,,O8-06- Rygersdal C,O8-01- Tramway,25/07/26,Sat,08:15,Rygersdal,Zwaanswyk High School,1,1,,Y,,
43806100,CTTLFA 2026,O8- Under 12 Division Seven,,,O8-07- Tramway B,O8-09- Lansdowne,25/07/26,Sat,08:15,Tramway,Groenewald Park B,0,3,,Y,,
43806899,CTTLFA 2026,K7 - Under 16 Girls Premier One,,,K7-10- Rygersdal,K7-05- Clyde Pinelands,25/07/26,Sat,09:30,Rygersdal,Zwaanswyk High School,3,0,Home Walkover,Y,,
43256883,CTTLFA 2026,M1 - Under 14 Premier One,,,M1-01- Camps Bay,M1-02- Cape Town Spurs,25/07/26,Sat,09:30,Camps Bay,Maidens Cove,2,7,,Y,,
43256884,CTTLFA 2026,M1 - Under 14 Premier One,,,M1-05- FN Rangers,M1-08- Northpine United,25/07/26,Sat,09:30,FN Rangers,FNB Stadium A,1,0,,Y,,
43256885,CTTLFA 2026,M1 - Under 14 Premier One,,,M1-09- Norway Parks,M1-13- Wynberg St Johns,25/07/26,Sat,09:30,Norway Parks,Royal Road A,1,0,,Y,,
43256887,CTTLFA 2026,M1 - Under 14 Premier One,,,M1-11- Table View,M1-03- De Beers,25/07/26,Sat,09:30,Table View,Table View A,1,2,,Y,,
43256888,CTTLFA 2026,M1 - Under 14 Premier One,,,M1-12- CR Vasco Da Gama,M1-06- Hanover Park,25/07/26,Sat,09:30,Vasco da Gama,Da Gama Park B,3,3,,Y,,
43257317,CTTLFA 2026,M2 - Under 14 Premier Two,,,M2-03- Edgemead G/W,M2-05- Kensington,25/07/26,Sat,09:30,Edgemead G/W,Edgemead A,1,1,,Y,,
43257318,CTTLFA 2026,M2 - Under 14 Premier Two,,,M2-06- Kuilsriver,M2-12- Young Bafana,25/07/26,Sat,09:30,Serepta Sports Ground,Serepta Sports Ground A,1,3,,Y,,
43257319,CTTLFA 2026,M2 - Under 14 Premier Two,,,M2-08- Saxon Rovers,M2-01- Clyde Pinelands,25/07/26,Sat,09:30,Saxon Rovers,Maitland A,1,1,,Y,,
43257320,CTTLFA 2026,M2 - Under 14 Premier Two,,,M2-09- Shosholoza,M2-02- Durbanville,25/07/26,Sat,09:30,Pelican Heights Sports Ground,Pelican A,0,3,,Y,,
43257321,CTTLFA 2026,M2 - Under 14 Premier Two,,,M2-10- Stephanian Ottery,M2-07- Meadowridge,25/07/26,Sat,09:30,Stephanian Ottery,Stephanian Ottery B,0,1,,Y,,
43257322,CTTLFA 2026,M2 - Under 14 Premier Two,,,M2-11- Sunningdale City,M2-04- Fish Hoek,25/07/26,Sat,09:30,Sunningdale City,Sunningdale A,0,1,,Y,,
43260879,CTTLFA 2026,M3B - Under 14 Premier Three B,,,M3-02- Bellville City,M3-06- Goodwood United,25/07/26,Sat,09:30,Bellville City,PP Smit Stadium A,6,6,,Y,,
43805607,CTTLFA 2026,M3 - Under 14 Premier Three,,,M3-04- Chelsea Bridgetown,M3-07- Grass Boots,25/07/26,Sat,09:30,Chelsea,Hickory Road A,0,4,,Y,,
43260881,CTTLFA 2026,M3B - Under 14 Premier Three B,,,M3-05- Garden Village,M3-13- West End United,25/07/26,Sat,09:30,Garden Village,Alexander Road,7,1,,Y,,
43260882,CTTLFA 2026,M3B - Under 14 Premier Three B,,,M3-14- YSD Macassar,M3-09- Holy Cross,25/07/26,Sat,09:30,YSD Macassar,YSD Macassar A,0,2,,Y,,
43279193,CTTLFA 2026,M4 - Under 14 Division Four,,,M4-01- Camps Bay B.,M4-03- De Beers B.,25/07/26,Sat,09:30,Camps Bay,"Symmonds Field, Camps Bay Drive",1,2,,Y,,
43279194,CTTLFA 2026,M4 - Under 14 Division Four,,,M4-05- Northpine United B,M4-04- FN Rangers B,25/07/26,Sat,09:30,Northpine United,Central Park A,1,0,,Y,,
43279195,CTTLFA 2026,M4 - Under 14 Division Four,,,M4-07- Rygersdal B,M4-02- Cape Town Spurs B,25/07/26,Sat,09:30,Cape Town Spurs,Ikamva A,3,1,,Y,,
43279196,CTTLFA 2026,M4 - Under 14 Division Four,,,M4-09- Table View B,M4-08- Saxon Rovers B.,25/07/26,Sat,09:30,Table View,Table View B,3,1,,Y,,
43279197,CTTLFA 2026,M4 - Under 14 Division Four,,,M4-10- CR Vasco Da Gama B,M4-11- Wynberg St Johns B.,25/07/26,Sat,09:30,Vasco da Gama,Da Gama Park C,2,2,,Y,,
43279530,CTTLFA 2026,M5 - Under 14 Division Five,,,M5-02- Bothasig B,M5-07- Goodwood United B,25/07/26,Sat,09:30,Bothasig,Abe Sher B,11,1,,Y,,
43279531,CTTLFA 2026,M5 - Under 14 Division Five,,,M5-03- Clyde Pinelands B,M5-10- Stephanian Ottery B,25/07/26,Sat,09:30,Clyde Pinelands,Ringwood Drive B,1,3,,Y,,
43279532,CTTLFA 2026,M5 - Under 14 Division Five,,,M5-05- Edgemead G/W B.,M5-01- Bellville City B.,25/07/26,Sat,09:30,Edgemead G/W,Edgemead B,6,0,,Y,,
43279533,CTTLFA 2026,M5 - Under 14 Division Five,,,M5-06- Fish Hoek B.,M5-09- Meadowridge B.,25/07/26,Sat,09:30,Fish Hoek,Fish Hoek A,0,7,,Y,,
43279534,CTTLFA 2026,M5 - Under 14 Division Five,,,M5-11- Sunningdale City B,M5-04- Durbanville B.,25/07/26,Sat,09:30,Sunningdale City,Sunningdale B,4,1,,Y,,
43272890,CTTLFA 2026,M6 - Under 14 Division Six,,,M6-01- Shosholoza B,M6-02- Brooklyn Superstars,25/07/26,Sat,09:30,Pelican Heights Sports Ground,Shosholoza B,5,4,,Y,,
43272889,CTTLFA 2026,M6 - Under 14 Division Six,,,M6-05- Edgemead G/W C,M6-04- Kensington B,25/07/26,Sat,09:30,Edgemead G/W,Edgemead C,2,2,,Y,,
43272888,CTTLFA 2026,M6 - Under 14 Division Six,,,M6-09- JMI,M6-08- Holy Cross B.,25/07/26,Sat,09:30,Norway Parks,Royal Road E,3,1,,Y,,
43806229,CTTLFA 2026,M7 - Under 14 Division Seven,,,M7-01- Bothasig C,M7-08- Wynberg St Johns C,25/07/26,Sat,09:30,Bothasig,Abe Sher C,1,2,,Y,,
43806226,CTTLFA 2026,M7 - Under 14 Division Seven,,,M7-07- Table View C,M7-10- Lansdowne,25/07/26,Sat,09:30,Table View,Table View C,2,0,,Y,,
43806225,CTTLFA 2026,M7 - Under 14 Division Seven,,,M7-09- Durbanville C,M7-06- Sunningdale City C.,25/07/26,Sat,09:30,Durbanville,Klazinga Park B,4,2,,Y,,
43574631,CTTLFA 2026,M8 - Under 14 Girls Premier One,,,M8-01- Bellville City,M8-11- Wynberg St Johns,25/07/26,Sat,09:30,Bellville City,PP Smit Stadium B,4,0,,Y,,
43574630,CTTLFA 2026,M8 - Under 14 Girls Premier One,,,M8-04- Fish Hoek,M8-02- Bothasig,25/07/26,Sat,09:30,Fish Hoek,Fish Hoek B,3,0,Home Walkover,Y,,
43574632,CTTLFA 2026,M8 - Under 14 Girls Premier One,,,M8-12- Hout Bay,M8-09- Stephanian Ottery,25/07/26,Sat,09:30,Stephanian Ottery,Stephanian Ottery C,3,0,,Y,,
43806228,CTTLFA 2026,M9- Under 14 Division Eight,,,M9-02- Bothasig D,M9-05- Meadowridge D,25/07/26,Sat,09:30,Bothasig,Abe Sher D,4,1,,Y,,
43806222,CTTLFA 2026,M9- Under 14 Division Eight,,,M9-04- Tramway,M9-07- Bye,25/07/26,Sat,09:30,Tramway,Groenewald Park A,0,0,,Y,,
43806223,CTTLFA 2026,M9- Under 14 Division Eight,,,M9-06- Northpine United D,M9-09- Garlandale B,25/07/26,Sat,09:30,Northpine United,Central Park B,4,4,,Y,,
43331136,CTTLFA 2026,O6 - Under 12 Division Six,,,O6-07- Meadowridge C,O6-08- Stephanian Ottery C,25/07/26,Sat,09:30,Meadowridge,Meadowridge A,3,1,,Y,,
43256727,CTTLFA 2026,K1 - Under 16 Premier One,,,K1-01- Camps Bay,K1-02- Cape Town Spurs,25/07/26,Sat,10:50,Camps Bay,Maidens Cove,4,2,,Y,,
43256728,CTTLFA 2026,K1 - Under 16 Premier One,,,K1-05- FN Rangers,K1-08- Northpine United,25/07/26,Sat,10:50,FN Rangers,FNB Stadium A,4,0,,Y,,
43256731,CTTLFA 2026,K1 - Under 16 Premier One,,,K1-11- Table View,K1-03- De Beers,25/07/26,Sat,10:50,Table View,Table View A,0,1,,Y,,
43256732,CTTLFA 2026,K1 - Under 16 Premier One,,,K1-12- CR Vasco Da Gama,K1-06- Hanover Park,25/07/26,Sat,10:50,Vasco da Gama,Da Gama Park B,4,0,,Y,,
43257184,CTTLFA 2026,K2 - Under 16 Premier Two,,,K2-03- Edgemead G/W,K2-05- Kensington,25/07/26,Sat,10:50,Edgemead G/W,Edgemead A,5,3,,Y,,
43257185,CTTLFA 2026,K2 - Under 16 Premier Two,,,K2-06- Kuilsriver,K2-12- Young Bafana,25/07/26,Sat,10:50,Serepta Sports Ground,Serepta Sports Ground A,0,4,,Y,,
43257186,CTTLFA 2026,K2 - Under 16 Premier Two,,,K2-08- Saxon Rovers,K2-01- Clyde Pinelands,25/07/26,Sat,10:50,Saxon Rovers,Maitland A,1,1,,Y,,
43257187,CTTLFA 2026,K2 - Under 16 Premier Two,,,K2-09- Shosholoza,K2-02- Durbanville,25/07/26,Sat,10:50,Pelican Heights Sports Ground,Pelican A,1,2,,Y,,
43257188,CTTLFA 2026,K2 - Under 16 Premier Two,,,K2-10- Stephanian Ottery,K2-07- Meadowridge,25/07/26,Sat,10:50,Stephanian Ottery,Stephanian Ottery B,1,3,,Y,,
43260823,CTTLFA 2026,K3B - Under 16 Premier Three B,,,K3-02- Bellville City,K3-06- Goodwood United,25/07/26,Sat,10:50,Bellville City,PP Smit Stadium A,3,5,,Y,,
43805346,CTTLFA 2026,K3 - Under 16 Premier Three,,,K3-04- Chelsea Bridgetown,K3-07- Grass Boots,25/07/26,Sat,10:50,Chelsea,Hickory Road A,0,1,,Y,,
43260825,CTTLFA 2026,K3B - Under 16 Premier Three B,,,K3-05- Garden Village,K3-13- West End United,25/07/26,Sat,10:50,Garden Village,Alexander Road,2,1,,Y,,
43260826,CTTLFA 2026,K3B - Under 16 Premier Three B,,,K3-14- YSD Macassar,K3-09- Holy Cross,25/07/26,Sat,10:50,YSD Macassar,YSD Macassar A,0,0,,Y,,
43279305,CTTLFA 2026,K4 - Under 16 Division Four,,,K4-05- Northpine United B,K4-04- FN Rangers B,25/07/26,Sat,10:50,Northpine United,Central Park A,3,2,,Y,,
43279306,CTTLFA 2026,K4 - Under 16 Division Four,,,K4-07- Rygersdal B,K4-02- Cape Town Spurs B,25/07/26,Sat,10:50,Cape Town Spurs,Ikamva A,3,0,,Y,,
43279307,CTTLFA 2026,K4 - Under 16 Division Four,,,K4-09- Table View B.,K4-08- Saxon Rovers B,25/07/26,Sat,10:50,Table View,Table View B,6,1,,Y,,
43279308,CTTLFA 2026,K4 - Under 16 Division Four,,,K4-10- CR Vasco Da Gama B,K4-11- Wynberg St Johns B.,25/07/26,Sat,10:50,Vasco da Gama,Da Gama Park C,3,1,,Y,,
43279420,CTTLFA 2026,K5 - Under 16 Division Five,,,K5-02- Bothasig B,K5-07- Goodwood United B,25/07/26,Sat,10:50,Bothasig,Abe Sher B,5,1,,Y,,
43279421,CTTLFA 2026,K5 - Under 16 Division Five,,,K5-03- Clyde Pinelands B,K5-10- Stephanian Ottery B,25/07/26,Sat,10:50,Clyde Pinelands,Ringwood Drive B,1,2,,Y,,
43279422,CTTLFA 2026,K5 - Under 16 Division Five,,,K5-05- Edgemead G/W B.,K5-01- Bellville City B.,25/07/26,Sat,10:50,Edgemead G/W,Edgemead B,4,0,,Y,,
43279423,CTTLFA 2026,K5 - Under 16 Division Five,,,K5-06- Fish Hoek B.,K5-09- Meadowridge B.,25/07/26,Sat,10:50,Fish Hoek,Fish Hoek A,0,1,,Y,,
43805818,CTTLFA 2026,K6 - Under 16 Division Six,,,K6-01- Bye.,K6-02- Bothasig C,25/07/26,Sat,10:50,Bye,#1,0,0,,Y,,
43805816,CTTLFA 2026,K6 - Under 16 Division Six,,,K6-03- Brooklyn Superstars,K6-06- Meadowridge C,25/07/26,Sat,10:50,Goodwood,Hamilton Road A,5,0,,Y,,
43805817,CTTLFA 2026,K6 - Under 16 Division Six,,,K6-04- Holy Cross B,K6-11- Kensington B,25/07/26,Sat,10:50,Holy Cross,Voortrekker Road,4,4,,Y,,
43805820,CTTLFA 2026,K6 - Under 16 Division Six,,,K6-08- Sunningdale City C,K6-07- Ruyterwacht B,25/07/26,Sat,10:50,Sunningdale City,Sunningdale B,0,7,,Y,,
43806900,CTTLFA 2026,K7 - Under 16 Girls Premier One,,,K7-03- Bothasig,K7-13- Wynberg St Johns,25/07/26,Sat,10:50,Bothasig,Abe Sher C,0,0,,Y,,
43806902,CTTLFA 2026,K7 - Under 16 Girls Premier One,,,K7-04- Camps Bay,K7-09- Bye.,25/07/26,Sat,10:50,Camps Bay,"Symmonds Field, Camps Bay Drive",0,0,,Y,,
43806897,CTTLFA 2026,K7 - Under 16 Girls Premier One,,,K7-06- Fish Hoek,K7-08- Meadowridge,25/07/26,Sat,10:50,Fish Hoek,Fish Hoek B,2,1,,Y,,
43806898,CTTLFA 2026,K7 - Under 16 Girls Premier One,,,K7-11- Bye.,K7-02- Bellville City,25/07/26,Sat,10:50,Bye,#1,0,0,,Y,,
43806901,CTTLFA 2026,K7 - Under 16 Girls Premier One,,,K7-15- Norway Parks,K7-01- Badgers,25/07/26,Sat,10:50,Norway Parks,Royal Road B,1,0,,Y,,
43805821,CTTLFA 2026,K8- Under 16 Division Seven,,,K8-07- Rygersdal C,K8-04- Fish Hoek C.,25/07/26,Sat,10:50,Rygersdal,Zwaanswyk High School,5,0,,Y,,
43805822,CTTLFA 2026,K8- Under 16 Division Seven,,,K8-09- YMO FC,K8-02- Durbanville C,25/07/26,Sat,10:50,YMO FC,Upper Cambridge A,7,0,,Y,,
43805815,CTTLFA 2026,K8- Under 16 Division Seven,,,K8-11- Bye,K8-01- Bothasig D,25/07/26,Sat,10:50,Bye,#1,0,0,,Y,,
43272891,CTTLFA 2026,M6 - Under 14 Division Six,,,M6-03- Bye,M6-07- Hellenic B,25/07/26,Sat,10:50,Bye,#1,0,0,,Y,,
43806224,CTTLFA 2026,M7 - Under 14 Division Seven,,,M7-03- Meadowridge C,M7-04- Northpine United C,25/07/26,Sat,10:50,Meadowridge,Meadowridge A,1,4,,Y,,
43574633,CTTLFA 2026,M8 - Under 14 Girls Premier One,,,M8-03- Camps Bay,M8-06- Norway Parks,25/07/26,Sat,10:50,Camps Bay,"Symmonds Field, Camps Bay Drive",4,0,,Y,,
43806227,CTTLFA 2026,M9- Under 14 Division Eight,,,M9-08- Table View D,M9-03- Edgemead G/W D,25/07/26,Sat,10:50,Table View,Table View C,1,1,,Y,,
43257454,CTTLFA 2026,O2 - Under 12 Premier Two,,,O2-11- Sunningdale City,O2-04- Fish Hoek,25/07/26,Sat,10:50,Sunningdale City,Sunningdale A,4,5,,Y,,
43331134,CTTLFA 2026,O6 - Under 12 Division Six,,,O6-02- Brooklyn Superstars,O6-09- Holy Cross B,25/07/26,Sat,10:50,Goodwood,Hamilton Road B,3,1,,Y,,
42989887,CTTLFA 2026,I1 - Under 18 Premier One,,,I1-09- Norway Parks,I1-13- Wynberg St Johns,25/07/26,Sat,12:15,Norway Parks,Royal Road A,1,0,,Y,,
42989886,CTTLFA 2026,I1 - Under 18 Premier One,,,I1-01- Camps Bay,I1-02- Cape Town Spurs,25/07/26,Sat,12:30,Camps Bay,Maidens Cove,2,2,,Y,,
42989885,CTTLFA 2026,I1 - Under 18 Premier One,,,I1-05- FN Rangers,I1-08- Northpine United,25/07/26,Sat,12:30,FN Rangers,FNB Stadium A,2,1,,Y,,
42989882,CTTLFA 2026,I1 - Under 18 Premier One,,,I1-11- Table View,I1-03- De Beers,25/07/26,Sat,12:30,Table View,Table View A,6,1,,Y,,
42989884,CTTLFA 2026,I1 - Under 18 Premier One,,,I1-12- CR Vasco Da Gama,I1-06- Hanover Park,25/07/26,Sat,12:30,Vasco da Gama,Da Gama Park B,3,2,,Y,,
42990068,CTTLFA 2026,I2 - Under 18 Premier Two,,,I2-03- Edgemead G/W,I2-05- Kensington,25/07/26,Sat,12:30,Edgemead G/W,Edgemead A,0,3,,Y,,
42990067,CTTLFA 2026,I2 - Under 18 Premier Two,,,I2-06- Kuilsriver,I2-12- Young Bafana,25/07/26,Sat,12:30,Serepta Sports Ground,Serepta Sports Ground A,2,2,,Y,,
42990066,CTTLFA 2026,I2 - Under 18 Premier Two,,,I2-08- Saxon Rovers,I2-01- Clyde Pinelands,25/07/26,Sat,12:30,Saxon Rovers,Maitland A,1,1,,Y,,
42990064,CTTLFA 2026,I2 - Under 18 Premier Two,,,I2-09- Shosholoza,I2-02- Durbanville,25/07/26,Sat,12:30,Pelican Heights Sports Ground,Pelican A,2,2,,Y,,
42990065,CTTLFA 2026,I2 - Under 18 Premier Two,,,I2-10- Stephanian Ottery,I2-07- Meadowridge,25/07/26,Sat,12:30,Stephanian Ottery,Stephanian Ottery B,2,2,,Y,,
42990063,CTTLFA 2026,I2 - Under 18 Premier Two,,,I2-11- Sunningdale City,I2-04- Fish Hoek,25/07/26,Sat,12:30,Sunningdale City,Sunningdale A,0,2,,Y,,
43206962,CTTLFA 2026,I3B - Under 18 Premier Three B,,,I3-02- Bellville City,I3-06- Goodwood United,25/07/26,Sat,12:30,Bellville City,PP Smit Stadium A,2,2,,Y,,
43804800,CTTLFA 2026,I3 - Under 18 Premier Three,,,I3-04- Chelsea Bridgetown,I3-07- Grass Boots,25/07/26,Sat,12:30,Chelsea,Hickory Road A,4,6,,Y,,
43206960,CTTLFA 2026,I3B - Under 18 Premier Three B,,,I3-05- Garden Village,I3-13- West End United,25/07/26,Sat,12:30,Garden Village,Alexander Road,3,1,,Y,,
43206963,CTTLFA 2026,I3B - Under 18 Premier Three B,,,I3-14- YSD Macassar,I3-09- Holy Cross,25/07/26,Sat,12:30,YSD Macassar,YSD Macassar A,1,1,,Y,,
43275126,CTTLFA 2026,I4 - Under 18 Division Four,,,I4-01- Bothasig B,I4-05- Norway Parks B,25/07/26,Sat,12:30,Bothasig,Abe Sher B,2,2,,Y,,
43275128,CTTLFA 2026,I4 - Under 18 Division Four,,,I4-02- Cape Town Spurs B,I4-03- FN Rangers B,25/07/26,Sat,12:30,Cape Town Spurs,Ikamva A,4,1,,Y,,
43275124,CTTLFA 2026,I4 - Under 18 Division Four,,,I4-07- Saxon Rovers B,I4-04- Northpine United B,25/07/26,Sat,12:30,Saxon Rovers,Maitland B,0,2,,Y,,
43805551,CTTLFA 2026,I5 - Under 18 Division Five,,,I5-01- Bothasig C,I5-07- Meadowridge B.,25/07/26,Sat,12:30,Bothasig,Abe Sher C,1,8,,Y,,
43805549,CTTLFA 2026,I5 - Under 18 Division Five,,,I5-04- Edgemead G/W B.,I5-10- Bellville City B,25/07/26,Sat,12:30,Edgemead G/W,Edgemead B,4,1,,Y,,
43805550,CTTLFA 2026,I5 - Under 18 Division Five,,,I5-05- Fish Hoek B.,I5-03- Durbanville B.,25/07/26,Sat,12:30,Fish Hoek,Fish Hoek A,1,0,,Y,,
43805553,CTTLFA 2026,I5 - Under 18 Division Five,,,I5-06- JMI,I5-08- Ruyterwacht B,25/07/26,Sat,12:30,Norway Parks,Royal Road E,1,4,,Y,,
43805552,CTTLFA 2026,I5 - Under 18 Division Five,,,I5-11- Tramway,I5-02- Clyde Pinelands B,25/07/26,Sat,12:30,Tramway,Groenewald Park A,2,2,,Y,,
43279304,CTTLFA 2026,K4 - Under 16 Division Four,,,K4-01- Bye,K4-03- De Beers B.,25/07/26,Sat,12:30,Bye,#1,0,0,,Y,,
43279424,CTTLFA 2026,K5 - Under 16 Division Five,,,K5-11- Sunningdale City B,K5-04- Durbanville B.,25/07/26,Sat,12:30,Sunningdale City,Sunningdale B,7,1,,Y,,
43805824,CTTLFA 2026,K6 - Under 16 Division Six,,,K6-09- Table View C,K6-10- Shosholoza B,25/07/26,Sat,12:30,Table View,Table View B,0,5,,Y,,
43805819,CTTLFA 2026,K8- Under 16 Division Seven,,,K8-06- Northpine United C,K8-08- Table View D,25/07/26,Sat,12:30,Northpine United,Central Park A,14,2,,Y,,
43575472,CTTLFA 2026,D2 - 4th Division,,,D2-05- Norway Parks,D2-07- Rygersdal,25/07/26,Sat,14:00,Norway Parks,Royal Road A,0,2,,Y,,
43575471,CTTLFA 2026,D2 - 4th Division,,,D2-08- Table View,D2-03- Edgemead G/W,25/07/26,Sat,14:00,Table View,Table View B,1,4,,Y,,
43575473,CTTLFA 2026,D2 - 4th Division,,,D2-09- C.R. Vasco Da Gama,D2-06- Ruyterwacht,25/07/26,Sat,14:00,Vasco da Gama,Da Gama Park B,1,3,,Y,,
43575470,CTTLFA 2026,D2 - 4th Division,,,D2-11- Shosholoza FC,D2-02- Bothasig,25/07/26,Sat,14:00,Pelican Heights Sports Ground,Pelican A,3,5,,Y,,
43575469,CTTLFA 2026,D2 - 4th Division,,,D2-12- Kensington,D2-10- Wynberg St Johns,25/07/26,Sat,14:00,Kensington,14 Avenue A,3,1,,Y,,
43575304,CTTLFA 2026,D3 - 5th Division,,,D3-04- Edgemead G/W,D3-05-Bellville City,25/07/26,Sat,14:00,Edgemead G/W,Edgemead D,0,1,,Y,,
43575307,CTTLFA 2026,D3 - 5th Division,,,D3-06- Mutual FC,D3-09- Tramway,25/07/26,Sat,14:00,Mutual FC,Pinelands Oval A,0,3,,Y,,
43575607,CTTLFA 2026,D4 - 6th Division,,,D4-02- Clyde Pinelands,D4-09- Stephanian Ottery,25/07/26,Sat,14:00,Clyde Pinelands,Ringwood Drive B,2,4,,Y,,
43262528,CTTLFA 2026,F1 - Vets 040 A,,,F1-02- Edgemead G/W,F1-05- Hanover Park,25/07/26,Sat,14:00,Edgemead G/W,Edgemead C,5,4,,Y,,
43575739,CTTLFA 2026,F2 - Vets 040 B,,,F2-04- Goodwood United,F2-08- Kensington,25/07/26,Sat,14:00,Goodwood,Hamilton Road B,0,1,,Y,,
43256337,CTTLFA 2026,B2 - First Reserve,,,FR-02- Bothasig,FR-06- Kensington,25/07/26,Sat,14:00,Bothasig,Abe Sher A,0,0,,Y,,
43256338,CTTLFA 2026,B2 - First Reserve,,,FR-03- Brooklyn Superstars,FR-13- Tramway,25/07/26,Sat,14:00,Goodwood,Hamilton Road A,4,2,,Y,,
43256339,CTTLFA 2026,B2 - First Reserve,,,FR-04- Garden Village,FR-08- Meadowridge,25/07/26,Sat,14:00,Garden Village,Alexander Road,2,4,,Y,,
43256340,CTTLFA 2026,B2 - First Reserve,,,FR-05- JMI,FR-01- Bellville City FC,25/07/26,Sat,14:00,Norway Parks,Royal Road E,0,1,,Y,,
43256341,CTTLFA 2026,B2 - First Reserve,,,FR-11- Stephanian Ottery,FR-09- Northpine United,25/07/26,Sat,14:00,Stephanian Ottery,Stephanian Ottery A,2,0,,Y,,
43256342,CTTLFA 2026,B2 - First Reserve,,,FR-12- Sunningdale City,FR-07- Kuilsriver,25/07/26,Sat,14:00,Sunningdale City,Sunningdale A,1,6,,Y,,
43806421,CTTLFA 2026,G1 - Vets 045 A,,,G1-04- Hanover Park,G1-07- Tramway,25/07/26,Sat,14:00,Hanover Park,Hanover Park A,5,2,,Y,,
43806423,CTTLFA 2026,G1 - Vets 045 A,,,G1-05- Meadowridge,G1-03- FN Rangers,25/07/26,Sat,14:00,Meadowridge,Meadowridge A,0,1,,Y,,
43262941,CTTLFA 2026,G4 - Vets 050 A,,,G4-09- West End United A,G4-07- Stephanian Ottery,25/07/26,Sat,14:00,West End United,West End Park B,1,3,,Y,,
43262839,CTTLFA 2026,G5 - Vets 050 B,,,G5-06- Green Point Salesians,G5-10- West End United B,25/07/26,Sat,14:00,Green Point,Green Point A,1,0,,Y,,
43262847,CTTLFA 2026,G5 - Vets 050 B,,,G5-09- Meadowridge,G5-02- Bye.,25/07/26,Sat,14:00,Meadowridge,Meadowridge B,0,0,,Y,,
43575127,CTTLFA 2026,G6 - Vets O50 C,,,G6-10- Saxon Rovers,G6-03- West End United C,25/07/26,Sat,14:00,Saxon Rovers,Maitland B,2,2,,Y,,
43256157,CTTLFA 2026,A2 - Premier Reserve,,,PR-02- Edgemead G/W,PR-03- Fish Hoek,25/07/26,Sat,14:00,Edgemead G/W,Edgemead A,4,0,,Y,,
43256159,CTTLFA 2026,A2 - Premier Reserve,,,PR-08- Norway Parks,PR-04- FN Rangers,25/07/26,Sat,14:00,Norway Parks,Royal Road A,1,3,,Y,,
43256160,CTTLFA 2026,A2 - Premier Reserve,,,PR-09- Rygersdal,PR-01- Durbanville,25/07/26,Sat,14:00,U C T,U C T,0,2,,Y,,
43256161,CTTLFA 2026,A2 - Premier Reserve,,,PR-11- Table View,PR-14- Wynberg St Johns,25/07/26,Sat,14:00,Table View,Table View A,1,2,,Y,,
43256162,CTTLFA 2026,A2 - Premier Reserve,,,PR-13- C.R. Vasco Da Gama,PR-07- Holy Cross,25/07/26,Sat,14:00,Vasco da Gama,Da Gama Park A,1,2,,Y,,
43256535,CTTLFA 2026,C2 - Second Reserve,,,SR-01- Avendale Athletico,SR-12- Queens Park,25/07/26,Sat,14:00,Avendale Athletico,Field Crescent A,4,3,,Y,,
43256536,CTTLFA 2026,C2 - Second Reserve,,,SR-02- Barmsley Spurs,SR-15- Young Bafana,25/07/26,Sat,14:00,Chelsea,Hickory Road A,0,4,,Y,,
43256537,CTTLFA 2026,C2 - Second Reserve,,,SR-05- Clyde Pinelands,SR-04- Chelsea Bridgetown,25/07/26,Sat,14:00,Clyde Pinelands,Ringwood Drive A,2,2,,Y,,
43256538,CTTLFA 2026,C2 - Second Reserve,,,SR-07- FC Kapstadt,SR-08- Bye,25/07/26,Sat,14:00,FC Kapstadt,Hartleyvale D,0,0,,Y,,
43256540,CTTLFA 2026,C2 - Second Reserve,,,SR-13- Varsity College,SR-11- Mutual FC,25/07/26,Sat,14:00,Avenue De Mist,Ave De Mist - A,1,3,,Y,,
43256541,CTTLFA 2026,C2 - Second Reserve,,,SR-14- West End United,SR-09- Goodwood United,25/07/26,Sat,14:00,West End United,West End Park A,1,2,,Y,,
43256542,CTTLFA 2026,C2 - Second Reserve,,,SR-16- YSD Macassar,SR-06- De Beers,25/07/26,Sat,14:00,YSD Macassar,YSD Macassar A,5,3,,Y,,
43806569,CTTLFA 2026,H1 - Womens Premier League,,,H1-01- Badgers,H1-03- Clyde Pinelands,25/07/26,Sat,15:00,Badgers FC,Oranjezicht A,8,0,,Y,,
43575605,CTTLFA 2026,D4 - 6th Division,,,D4-07- Rygersdal,D4-06- Bye,25/07/26,Sat,15:30,Rygersdal,Rygersdal B,0,0,,Y,,
43575603,CTTLFA 2026,D4 - 6th Division,,,D4-08- Bothasig,D4-11- Edgemead G/W,25/07/26,Sat,15:30,Bothasig,Abe Sher D,2,1,,Y,,
43575308,CTTLFA 2026,D1 - 3rd Division,,,D1-08- Table View,D1-07- Saxon Rovers,25/07/26,Sat,15:45,Table View,Table View B,1,0,,Y,,
43575306,CTTLFA 2026,D1 - 3rd Division,,,D1-09- C.R. Vasco Da Gama,D1-10- Wynberg St Johns,25/07/26,Sat,15:45,Vasco da Gama,Da Gama Park B,2,0,,Y,,
43575302,CTTLFA 2026,D1 - 3rd Division,,,D1-11- Shosholoza FC,D1-02- Bothasig,25/07/26,Sat,15:45,Pelican Heights Sports Ground,Pelican A,2,2,,Y,,
43575301,CTTLFA 2026,D3 - 5th Division,,,D3-01- Bothasig,D3-10- C.R. Vasco Da Gama,25/07/26,Sat,15:45,Bothasig,Abe Sher C,2,1,,Y,,
43575305,CTTLFA 2026,D3 - 5th Division,,,D3-11- Hanover Park,D3-03- Durbanville,25/07/26,Sat,15:45,Hanover Park,Hanover Park B,7,2,,Y,,
43575966,CTTLFA 2026,E1- Vets 035,,,E1-05- Goodwood United,E1-03- Clyde Pinelands,25/07/26,Sat,15:45,Goodwood,Hamilton Road B,3,2,,Y,,
43575967,CTTLFA 2026,E1- Vets 035,,,E1-06- Hanover Park,E1-11- C.R. Vasco Da Gama,25/07/26,Sat,15:45,Hanover Park,Hanover Park A,3,2,,Y,,
43575969,CTTLFA 2026,E1- Vets 035,,,E1-08- Ruyterwacht,E1-02- Camps Bay,25/07/26,Sat,15:45,Ruyterwacht,Stan Abbott,3,0,,Y,,
43575968,CTTLFA 2026,E1- Vets 035,,,E1-09- Bye,E1-01- Avendale Athletico,25/07/26,Sat,15:45,Bye,#1,0,0,,Y,,
43575856,CTTLFA 2026,E2- Vets 035 B,,,E2-06- FN Rangers B,E2-10- Wynberg St Johns,25/07/26,Sat,15:45,FN Rangers,FNB Stadium C,3,0,,Y,,
43262527,CTTLFA 2026,F1 - Vets 040 A,,,F1-04- FN Rangers,F1-06- Norway Parks,25/07/26,Sat,15:45,FN Rangers,FNB Stadium A,3,0,,Y,,
43575735,CTTLFA 2026,F2 - Vets 040 B,,,F2-07- Bye,F2-06- Kuilsriver,25/07/26,Sat,15:45,Bye,#1,0,0,,Y,,
42990255,CTTLFA 2026,B1 - First Division,,,FD-02- Bothasig,FD-06- Kensington,25/07/26,Sat,15:45,Bothasig,Abe Sher A,2,1,,Y,,
42990257,CTTLFA 2026,B1 - First Division,,,FD-03- Brooklyn Superstars,FD-13- Tramway,25/07/26,Sat,15:45,Goodwood,Hamilton Road A,0,1,,Y,,
42990258,CTTLFA 2026,B1 - First Division,,,FD-04- Garden Village,FD-08- Meadowridge,25/07/26,Sat,15:45,Garden Village,Alexander Road,0,2,,Y,,
42990259,CTTLFA 2026,B1 - First Division,,,FD-05- JMI,FD-01- Bellville City FC,25/07/26,Sat,15:45,Norway Parks,Royal Road E,2,1,,Y,,
42990256,CTTLFA 2026,B1 - First Division,,,FD-11- Stephanian Ottery,FD-09- Northpine United,25/07/26,Sat,15:45,Stephanian Ottery,Stephanian Ottery A,0,1,,Y,,
42990260,CTTLFA 2026,B1 - First Division,,,FD-12- Sunningdale City,FD-07- Kuilsriver,25/07/26,Sat,15:45,Sunningdale City,Sunningdale A,2,0,,Y,,
42996974,CTTLFA 2026,A1 - Premier Division,,,PD-02- Edgemead G/W,PD-03- Fish Hoek,25/07/26,Sat,15:45,Edgemead G/W,Edgemead A,5,0,,Y,,
42996976,CTTLFA 2026,A1 - Premier Division,,,PD-08- Norway Parks,PD-04- FN Rangers,25/07/26,Sat,15:45,Norway Parks,Royal Road A,1,4,,Y,,
42996971,CTTLFA 2026,A1 - Premier Division,,,PD-09- Rygersdal,PD-01- Durbanville,25/07/26,Sat,15:45,U C T,U C T,3,4,,Y,,
42996970,CTTLFA 2026,A1 - Premier Division,,,PD-11- Table View,PD-14- Wynberg St Johns,25/07/26,Sat,15:45,Table View,Table View A,1,0,,Y,,
42996972,CTTLFA 2026,A1 - Premier Division,,,PD-13- C.R. Vasco Da Gama,PD-07- Holy Cross,25/07/26,Sat,15:45,Vasco da Gama,Da Gama Park A,3,0,,Y,,
43206599,CTTLFA 2026,C1 - Second Division,,,SD-01- Avendale Athletico,SD-12- Queens Park,25/07/26,Sat,15:45,Avendale Athletico,Field Crescent A,2,3,,Y,,
43206601,CTTLFA 2026,C1 - Second Division,,,SD-02- Barmsley Spurs,SD-15- Young Bafana,25/07/26,Sat,15:45,Chelsea,Hickory Road A,4,3,,Y,,
43206603,CTTLFA 2026,C1 - Second Division,,,SD-05- Clyde Pinelands,SD-04- Chelsea Bridgetown,25/07/26,Sat,15:45,Clyde Pinelands,Ringwood Drive A,1,2,,Y,,
43206602,CTTLFA 2026,C1 - Second Division,,,SD-07- FC Kapstadt,SD-08- Bye,25/07/26,Sat,15:45,FC Kapstadt,Hartleyvale D,0,0,,Y,,
43206598,CTTLFA 2026,C1 - Second Division,,,SD-13- Varsity College,SD-11- Mutual FC,25/07/26,Sat,15:45,Avenue De Mist,Ave De Mist - A,2,8,,Y,,
43206600,CTTLFA 2026,C1 - Second Division,,,SD-14- West End United,SD-09- Goodwood United,25/07/26,Sat,15:45,West End United,West End Park A,2,1,,Y,,
43206596,CTTLFA 2026,C1 - Second Division,,,SD-16- YSD Macassar,SD-06- De Beers,25/07/26,Sat,15:45,YSD Macassar,YSD Macassar A,4,2,,Y,,
43257042,CTTLFA 2026,O1 - Under 12 Premier One,,,O1-10- Rygersdal,O1-04- FC Kapstadt,26/07/26,Sun,09:30,Rygersdal,Allenby Drive Sports Complex,1,2,,Y,,
43975241,CTTLFA 2026,,U/16 Premier One Knockout 2026,,K1-01- Camps Bay,K1-09- Norway Parks,26/07/26,Sun,10:50,Camps Bay,Maidens Cove,3,1,,Y,,
43806859,CTTLFA 2026,K7 - Under 16 Girls Premier One,,,K7-15- Norway Parks,K7-04- Camps Bay,26/07/26,Sun,10:50,Norway Parks,Royal Road A,0,3,,Y,,
43256886,CTTLFA 2026,M1 - Under 14 Premier One,,,M1-10- Rygersdal,M1-04- FC Kapstadt,26/07/26,Sun,10:50,Rygersdal,Allenby Drive Sports Complex,1,2,,Y,,
43257189,CTTLFA 2026,K2 - Under 16 Premier Two,,,K2-11- Sunningdale City,K2-04- Fish Hoek,26/07/26,Sun,12:00,Sunningdale City,Sunningdale A,1,1,,Y,,
43317333,CTTLFA 2026,H2 - Womens First Division,,,H2-11- Magic Ladies B,H2-01- Badgers B.,26/07/26,Sun,13:00,Avenue De Mist,Ave De Mist - A,2,1,,Y,,
43960305,CTTLFA 2026,,CTTLFA O/50 B Division Knock Out 2026,,G5-08- Lansdowne,G5-03- Durbanville,26/07/26,Sun,14:00,Lansdowne,Chukker Road A,3,2,,Y,,
43960395,CTTLFA 2026,,CTTLFA First Division Knock Out 2026,,FD-03- Brooklyn Superstars,FD-06- Kensington,26/07/26,Sun,15:00,Bayview Sports Complex,Brooklyn Bayview Sports Complex A,0,2,,Y,,
43806568,CTTLFA 2026,H1 - Womens Premier League,,,H1-08- Magic Ladies,H1-05- FN Rangers,26/07/26,Sun,15:00,Avenue De Mist,Ave De Mist - A,0,0,,Y,,
44194696,CTTLFA 2026,,CTTLFA 6th Division Knock Out 2026,,D4-12- Lansdowne,D4-11- Edgemead G/W,26/07/26,Sun,15:30,Lansdowne,Chukker Road A,1,0,,Y,,
44034743,CTTLFA 2026,,CTTLFA Premier League Knock Out 2026,,PD-09- Rygersdal,PD-10- Saxon Rovers,26/07/26,Sun,15:30,Rygersdal,Allenby Drive Sports Complex,7,1,,Y,,
43256649,CTTLFA 2026,K1 - Under 16 Premier One,,,K1-12- CR Vasco Da Gama,K1-08- Northpine United,27/07/26,Mon,18:30,Vasco da Gama,Da Gama Park B,2,0,,Y,,
43317294,CTTLFA 2026,H2 - Womens First Division,,,H2-11- Magic Ladies B,H2-06- Meadowridge,27/07/26,Mon,19:30,Meadowridge,Meadowridge A,7,0,,Y,,
43960330,CTTLFA 2026,,CTTLFA O/35 B Division Knock Out 2026,,E2-10- Wynberg St Johns,E2-07- Meadowridge,28/07/26,Tue,19:00,Wynberg st Johns,Wynberg B,3,0,,Y,,
44034855,CTTLFA 2026,,CTTLFA O/50 C Division Knock Out 2026,,G6-04- Stephanian Ottery B,G6-01- Avendale Athletico,28/07/26,Tue,19:00,Stephanian Ottery,Stephanian Ottery A,5,0,,Y,,
44032045,CTTLFA 2026,,CTTLFA O/50 C Division Knock Out 2026,,G6-08- Wynberg St Johns,G6-06- Tramway B,28/07/26,Tue,19:00,Wynberg st Johns,Wynberg A,2,3,,Y,,
43890514,CTTLFA 2026,,U/16 Girls Premier Knockout 2026,,K7-02- Bellville City,K7-10- Rygersdal,28/07/26,Tue,19:00,Bellville City,PP Smit Stadium B,0,6,,Y,,
43256447,CTTLFA 2026,C2 - Second Reserve,,,SR-03- Camps Bay,SR-07- FC Kapstadt,28/07/26,Tue,19:00,Camps Bay,Camps Bay A,3,2,,Y,,
43806414,CTTLFA 2026,G1 - Vets 045 A,,,G1-13- Stephanian Ottery,G1-01- De Beers,28/07/26,Tue,19:45,Stephanian Ottery,Stephanian Ottery B,1,1,,Y,,
44032513,CTTLFA 2026,,CTTLFA O/40 B Division Knock Out 2026,,F2-11- Saxon Rovers,F2-12- Sunningdale City B,28/07/26,Tue,20:00,Saxon Rovers,Maitland B,3,0,,Y,,
44032055,CTTLFA 2026,,CTTLFA 3rd Division Knock Out 2026,,D1-10- Wynberg St Johns,D1-08- Table View,28/07/26,Tue,20:30,Wynberg st Johns,Wynberg A,0,4,,Y,,
43960325,CTTLFA 2026,,CTTLFA O/40 A Division Knock Out 2026,,F1-08- Stephanian Ottery,F1-04- FN Rangers,28/07/26,Tue,20:30,Stephanian Ottery,Stephanian Ottery A,1,0,,Y,,
44034201,CTTLFA 2026,,CTTLFA O/40 B Division Knock Out 2026,,F2-10- Jamestown United,F2-09- Wynberg St Johns,28/07/26,Tue,20:30,Wynberg st Johns,Wynberg B,3,2,,Y,,
43256315,CTTLFA 2026,B2 - First Reserve,,,FR-07- Kuilsriver,FR-13- Tramway,28/07/26,Tue,20:30,Serepta Sports Ground,Serepta Sports Ground A,3,0,,Y,,
43206510,CTTLFA 2026,C1 - Second Division,,,SD-03- Camps Bay,SD-07- FC Kapstadt,28/07/26,Tue,20:30,Camps Bay,Camps Bay A,2,1,,Y,,
42989798,CTTLFA 2026,I1 - Under 18 Premier One,,,I1-12- CR Vasco Da Gama,I1-08- Northpine United,29/07/26,Wed,18:30,Vasco da Gama,Da Gama Park A,0,2,,Y,,
43256645,CTTLFA 2026,K1 - Under 16 Premier One,,,K1-07- Hellenic,K1-02- Cape Town Spurs,29/07/26,Wed,18:30,Cape Town Spurs,Ikamva A,2,2,,Y,,
44032034,CTTLFA 2026,,CTTLFA Womans Premier League Knock Out 2026,,H1-06- Green Point Salesians,H1-08- Magic Ladies,29/07/26,Wed,19:00,Green Point,Green Point A,1,1,,Y,,
43806557,CTTLFA 2026,H1 - Womens Premier League,,,H1-11- UCT,H1-02- Bellville City,29/07/26,Wed,19:00,U C T,U C T,1,1,,Y,,
43960342,CTTLFA 2026,,CTTLFA Womans First Division Knock Out 2026,,H2-09- Stephanian Ottery,H2-13- Hout Bay,29/07/26,Wed,19:00,Stephanian Ottery,Stephanian Ottery B,0,5,,Y,,
44034642,CTTLFA 2026,,CTTLFA Womans First Division Knock Out 2026,,H2-12- Hanover Park,H2-08- Saxon Rovers,29/07/26,Wed,19:00,Hanover Park,Hanover Park A,2,4,,Y,,
43575970,CTTLFA 2026,E1- Vets 035,,,E1-02- Camps Bay,E1-06- Hanover Park,29/07/26,Wed,20:30,Camps Bay,Camps Bay A,1,3,,Y,,
43575972,CTTLFA 2026,E1- Vets 035,,,E1-03- Clyde Pinelands,E1-08- Ruyterwacht,29/07/26,Wed,20:30,Clyde Pinelands,Ringwood Drive A,2,3,,Y,,
43256343,CTTLFA 2026,B2 - First Reserve,,,FR-01- Bellville City FC,FR-04- Garden Village,30/07/26,Thu,19:00,Bellville City,PP Smit Stadium A,1,0,,Y,,
43262948,CTTLFA 2026,G4 - Vets 050 A,,,G4-06- Rygersdal,G4-09- West End United A,30/07/26,Thu,19:00,U C T,U C T,2,3,,Y,,
43256168,CTTLFA 2026,A2 - Premier Reserve,,,PR-10- Saxon Rovers,PR-13- C.R. Vasco Da Gama,30/07/26,Thu,19:00,Saxon Rovers,Maitland A,1,2,,Y,,
43262853,CTTLFA 2026,G5 - Vets 050 B,,,G5-04- Edgemead G/W,G5-01- Bothasig,30/07/26,Thu,19:30,Edgemead G/W,Edgemead C,3,2,,Y,,
43575609,CTTLFA 2026,D4 - 6th Division,,,D4-03- De Beers,D4-12- Lansdowne,30/07/26,Thu,20:00,De Beers,Somerset West B,1,2,,Y,,
43575974,CTTLFA 2026,E1- Vets 035,,,E1-01- Avendale Athletico,E1-05- Goodwood United,30/07/26,Thu,20:30,Chelsea,Hickory Road A,3,0,,Y,,
43262539,CTTLFA 2026,F1 - Vets 040 A,,,F1-05- Hanover Park,F1-01- Bellville City,30/07/26,Thu,20:30,Hanover Park,Hanover Park A,3,0,Home Walkover,Y,,
43262541,CTTLFA 2026,F1 - Vets 040 A,,,F1-07- Rygersdal,F1-08- Stephanian Ottery,30/07/26,Thu,20:30,U C T,U C T,1,1,,Y,,
42990261,CTTLFA 2026,B1 - First Division,,,FD-01- Bellville City FC,FD-04- Garden Village,30/07/26,Thu,20:30,Bellville City,PP Smit Stadium A,3,1,,Y,,
42996978,CTTLFA 2026,A1 - Premier Division,,,PD-10- Saxon Rovers,PD-13- C.R. Vasco Da Gama,30/07/26,Thu,20:30,Saxon Rovers,Maitland A,2,2,,Y,,
43574634,CTTLFA 2026,M8 - Under 14 Girls Premier One,,,M8-05- Meadowridge,M8-03- Camps Bay,31/07/26,Fri,18:30,Meadowridge,Meadowridge A,1,4,,Y,,
43574525,CTTLFA 2026,O7 - Under 12 Girls Premier One (9v9),,,O7-06- Meadowridge B,O7-05- Meadowridge A,31/07/26,Fri,18:30,Meadowridge,Meadowridge B,0,4,,Y,,
43575129,CTTLFA 2026,G6 - Vets O50 C,,,G6-08- Wynberg St Johns,G6-06- Tramway B,31/07/26,Fri,19:00,Wynberg st Johns,Wynberg B,1,5,,Y,,
43806576,CTTLFA 2026,H1 - Womens Premier League,,,H1-02- Bellville City,H1-08- Magic Ladies,31/07/26,Fri,19:00,Bellville City,PP Smit Stadium A,1,5,,Y,,
43806573,CTTLFA 2026,H1 - Womens Premier League,,,H1-03- Clyde Pinelands,H1-04- Fish Hoek,31/07/26,Fri,19:00,Clyde Pinelands,Ringwood Drive B,1,7,,Y,,
43806572,CTTLFA 2026,H1 - Womens Premier League,,,H1-05- FN Rangers,H1-12- Bye.,31/07/26,Fri,19:00,FN Rangers,FNB Stadium A,0,0,,Y,,
43806574,CTTLFA 2026,H1 - Womens Premier League,,,H1-11- UCT,H1-09- Northpine United,31/07/26,Fri,19:00,U C T,U C T,1,0,,Y,,
43317339,CTTLFA 2026,H2 - Womens First Division,,,H2-03- Green Point Salesians B,H2-11- Magic Ladies B,31/07/26,Fri,19:00,Green Point,Green Point B,0,4,,Y,,
43317343,CTTLFA 2026,H2 - Womens First Division,,,H2-04- Kensington,H2-09- Stephanian Ottery,31/07/26,Fri,19:00,Kensington,14 Avenue A,5,0,,Y,,
43317342,CTTLFA 2026,H2 - Womens First Division,,,H2-07- Norway Parks,H2-06- Meadowridge,31/07/26,Fri,19:00,Norway Parks,Royal Road A,1,3,,Y,,
43262537,CTTLFA 2026,F1 - Vets 040 A,,,F1-10- C.R. Vasco Da Gama,F1-09- Sunningdale City,31/07/26,Fri,19:30,Vasco da Gama,Da Gama Park A,4,0,,Y,,
43317341,CTTLFA 2026,H2 - Womens First Division,,,H2-02- Bothasig,H2-08- Saxon Rovers,31/07/26,Fri,19:30,Bothasig,Abe Sher A,4,1,,Y,,
43805830,CTTLFA 2026,K8- Under 16 Division Seven,,,K8-05- Meadowridge D,K8-07- Rygersdal C,31/07/26,Fri,19:30,Meadowridge,Meadowridge A,1,3,,Y,,
43575854,CTTLFA 2026,E2- Vets 035 B,,,E2-01- Bellville City,E2-03- Green Point Salesians,31/07/26,Fri,20:00,Bellville City,PP Smit Stadium B,2,1,,Y,,
43262536,CTTLFA 2026,F1 - Vets 040 A,,,F1-03- Fish Hoek,F1-04- FN Rangers,31/07/26,Fri,20:00,Fish Hoek,Fish Hoek A,0,5,,Y,,
43575744,CTTLFA 2026,F2 - Vets 040 B,,,F2-01- Avendale Athletico,F2-05- Green Point Salesians,31/07/26,Fri,20:00,Chelsea,Hickory Road A,4,2,,Y,,
43575318,CTTLFA 2026,D3 - 5th Division,,,D3-09- Tramway,D3-01- Bothasig,31/07/26,Fri,20:30,Tramway,Groenewald Park A,2,0,,Y,,
43575611,CTTLFA 2026,D4 - 6th Division,,,D4-06- Bye,D4-04- Holy Cross,31/07/26,Fri,20:30,Bye,#1,0,0,,Y,,
43575861,CTTLFA 2026,E2- Vets 035 B,,,E2-10- Wynberg St Johns,E2-13- Cape Town Spurs,31/07/26,Fri,20:30,Wynberg st Johns,Wynberg A,2,3,,Y,,
43262542,CTTLFA 2026,F1 - Vets 040 A,,,F1-06- Norway Parks,F1-02- Edgemead G/W,31/07/26,Fri,20:30,Norway Parks,Royal Road D,2,2,,Y,,
43575743,CTTLFA 2026,F2 - Vets 040 B,,,F2-02- Bothasig,F2-07- Bye,31/07/26,Fri,20:30,Bothasig,Abe Sher B,0,0,,Y,,
43575740,CTTLFA 2026,F2 - Vets 040 B,,,F2-10- Jamestown United,F2-08- Kensington,31/07/26,Fri,20:30,Kensington,14 Avenue A,0,0,,Y,,
43806428,CTTLFA 2026,G1 - Vets 045 A,,,G1-10- Holy Cross,G1-09- Garden Village,31/07/26,Fri,20:30,Garden Village,Alexander Road,7,1,,Y,,
43262849,CTTLFA 2026,G5 - Vets 050 B,,,G5-07- Hanover Park B,G5-10- West End United B,31/07/26,Fri,20:30,Hanover Park,Hanover Park A,1,0,,Y,,
43257045,CTTLFA 2026,O1 - Under 12 Premier One,,,O1-02- Cape Town Spurs,O1-09- Norway Parks,01/08/26,Sat,08:15,Cape Town Spurs,Ikamva A,0,3,,Y,,
43257046,CTTLFA 2026,O1 - Under 12 Premier One,,,O1-03- De Beers,O1-10- Rygersdal,01/08/26,Sat,08:15,De Beers,Somerset West A,2,5,,Y,,
43257047,CTTLFA 2026,O1 - Under 12 Premier One,,,O1-04- FC Kapstadt,O1-12- CR Vasco Da Gama,01/08/26,Sat,08:15,FC Kapstadt,Hartleyvale A,2,0,,Y,,
43257048,CTTLFA 2026,O1 - Under 12 Premier One,,,O1-06- Hanover Park,O1-05- FN Rangers,01/08/26,Sat,08:15,Hanover Park,Hanover Park A,1,3,,Y,,
43257049,CTTLFA 2026,O1 - Under 12 Premier One,,,O1-07- Hellenic,O1-01- Camps Bay,01/08/26,Sat,08:15,Hellenic,Tygerhof Sports Complex A,4,0,,Y,,
43257050,CTTLFA 2026,O1 - Under 12 Premier One,,,O1-13- Wynberg St Johns,O1-11- Table View,01/08/26,Sat,08:15,Wynberg st Johns,Wynberg A,2,2,,Y,,
43257455,CTTLFA 2026,O2 - Under 12 Premier Two,,,O2-02- Durbanville,O2-01- Clyde Pinelands,01/08/26,Sat,08:15,Durbanville,Klazinga Park A,3,5,,Y,,
43257456,CTTLFA 2026,O2 - Under 12 Premier Two,,,O2-04- Fish Hoek,O2-03- Edgemead G/W,01/08/26,Sat,08:15,Fish Hoek,Fish Hoek A,1,1,,Y,,
43257457,CTTLFA 2026,O2 - Under 12 Premier Two,,,O2-05- Kensington,O2-08- Saxon Rovers,01/08/26,Sat,08:15,Kensington,14 Avenue A,1,1,,Y,,
43257458,CTTLFA 2026,O2 - Under 12 Premier Two,,,O2-07- Meadowridge,O2-06- Kuilsriver,01/08/26,Sat,08:15,Meadowridge,Meadowridge A,7,0,,Y,,
43257459,CTTLFA 2026,O2 - Under 12 Premier Two,,,O2-09- Shosholoza,O2-10- Stephanian Ottery,01/08/26,Sat,08:15,Pelican Heights Sports Ground,Pelican A,0,1,,Y,,
43260941,CTTLFA 2026,O3B - Under 12 Premier Three B,,,O3-06- Goodwood United,O3-05- Garden Village,01/08/26,Sat,08:15,Goodwood,Hamilton Road A,3,0,,Y,,
43805283,CTTLFA 2026,O3 - Under 12 Premier Three,,,O3-07- Grass Boots,O3-01- Avendale Athletico,01/08/26,Sat,08:15,Grass Boots,"Van Riebeeck Park, Sidmouth Road A",3,0,,Y,,
43805284,CTTLFA 2026,O3 - Under 12 Premier Three,,,O3-11- Ruyterwacht,O3-16- Garlandale,01/08/26,Sat,08:15,Ruyterwacht,Stan Abbott,1,4,,Y,,
43260943,CTTLFA 2026,O3B - Under 12 Premier Three B,,,O3-13- West End United,O3-02- Bellville City,01/08/26,Sat,08:15,West End United,West End Park A,0,3,,Y,,
43805285,CTTLFA 2026,O3 - Under 12 Premier Three,,,O3-17- Queens Park,O3-08- Green Point Salesians,01/08/26,Sat,08:15,Paddock Road A,Queens Park Paddock A,1,1,,Y,,
43274331,CTTLFA 2026,O4 - Under 12 Division Four,,,O4-03- De Beers B.,O4-11- Wynberg St Johns B.,01/08/26,Sat,08:15,De Beers,Somerset West B,2,2,,Y,,
43274330,CTTLFA 2026,O4 - Under 12 Division Four,,,O4-04- FN Rangers B,O4-01- Camps Bay B.,01/08/26,Sat,08:15,FN Rangers,FNB Stadium A,5,1,,Y,,
43274325,CTTLFA 2026,O4 - Under 12 Division Four,,,O4-08- Saxon Rovers B,O4-05- Northpine United B,01/08/26,Sat,08:15,Saxon Rovers,Maitland B,3,0,,Y,,
43274326,CTTLFA 2026,O4 - Under 12 Division Four,,,O4-10- CR Vasco Da Gama B,O4-07- Rygersdal B,01/08/26,Sat,08:15,Vasco da Gama,Da Gama Park B,5,2,,Y,,
43274329,CTTLFA 2026,O5 - Under 12 Division Five,,,O5-01- Bellville City B.,O5-06- Fish Hoek B.,01/08/26,Sat,08:15,Bellville City,PP Smit Stadium B,3,1,,Y,,
43274334,CTTLFA 2026,O5 - Under 12 Division Five,,,O5-04- Durbanville B.,O5-03- Clyde Pinelands B,01/08/26,Sat,08:15,Durbanville,Klazinga Park B,3,0,Home Walkover,Y,,
43274327,CTTLFA 2026,O5 - Under 12 Division Five,,,O5-08- Kuilsriver B.,O5-05- Edgemead G/W B.,01/08/26,Sat,08:15,Serepta Sports Ground,Serepta Sports Ground A,1,7,,Y,,
43274328,CTTLFA 2026,O5 - Under 12 Division Five,,,O5-09- Meadowridge B.,O5-11- Sunningdale City B,01/08/26,Sat,08:15,Meadowridge,Meadowridge B,2,2,,Y,,
43274332,CTTLFA 2026,O5 - Under 12 Division Five,,,O5-10- Stephanian Ottery B,O5-02- Bothasig B,01/08/26,Sat,08:15,Stephanian Ottery,Stephanian Ottery A,1,2,,Y,,
43331140,CTTLFA 2026,O6 - Under 12 Division Six,,,O6-01- Bothasig C,O6-02- Brooklyn Superstars,01/08/26,Sat,08:15,Bothasig,Abe Sher A,2,8,,Y,,
43331137,CTTLFA 2026,O6 - Under 12 Division Six,,,O6-06- Grass Boots B,O6-03- Kensington B,01/08/26,Sat,08:15,Grass Boots,"Van Riebeeck Park, Sidmouth Road B",7,0,,Y,,
43331139,CTTLFA 2026,O6 - Under 12 Division Six,,,O6-09- Holy Cross B,O6-07- Meadowridge C,01/08/26,Sat,08:15,Holy Cross,Holy Cross School A,2,2,,Y,,
43574527,CTTLFA 2026,O7 - Under 12 Girls Premier One (9v9),,,O7-01- Bellville City,O7-08- Wynberg St Johns,01/08/26,Sat,08:15,Bellville City,PP Smit Stadium C,1,0,,Y,,
43574524,CTTLFA 2026,O7 - Under 12 Girls Premier One (9v9),,,O7-02- Bothasig,O7-09- Hout Bay,01/08/26,Sat,08:15,Bothasig,Abe Sher C,4,1,,Y,,
43574526,CTTLFA 2026,O7 - Under 12 Girls Premier One (9v9),,,O7-03- Fish Hoek.,O7-04- Bye,01/08/26,Sat,08:15,Fish Hoek,Fish Hoek C,0,0,,Y,,
43806104,CTTLFA 2026,O8- Under 12 Division Seven,,,O8-02- Durbanville C,O8-04- Meadowridge D,01/08/26,Sat,08:15,Durbanville,Klazinga Park C,12,2,,Y,,
43806105,CTTLFA 2026,O8- Under 12 Division Seven,,,O8-08- Wynberg St Johns C,O8-05- Norway Parks C,01/08/26,Sat,08:15,Wynberg st Johns,Wynberg C,0,5,,Y,,
43806101,CTTLFA 2026,O8- Under 12 Division Seven,,,O8-09- Lansdowne,O8-06- Rygersdal C,01/08/26,Sat,08:15,Lansdowne,Chukker Road A,5,2,,Y,,
43806102,CTTLFA 2026,O8- Under 12 Division Seven,,,O8-10- Garlandale B,O8-07- Tramway B,01/08/26,Sat,08:15,Garlandale,Garlandale B,3,3,,Y,,
43257328,CTTLFA 2026,M2 - Under 14 Premier Two,,,M2-12- Young Bafana,M2-11- Sunningdale City,01/08/26,Sat,09:00,Young Bafana,YB Arena A,4,1,,Y,,
43260944,CTTLFA 2026,O3B - Under 12 Premier Three B,,,O3-15- Mutual FC,O3-14- YSD Macassar,01/08/26,Sat,09:00,Mutual FC,Pinelands Oval C,0,9,,Y,,
43256889,CTTLFA 2026,M1 - Under 14 Premier One,,,M1-02- Cape Town Spurs,M1-09- Norway Parks,01/08/26,Sat,09:30,Cape Town Spurs,Ikamva A,2,2,,Y,,
43256890,CTTLFA 2026,M1 - Under 14 Premier One,,,M1-03- De Beers,M1-10- Rygersdal,01/08/26,Sat,09:30,De Beers,Somerset West A,3,3,,Y,,
43256891,CTTLFA 2026,M1 - Under 14 Premier One,,,M1-04- FC Kapstadt,M1-12- CR Vasco Da Gama,01/08/26,Sat,09:30,FC Kapstadt,Hartleyvale A,1,1,,Y,,
43256892,CTTLFA 2026,M1 - Under 14 Premier One,,,M1-06- Hanover Park,M1-05- FN Rangers,01/08/26,Sat,09:30,Hanover Park,Hanover Park A,1,0,,Y,,
43256893,CTTLFA 2026,M1 - Under 14 Premier One,,,M1-07- Hellenic,M1-01- Camps Bay,01/08/26,Sat,09:30,Hellenic,Tygerhof Sports Complex A,9,0,,Y,,
43256894,CTTLFA 2026,M1 - Under 14 Premier One,,,M1-13- Wynberg St Johns,M1-11- Table View,01/08/26,Sat,09:30,Wynberg st Johns,Wynberg A,1,0,,Y,,
43257323,CTTLFA 2026,M2 - Under 14 Premier Two,,,M2-02- Durbanville,M2-01- Clyde Pinelands,01/08/26,Sat,09:30,Durbanville,Klazinga Park A,2,0,,Y,,
43257324,CTTLFA 2026,M2 - Under 14 Premier Two,,,M2-04- Fish Hoek,M2-03- Edgemead G/W,01/08/26,Sat,09:30,Fish Hoek,Fish Hoek A,0,3,,Y,,
43257325,CTTLFA 2026,M2 - Under 14 Premier Two,,,M2-05- Kensington,M2-08- Saxon Rovers,01/08/26,Sat,09:30,Kensington,14 Avenue A,2,1,,Y,,
43257326,CTTLFA 2026,M2 - Under 14 Premier Two,,,M2-07- Meadowridge,M2-06- Kuilsriver,01/08/26,Sat,09:30,Meadowridge,Meadowridge A,2,5,,Y,,
43257327,CTTLFA 2026,M2 - Under 14 Premier Two,,,M2-09- Shosholoza,M2-10- Stephanian Ottery,01/08/26,Sat,09:30,Pelican Heights Sports Ground,Pelican A,3,3,,Y,,
43260883,CTTLFA 2026,M3B - Under 14 Premier Three B,,,M3-06- Goodwood United,M3-05- Garden Village,01/08/26,Sat,09:30,Goodwood,Hamilton Road A,3,1,,Y,,
43805609,CTTLFA 2026,M3 - Under 14 Premier Three,,,M3-07- Grass Boots,M3-01- Avendale Athletico,01/08/26,Sat,09:30,Grass Boots,"Van Riebeeck Park, Sidmouth Road A",6,3,,Y,,
43805610,CTTLFA 2026,M3 - Under 14 Premier Three,,,M3-11- Ruyterwacht,M3-16- Garlandale,01/08/26,Sat,09:30,Ruyterwacht,Stan Abbott,4,0,,Y,,
43260885,CTTLFA 2026,M3B - Under 14 Premier Three B,,,M3-13- West End United,M3-02- Bellville City,01/08/26,Sat,09:30,West End United,West End Park A,1,7,,Y,,
43260886,CTTLFA 2026,M3B - Under 14 Premier Three B,,,M3-15- Mutual FC,M3-14- YSD Macassar,01/08/26,Sat,09:30,Mutual FC,Pinelands Oval A,1,4,,Y,,
43805611,CTTLFA 2026,M3 - Under 14 Premier Three,,,M3-17- Queens Park,M3-08- Green Point Salesians,01/08/26,Sat,09:30,Paddock Road A,Queens Park Paddock A,1,3,,Y,,
43279198,CTTLFA 2026,M4 - Under 14 Division Four,,,M4-03- De Beers B.,M4-11- Wynberg St Johns B.,01/08/26,Sat,09:30,De Beers,Somerset West B,1,3,,Y,,
43279199,CTTLFA 2026,M4 - Under 14 Division Four,,,M4-04- FN Rangers B,M4-01- Camps Bay B.,01/08/26,Sat,09:30,FN Rangers,FNB Stadium A,15,1,,Y,,
43279200,CTTLFA 2026,M4 - Under 14 Division Four,,,M4-06- Norway Parks B,M4-09- Table View B,01/08/26,Sat,09:30,Norway Parks,Royal Road D,3,4,,Y,,
43279201,CTTLFA 2026,M4 - Under 14 Division Four,,,M4-08- Saxon Rovers B.,M4-05- Northpine United B,01/08/26,Sat,09:30,Saxon Rovers,Maitland B,0,7,,Y,,
43279202,CTTLFA 2026,M4 - Under 14 Division Four,,,M4-10- CR Vasco Da Gama B,M4-07- Rygersdal B,01/08/26,Sat,09:30,Vasco da Gama,Da Gama Park B,3,0,,Y,,
43279535,CTTLFA 2026,M5 - Under 14 Division Five,,,M5-01- Bellville City B.,M5-06- Fish Hoek B.,01/08/26,Sat,09:30,Bellville City,PP Smit Stadium B,2,0,,Y,,
43279536,CTTLFA 2026,M5 - Under 14 Division Five,,,M5-04- Durbanville B.,M5-03- Clyde Pinelands B,01/08/26,Sat,09:30,Durbanville,Klazinga Park B,6,2,,Y,,
43279537,CTTLFA 2026,M5 - Under 14 Division Five,,,M5-08- Kuilsriver B.,M5-05- Edgemead G/W B.,01/08/26,Sat,09:30,Serepta Sports Ground,Serepta Sports Ground A,1,3,,Y,,
43279538,CTTLFA 2026,M5 - Under 14 Division Five,,,M5-09- Meadowridge B.,M5-11- Sunningdale City B,01/08/26,Sat,09:30,Meadowridge,Meadowridge B,1,3,,Y,,
43279539,CTTLFA 2026,M5 - Under 14 Division Five,,,M5-10- Stephanian Ottery B,M5-02- Bothasig B,01/08/26,Sat,09:30,Stephanian Ottery,Stephanian Ottery A,0,9,,Y,,
43272894,CTTLFA 2026,M6 - Under 14 Division Six,,,M6-02- Brooklyn Superstars,M6-03- Bye,01/08/26,Sat,09:30,Bayview Sports Complex,Brooklyn Bayview Sports Complex A,0,0,,Y,,
43806235,CTTLFA 2026,M7 - Under 14 Division Seven,,,M7-04- Northpine United C,M7-05- Rygersdal C,01/08/26,Sat,09:30,Northpine United,Central Park A,6,0,,Y,,
43806236,CTTLFA 2026,M7 - Under 14 Division Seven,,,M7-07- Table View C,M7-03- Meadowridge C,01/08/26,Sat,09:30,Table View,Table View B,9,0,,Y,,
43806232,CTTLFA 2026,M7 - Under 14 Division Seven,,,M7-09- Durbanville C,M7-08- Wynberg St Johns C,01/08/26,Sat,09:30,Durbanville,Klazinga Park C,3,3,,Y,,
43806237,CTTLFA 2026,M7 - Under 14 Division Seven,,,M7-10- Lansdowne,M7-01- Bothasig C,01/08/26,Sat,09:30,Lansdowne,Chukker Road A,1,2,,Y,,
43574636,CTTLFA 2026,M8 - Under 14 Girls Premier One,,,M8-06- Norway Parks,M8-12- Hout Bay,01/08/26,Sat,09:30,Norway Parks,Royal Road A,0,1,,Y,,
43574635,CTTLFA 2026,M8 - Under 14 Girls Premier One,,,M8-09- Stephanian Ottery,M8-01- Bellville City,01/08/26,Sat,09:30,Stephanian Ottery,Stephanian Ottery B,2,1,,Y,,
43574637,CTTLFA 2026,M8 - Under 14 Girls Premier One,,,M8-11- Wynberg St Johns,M8-04- Fish Hoek,01/08/26,Sat,09:30,Wynberg st Johns,Wynberg C,0,4,,Y,,
43806233,CTTLFA 2026,M9- Under 14 Division Eight,,,M9-02- Bothasig D,M9-07- Bye,01/08/26,Sat,09:30,Bothasig,Abe Sher A,0,0,,Y,,
43806231,CTTLFA 2026,M9- Under 14 Division Eight,,,M9-04- Tramway,M9-03- Edgemead G/W D,01/08/26,Sat,09:30,Tramway,Groenewald Park A,6,0,,Y,,
43806234,CTTLFA 2026,M9- Under 14 Division Eight,,,M9-08- Table View D,M9-01- Bellville City C,01/08/26,Sat,09:30,Table View,Table View A,5,3,,Y,,
43260942,CTTLFA 2026,O3B - Under 12 Premier Three B,,,O3-09- Holy Cross,O3-03- Bothasig,01/08/26,Sat,09:30,Holy Cross,Holy Cross School A,1,2,,Y,,
43806103,CTTLFA 2026,O8- Under 12 Division Seven,,,O8-03- Mutual B,O8-01- Tramway,01/08/26,Sat,10:15,Mutual FC,Pinelands Oval C,1,3,,Y,,
43256733,CTTLFA 2026,K1 - Under 16 Premier One,,,K1-02- Cape Town Spurs,K1-09- Norway Parks,01/08/26,Sat,10:50,Cape Town Spurs,Ikamva A,1,1,,Y,,
43256734,CTTLFA 2026,K1 - Under 16 Premier One,,,K1-03- De Beers,K1-10- Rygersdal,01/08/26,Sat,10:50,De Beers,Somerset West A,3,2,,Y,,
43256735,CTTLFA 2026,K1 - Under 16 Premier One,,,K1-04- FC Kapstadt,K1-12- CR Vasco Da Gama,01/08/26,Sat,10:50,FC Kapstadt,Hartleyvale A,1,4,,Y,,
43256736,CTTLFA 2026,K1 - Under 16 Premier One,,,K1-06- Hanover Park,K1-05- FN Rangers,01/08/26,Sat,10:50,Hanover Park,Hanover Park A,4,2,,Y,,
43256738,CTTLFA 2026,K1 - Under 16 Premier One,,,K1-13- Wynberg St Johns,K1-11- Table View,01/08/26,Sat,10:50,Wynberg st Johns,Wynberg A,1,1,,Y,,
43257190,CTTLFA 2026,K2 - Under 16 Premier Two,,,K2-02- Durbanville,K2-01- Clyde Pinelands,01/08/26,Sat,10:50,Durbanville,Klazinga Park A,3,2,,Y,,
43257191,CTTLFA 2026,K2 - Under 16 Premier Two,,,K2-04- Fish Hoek,K2-03- Edgemead G/W,01/08/26,Sat,10:50,Fish Hoek,Fish Hoek A,3,1,,Y,,
43257192,CTTLFA 2026,K2 - Under 16 Premier Two,,,K2-05- Kensington,K2-08- Saxon Rovers,01/08/26,Sat,10:50,Kensington,14 Avenue A,0,0,,Y,,
43257193,CTTLFA 2026,K2 - Under 16 Premier Two,,,K2-07- Meadowridge,K2-06- Kuilsriver,01/08/26,Sat,10:50,Meadowridge,Meadowridge A,6,0,,Y,,
43257194,CTTLFA 2026,K2 - Under 16 Premier Two,,,K2-09- Shosholoza,K2-10- Stephanian Ottery,01/08/26,Sat,10:50,Pelican Heights Sports Ground,Pelican A,3,3,,Y,,
43260827,CTTLFA 2026,K3B - Under 16 Premier Three B,,,K3-06- Goodwood United,K3-05- Garden Village,01/08/26,Sat,10:50,Goodwood,Hamilton Road A,2,0,,Y,,
43805354,CTTLFA 2026,K3 - Under 16 Premier Three,,,K3-07- Grass Boots,K3-01- Avendale Athletico,01/08/26,Sat,10:50,Grass Boots,"Van Riebeeck Park, Sidmouth Road A",16,1,,Y,,
43260828,CTTLFA 2026,K3B - Under 16 Premier Three B,,,K3-09- Holy Cross,K3-03- Bothasig,01/08/26,Sat,10:50,Holy Cross,Voortrekker Road,2,0,,Y,,
43805355,CTTLFA 2026,K3 - Under 16 Premier Three,,,K3-11- Ruyterwacht,K3-16- Garlandale,01/08/26,Sat,10:50,Ruyterwacht,Stan Abbott,3,1,,Y,,
43260829,CTTLFA 2026,K3B - Under 16 Premier Three B,,,K3-13- West End United,K3-02- Bellville City,01/08/26,Sat,10:50,West End United,West End Park A,3,2,,Y,,
43260830,CTTLFA 2026,K3B - Under 16 Premier Three B,,,K3-15- Mutual FC,K3-14- YSD Macassar,01/08/26,Sat,10:50,Mutual FC,Pinelands Oval A,3,1,,Y,,
43805356,CTTLFA 2026,K3 - Under 16 Premier Three,,,K3-17- Queens Park,K3-08- Green Point Salesians,01/08/26,Sat,10:50,Paddock Road A,Queens Park Paddock A,3,2,,Y,,
43279309,CTTLFA 2026,K4 - Under 16 Division Four,,,K4-03- De Beers B.,K4-11- Wynberg St Johns B.,01/08/26,Sat,10:50,De Beers,Somerset West B,0,1,,Y,,
43279310,CTTLFA 2026,K4 - Under 16 Division Four,,,K4-04- FN Rangers B,K4-01- Bye,01/08/26,Sat,10:50,FN Rangers,FNB Stadium A,0,0,,Y,,
43279311,CTTLFA 2026,K4 - Under 16 Division Four,,,K4-06- Norway Parks B,K4-09- Table View B.,01/08/26,Sat,10:50,Norway Parks,Royal Road D,4,4,,Y,,
43279312,CTTLFA 2026,K4 - Under 16 Division Four,,,K4-08- Saxon Rovers B,K4-05- Northpine United B,01/08/26,Sat,10:50,Saxon Rovers,Maitland B,0,1,,Y,,
43279313,CTTLFA 2026,K4 - Under 16 Division Four,,,K4-10- CR Vasco Da Gama B,K4-07- Rygersdal B,01/08/26,Sat,10:50,Vasco da Gama,Da Gama Park B,4,3,,Y,,
43279425,CTTLFA 2026,K5 - Under 16 Division Five,,,K5-01- Bellville City B.,K5-06- Fish Hoek B.,01/08/26,Sat,10:50,Bellville City,PP Smit Stadium B,2,3,,Y,,
43279426,CTTLFA 2026,K5 - Under 16 Division Five,,,K5-04- Durbanville B.,K5-03- Clyde Pinelands B,01/08/26,Sat,10:50,Durbanville,Klazinga Park B,3,0,,Y,,
43279427,CTTLFA 2026,K5 - Under 16 Division Five,,,K5-08- Kuilsriver B.,K5-05- Edgemead G/W B.,01/08/26,Sat,10:50,Serepta Sports Ground,Serepta Sports Ground A,3,3,,Y,,
43279428,CTTLFA 2026,K5 - Under 16 Division Five,,,K5-09- Meadowridge B.,K5-11- Sunningdale City B,01/08/26,Sat,10:50,Meadowridge,Meadowridge B,1,0,,Y,,
43279429,CTTLFA 2026,K5 - Under 16 Division Five,,,K5-10- Stephanian Ottery B,K5-02- Bothasig B,01/08/26,Sat,10:50,Stephanian Ottery,Stephanian Ottery A,1,1,,Y,,
43805827,CTTLFA 2026,K6 - Under 16 Division Six,,,K6-02- Bothasig C,K6-08- Sunningdale City C,01/08/26,Sat,10:50,Bothasig,Abe Sher A,6,3,,Y,,
43805825,CTTLFA 2026,K6 - Under 16 Division Six,,,K6-05- JMI,K6-01- Bye.,01/08/26,Sat,10:50,Norway Parks,Royal Road E,0,0,,Y,,
43805828,CTTLFA 2026,K6 - Under 16 Division Six,,,K6-07- Ruyterwacht B,K6-03- Brooklyn Superstars,01/08/26,Sat,10:50,Ruyterwacht,Stan Abbot B,4,4,,Y,,
43806907,CTTLFA 2026,K7 - Under 16 Girls Premier One,,,K7-03- Bothasig,K7-01- Badgers,01/08/26,Sat,10:50,Bothasig,Abe Sher C,2,1,,Y,,
43806903,CTTLFA 2026,K7 - Under 16 Girls Premier One,,,K7-05- Clyde Pinelands,K7-06- Fish Hoek,01/08/26,Sat,10:50,Clyde Pinelands,Ringwood Drive B,1,6,,Y,,
43806905,CTTLFA 2026,K7 - Under 16 Girls Premier One,,,K7-13- Wynberg St Johns,K7-02- Bellville City,01/08/26,Sat,10:50,Wynberg st Johns,Wynberg C,1,2,,Y,,
43806904,CTTLFA 2026,K7 - Under 16 Girls Premier One,,,K7-14- Nova Generation,K7-11- Bye.,01/08/26,Sat,10:50,Nova Generations,Generations Sandown Institute,0,0,,Y,,
43806908,CTTLFA 2026,K7 - Under 16 Girls Premier One,,,K7-15- Norway Parks,K7-09- Bye.,01/08/26,Sat,10:50,Norway Parks,Royal Road A,0,0,,Y,,
43805833,CTTLFA 2026,K8- Under 16 Division Seven,,,K8-01- Bothasig D,K8-10- Lansdowne,01/08/26,Sat,10:50,Bothasig,Abe Sher B,3,0,,Y,,
43805832,CTTLFA 2026,K8- Under 16 Division Seven,,,K8-03- Edgemead G/W C,K8-06- Northpine United C,01/08/26,Sat,10:50,Edgemead G/W,Edgemead A,0,4,,Y,,
43805826,CTTLFA 2026,K8- Under 16 Division Seven,,,K8-08- Table View D,K8-11- Bye,01/08/26,Sat,10:50,Table View,Table View A,0,0,,Y,,
43805716,CTTLFA 2026,K8- Under 16 Division Seven,,,K8-09- YMO FC,K8-04- Fish Hoek C.,01/08/26,Sat,10:50,YMO FC,Upper Cambridge A,13,2,,Y,,
43260884,CTTLFA 2026,M3B - Under 14 Premier Three B,,,M3-09- Holy Cross,M3-03- Bothasig,01/08/26,Sat,10:50,Holy Cross,Holy Cross School A,2,1,,Y,,
43272892,CTTLFA 2026,M6 - Under 14 Division Six,,,M6-07- Hellenic B,M6-05- Edgemead G/W C,01/08/26,Sat,10:50,Hellenic,Tygerhof Sports Complex A,4,1,,Y,,
42990073,CTTLFA 2026,I2 - Under 18 Premier Two,,,I2-12- Young Bafana,I2-11- Sunningdale City,01/08/26,Sat,12:00,Young Bafana,YB Arena A,4,2,,Y,,
43317340,CTTLFA 2026,H2 - Womens First Division,,,H2-01- Badgers B.,H2-10- UCT B,01/08/26,Sat,12:30,Badgers FC,Oranjezicht A,2,1,,Y,,
42989893,CTTLFA 2026,I1 - Under 18 Premier One,,,I1-02- Cape Town Spurs,I1-09- Norway Parks,01/08/26,Sat,12:30,Cape Town Spurs,Ikamva A,1,1,,Y,,
42989890,CTTLFA 2026,I1 - Under 18 Premier One,,,I1-03- De Beers,I1-10- Rygersdal,01/08/26,Sat,12:30,De Beers,Somerset West A,3,2,,Y,,
42989888,CTTLFA 2026,I1 - Under 18 Premier One,,,I1-04- FC Kapstadt,I1-12- CR Vasco Da Gama,01/08/26,Sat,12:30,FC Kapstadt,Hartleyvale A,0,1,,Y,,
42989892,CTTLFA 2026,I1 - Under 18 Premier One,,,I1-06- Hanover Park,I1-05- FN Rangers,01/08/26,Sat,12:30,Hanover Park,Hanover Park A,2,2,,Y,,
42989889,CTTLFA 2026,I1 - Under 18 Premier One,,,I1-13- Wynberg St Johns,I1-11- Table View,01/08/26,Sat,12:30,Wynberg st Johns,Wynberg A,2,2,,Y,,
42990070,CTTLFA 2026,I2 - Under 18 Premier Two,,,I2-02- Durbanville,I2-01- Clyde Pinelands,01/08/26,Sat,12:30,Durbanville,Klazinga Park A,2,0,,Y,,
42990074,CTTLFA 2026,I2 - Under 18 Premier Two,,,I2-04- Fish Hoek,I2-03- Edgemead G/W,01/08/26,Sat,12:30,Fish Hoek,Fish Hoek A,3,3,,Y,,
42990071,CTTLFA 2026,I2 - Under 18 Premier Two,,,I2-05- Kensington,I2-08- Saxon Rovers,01/08/26,Sat,12:30,Kensington,14 Avenue A,1,0,,Y,,
42990072,CTTLFA 2026,I2 - Under 18 Premier Two,,,I2-07- Meadowridge,I2-06- Kuilsriver,01/08/26,Sat,12:30,Meadowridge,Meadowridge A,3,0,,Y,,
42990069,CTTLFA 2026,I2 - Under 18 Premier Two,,,I2-09- Shosholoza,I2-10- Stephanian Ottery,01/08/26,Sat,12:30,Pelican Heights Sports Ground,Pelican A,5,1,,Y,,
43206965,CTTLFA 2026,I3B - Under 18 Premier Three B,,,I3-06- Goodwood United,I3-05- Garden Village,01/08/26,Sat,12:30,Goodwood,Hamilton Road A,1,1,,Y,,
43804804,CTTLFA 2026,I3 - Under 18 Premier Three,,,I3-07- Grass Boots,I3-01- Avendale Athletico,01/08/26,Sat,12:30,Grass Boots,"Van Riebeeck Park, Sidmouth Road A",6,1,,Y,,
43206964,CTTLFA 2026,I3B - Under 18 Premier Three B,,,I3-09- Holy Cross,I3-03- Bothasig,01/08/26,Sat,12:30,Holy Cross,Voortrekker Road,1,2,,Y,,
43804802,CTTLFA 2026,I3 - Under 18 Premier Three,,,I3-11- Ruyterwacht,I3-16- Garlandale,01/08/26,Sat,12:30,Ruyterwacht,Stan Abbott,3,1,,Y,,
43206966,CTTLFA 2026,I3B - Under 18 Premier Three B,,,I3-13- West End United,I3-02- Bellville City,01/08/26,Sat,12:30,West End United,West End Park A,3,0,,Y,,
43206967,CTTLFA 2026,I3B - Under 18 Premier Three B,,,I3-15- Mutual FC,I3-14- YSD Macassar,01/08/26,Sat,12:30,Mutual FC,Pinelands Oval A,0,1,,Y,,
43804803,CTTLFA 2026,I3 - Under 18 Premier Three,,,I3-17- Queens Park,I3-08- Green Point Salesians,01/08/26,Sat,12:30,Paddock Road A,Queens Park Paddock A,0,7,,Y,,
43275132,CTTLFA 2026,I4 - Under 18 Division Four,,,I4-03- FN Rangers B,I4-01- Bothasig B,01/08/26,Sat,12:30,FN Rangers,FNB Stadium A,2,2,,Y,,
43275130,CTTLFA 2026,I4 - Under 18 Division Four,,,I4-04- Northpine United B,I4-02- Cape Town Spurs B,01/08/26,Sat,12:30,Northpine United,Central Park A,0,0,,Y,,
43275133,CTTLFA 2026,I4 - Under 18 Division Four,,,I4-05- Norway Parks B,I4-09- CR Vasco Da Gama B,01/08/26,Sat,12:30,Norway Parks,Royal Road D,0,2,,Y,,
43275131,CTTLFA 2026,I4 - Under 18 Division Four,,,I4-08- Table View B,I4-07- Saxon Rovers B,01/08/26,Sat,12:30,Table View,Table View A,3,2,,Y,,
43275129,CTTLFA 2026,I4 - Under 18 Division Four,,,I4-10- Wynberg St Johns B.,I4-06- Rygersdal B.,01/08/26,Sat,12:30,Wynberg st Johns,Wynberg B,3,0,Home Walkover,Y,,
43805554,CTTLFA 2026,I5 - Under 18 Division Five,,,I5-02- Clyde Pinelands B,I5-10- Bellville City B,01/08/26,Sat,12:30,Clyde Pinelands,Ringwood Drive B,3,1,,Y,,
43805557,CTTLFA 2026,I5 - Under 18 Division Five,,,I5-03- Durbanville B.,I5-01- Bothasig C,01/08/26,Sat,12:30,Durbanville,Klazinga Park B,6,2,,Y,,
43805556,CTTLFA 2026,I5 - Under 18 Division Five,,,I5-04- Edgemead G/W B.,I5-06- JMI,01/08/26,Sat,12:30,Edgemead G/W,Edgemead B,1,2,,Y,,
43805555,CTTLFA 2026,I5 - Under 18 Division Five,,,I5-05- Fish Hoek B.,I5-08- Ruyterwacht B,01/08/26,Sat,12:30,Fish Hoek,Fish Hoek B,7,1,,Y,,
43805558,CTTLFA 2026,I5 - Under 18 Division Five,,,I5-07- Meadowridge B.,I5-11- Tramway,01/08/26,Sat,12:30,Meadowridge,Meadowridge B,3,1,,Y,,
43256737,CTTLFA 2026,K1 - Under 16 Premier One,,,K1-07- Hellenic,K1-01- Camps Bay,01/08/26,Sat,12:30,Hellenic,Tygerhof Sports Complex A,0,1,,Y,,
43575475,CTTLFA 2026,D2 - 4th Division,,,D2-03- Edgemead G/W,D2-09- C.R. Vasco Da Gama,01/08/26,Sat,14:00,Edgemead G/W,Edgemead A,2,0,,Y,,
43575477,CTTLFA 2026,D2 - 4th Division,,,D2-06- Ruyterwacht,D2-01- Avendale Athletico,01/08/26,Sat,14:00,Ruyterwacht,Stan Abbot B,1,3,,Y,,
43575479,CTTLFA 2026,D2 - 4th Division,,,D2-10- Wynberg St Johns,D2-05- Norway Parks,01/08/26,Sat,14:00,Wynberg st Johns,Wynberg B,5,1,,Y,,
43575311,CTTLFA 2026,D3 - 5th Division,,,D3-03- Durbanville,D3-07- Northpine United,01/08/26,Sat,14:00,Durbanville,Klazinga Park B,1,0,,Y,,
43575316,CTTLFA 2026,D3 - 5th Division,,,D3-05-Bellville City,D3-11- Hanover Park,01/08/26,Sat,14:00,Bellville City,PP Smit Stadium B,0,3,,Y,,
43575315,CTTLFA 2026,D3 - 5th Division,,,D3-08- Table View,D3-06- Mutual FC,01/08/26,Sat,14:00,Table View,Table View A,3,0,Home Walkover,Y,,
43575317,CTTLFA 2026,D3 - 5th Division,,,D3-10- C.R. Vasco Da Gama,D3-04- Edgemead G/W,01/08/26,Sat,14:00,Vasco da Gama,Da Gama Park B,1,3,,Y,,
43575610,CTTLFA 2026,D4 - 6th Division,,,D4-01- Garlandale FC,D4-02- Clyde Pinelands,01/08/26,Sat,14:00,Garlandale,Garlandale A,3,0,,Y,,
43575608,CTTLFA 2026,D4 - 6th Division,,,D4-11- Edgemead G/W,D4-10- Sunningdale City,01/08/26,Sat,14:00,Edgemead G/W,Edgemead D,1,3,,Y,,
43256344,CTTLFA 2026,B2 - First Reserve,,,FR-06- Kensington,FR-12- Sunningdale City,01/08/26,Sat,14:00,Kensington,14 Avenue A,2,1,,Y,,
43256345,CTTLFA 2026,B2 - First Reserve,,,FR-07- Kuilsriver,FR-11- Stephanian Ottery,01/08/26,Sat,14:00,Serepta Sports Ground,Serepta Sports Ground A,3,1,,Y,,
43256346,CTTLFA 2026,B2 - First Reserve,,,FR-09- Northpine United,FR-05- JMI,01/08/26,Sat,14:00,Northpine United,Central Park A,3,0,Home Walkover,Y,,
43256347,CTTLFA 2026,B2 - First Reserve,,,FR-10- Ruyterwacht,FR-03- Brooklyn Superstars,01/08/26,Sat,14:00,Ruyterwacht,Stan Abbott,2,1,,Y,,
43256348,CTTLFA 2026,B2 - First Reserve,,,FR-13- Tramway,FR-02- Bothasig,01/08/26,Sat,14:00,Tramway,Groenewald Park A,0,2,,Y,,
43806430,CTTLFA 2026,G1 - Vets 045 A,,,G1-03- FN Rangers,G1-02-Edgemead G/W,01/08/26,Sat,14:00,FN Rangers,FNB Stadium C,3,0,Home Walkover,Y,,
43806429,CTTLFA 2026,G1 - Vets 045 A,,,G1-06- Saxon Rovers,G1-05- Meadowridge,01/08/26,Sat,14:00,Saxon Rovers,Maitland F,3,0,,Y,,
43806426,CTTLFA 2026,G1 - Vets 045 A,,,G1-07- Tramway,G1-13- Stephanian Ottery,01/08/26,Sat,14:00,Tramway,Groenewald Park B,2,2,,Y,,
43806427,CTTLFA 2026,G1 - Vets 045 A,,,G1-08- Bothasig,G1-04- Hanover Park,01/08/26,Sat,14:00,Bothasig,Abe Sher C,0,3,,Y,,
43806425,CTTLFA 2026,G1 - Vets 045 A,,,G1-12- Table View,G1-11- Lansdowne,01/08/26,Sat,14:00,Table View,Table View C,2,1,,Y,,
43262946,CTTLFA 2026,G4 - Vets 050 A,,,G4-04- Hanover Park,G4-01- Clyde Pinelands,01/08/26,Sat,14:00,Hanover Park,Hanover Park A,6,1,,Y,,
43262945,CTTLFA 2026,G4 - Vets 050 A,,,G4-07- Stephanian Ottery,G4-02- Fish Hoek,01/08/26,Sat,14:00,Stephanian Ottery,Stephanian Ottery A,2,1,,Y,,
43262856,CTTLFA 2026,G5 - Vets 050 B,,,G5-02- Bye.,G5-03- Durbanville,01/08/26,Sat,14:00,Bye,#1,0,0,,Y,,
43262855,CTTLFA 2026,G5 - Vets 050 B,,,G5-05- Everton United,G5-08- Lansdowne,01/08/26,Sat,14:00,Heideveld Sports Complex,#1,8,0,,Y,,
43262850,CTTLFA 2026,G5 - Vets 050 B,,,G5-06- Green Point Salesians,G5-09- Meadowridge,01/08/26,Sat,14:00,Green Point,Green Point A,2,2,,Y,,
43575133,CTTLFA 2026,G6 - Vets O50 C,,,G6-03- West End United C,G6-02- Hanover Park C,01/08/26,Sat,14:00,West End United,West End Park B,1,0,,Y,,
43575130,CTTLFA 2026,G6 - Vets O50 C,,,G6-04- Stephanian Ottery B,G6-01- Avendale Athletico,01/08/26,Sat,14:00,Stephanian Ottery,Stephanian Ottery B,7,1,,Y,,
43575131,CTTLFA 2026,G6 - Vets O50 C,,,G6-05- Table View,G6-11- Bye,01/08/26,Sat,14:00,Table View,Table View B,0,0,,Y,,
43575132,CTTLFA 2026,G6 - Vets O50 C,,,G6-09- YMO FC,G6-10- Saxon Rovers,01/08/26,Sat,14:00,YMO FC,Upper Cambridge A,5,1,,Y,,
43317344,CTTLFA 2026,H2 - Womens First Division,,,H2-05- Kuilsriver,H2-12- Hanover Park,01/08/26,Sat,14:00,Serepta Sports Ground,Serepta Sports Ground B,1,5,,Y,,
42989891,CTTLFA 2026,I1 - Under 18 Premier One,,,I1-07- Hellenic,I1-01- Camps Bay,01/08/26,Sat,14:00,Hellenic,Tygerhof Sports Complex A,2,0,,Y,,
43256163,CTTLFA 2026,A2 - Premier Reserve,,,PR-01- Durbanville,PR-05- Green Point Salesians,01/08/26,Sat,14:00,Durbanville,Klazinga Park A,1,1,,Y,,
43256164,CTTLFA 2026,A2 - Premier Reserve,,,PR-03- Fish Hoek,PR-06- Hanover Park,01/08/26,Sat,14:00,Fish Hoek,Fish Hoek A,1,5,,Y,,
43256166,CTTLFA 2026,A2 - Premier Reserve,,,PR-07- Holy Cross,PR-11- Table View,01/08/26,Sat,14:00,Holy Cross,Voortrekker Road,2,1,,Y,,
43256169,CTTLFA 2026,A2 - Premier Reserve,,,PR-14- Wynberg St Johns,PR-09- Rygersdal,01/08/26,Sat,14:00,Wynberg st Johns,Wynberg A,2,1,,Y,,
43256543,CTTLFA 2026,C2 - Second Reserve,,,SR-03- Camps Bay,SR-01- Avendale Athletico,01/08/26,Sat,14:00,Camps Bay,Camps Bay A,1,3,,Y,,
43256544,CTTLFA 2026,C2 - Second Reserve,,,SR-06- De Beers,SR-13- Varsity College,01/08/26,Sat,14:00,De Beers,Somerset West A,3,4,,Y,,
43256545,CTTLFA 2026,C2 - Second Reserve,,,SR-08- Bye,SR-02- Barmsley Spurs,01/08/26,Sat,14:00,Bye,#1,0,0,,Y,,
43256546,CTTLFA 2026,C2 - Second Reserve,,,SR-09- Goodwood United,SR-05- Clyde Pinelands,01/08/26,Sat,14:00,Goodwood,Hamilton Road A,3,2,,Y,,
43256547,CTTLFA 2026,C2 - Second Reserve,,,SR-11- Mutual FC,SR-07- FC Kapstadt,01/08/26,Sat,14:00,Mutual FC,Pinelands Oval A,3,0,,Y,,
43256548,CTTLFA 2026,C2 - Second Reserve,,,SR-12- Queens Park,SR-16- YSD Macassar,01/08/26,Sat,14:00,Paddock Road A,Queens Park Paddock A,3,0,,Y,,
43256549,CTTLFA 2026,C2 - Second Reserve,,,SR-14- West End United,SR-10- Hellenic,01/08/26,Sat,14:00,West End United,West End Park A,3,0,,Y,,
43256550,CTTLFA 2026,C2 - Second Reserve,,,SR-15- Young Bafana,SR-04- Chelsea Bridgetown,01/08/26,Sat,14:00,Chelsea,Hickory Road A,1,2,,Y,,
43575478,CTTLFA 2026,D2 - 4th Division,,,D2-04- Fish Hoek,D2-12- Kensington,01/08/26,Sat,14:30,Fish Hoek,Fish Hoek B,1,4,,Y,,
43806575,CTTLFA 2026,H1 - Womens Premier League,,,H1-01- Badgers,H1-06- Green Point Salesians,01/08/26,Sat,15:00,Badgers FC,Oranjezicht A,6,2,,Y,,
43575859,CTTLFA 2026,E2- Vets 035 B,,,E2-08- Everton United,E2-06- FN Rangers B,01/08/26,Sat,15:30,Heideveld Sports Complex,#1,1,4,,Y,,
43575314,CTTLFA 2026,D1 - 3rd Division,,,D1-01- Bellville City FC,D1-05- Garden Village,01/08/26,Sat,15:45,Bellville City,PP Smit Stadium C,2,2,,Y,,
43575312,CTTLFA 2026,D1 - 3rd Division,,,D1-06- Green Point Salesians,D1-08- Table View,01/08/26,Sat,15:45,Green Point,Green Point A,3,1,,Y,,
43575310,CTTLFA 2026,D1 - 3rd Division,,,D1-07- Saxon Rovers,D1-02- Bothasig,01/08/26,Sat,15:45,Saxon Rovers,Maitland F,0,0,,Y,,
43575313,CTTLFA 2026,D1 - 3rd Division,,,D1-10- Wynberg St Johns,D1-03- Durbanville,01/08/26,Sat,15:45,Wynberg st Johns,Wynberg B,0,4,,Y,,
43575309,CTTLFA 2026,D1 - 3rd Division,,,D1-11- Shosholoza FC,D1-09- C.R. Vasco Da Gama,01/08/26,Sat,15:45,Pelican Heights Sports Ground,Pelican A,3,4,,Y,,
43575612,CTTLFA 2026,D4 - 6th Division,,,D4-05- Kuilsriver,D4-08- Bothasig,01/08/26,Sat,15:45,Serepta Sports Ground,Serepta Sports Ground B,5,1,,Y,,
43575973,CTTLFA 2026,E1- Vets 035,,,E1-04-FN Rangers,E1-09- Bye,01/08/26,Sat,15:45,FN Rangers,FNB Stadium C,0,0,,Y,,
43575860,CTTLFA 2026,E2- Vets 035 B,,,E2-07- Meadowridge,E2-11- Turfhall,01/08/26,Sat,15:45,Meadowridge,Meadowridge A,2,4,,Y,,
43575742,CTTLFA 2026,F2 - Vets 040 B,,,F2-03- Garlandale,F2-12- Sunningdale City B,01/08/26,Sat,15:45,Garlandale,Garlandale B,2,2,,Y,,
43575741,CTTLFA 2026,F2 - Vets 040 B,,,F2-04- Goodwood United,F2-09- Wynberg St Johns,01/08/26,Sat,15:45,Goodwood,Hamilton Road B,3,2,,Y,,
42990266,CTTLFA 2026,B1 - First Division,,,FD-06- Kensington,FD-12- Sunningdale City,01/08/26,Sat,15:45,Kensington,14 Avenue A,1,0,,Y,,
42990262,CTTLFA 2026,B1 - First Division,,,FD-07- Kuilsriver,FD-11- Stephanian Ottery,01/08/26,Sat,15:45,Serepta Sports Ground,Serepta Sports Ground A,2,4,,Y,,
42990265,CTTLFA 2026,B1 - First Division,,,FD-09- Northpine United,FD-05- JMI,01/08/26,Sat,15:45,Northpine United,Central Park A,5,4,,Y,,
42990264,CTTLFA 2026,B1 - First Division,,,FD-10- Ruyterwacht,FD-03- Brooklyn Superstars,01/08/26,Sat,15:45,Ruyterwacht,Stan Abbott,3,7,,Y,,
42990263,CTTLFA 2026,B1 - First Division,,,FD-13- Tramway,FD-02- Bothasig,01/08/26,Sat,15:45,Tramway,Groenewald Park A,1,2,,Y,,
42996983,CTTLFA 2026,A1 - Premier Division,,,PD-01- Durbanville,PD-05- Green Point Salesians,01/08/26,Sat,15:45,Durbanville,Klazinga Park A,2,1,,Y,,
42996982,CTTLFA 2026,A1 - Premier Division,,,PD-03- Fish Hoek,PD-06- Hanover Park,01/08/26,Sat,15:45,Fish Hoek,Fish Hoek A,0,2,,Y,,
42996979,CTTLFA 2026,A1 - Premier Division,,,PD-07- Holy Cross,PD-11- Table View,01/08/26,Sat,15:45,Holy Cross,Voortrekker Road,0,1,,Y,,
42996981,CTTLFA 2026,A1 - Premier Division,,,PD-08- Norway Parks,PD-02- Edgemead G/W,01/08/26,Sat,15:45,Norway Parks,Royal Road A,1,3,,Y,,
42996977,CTTLFA 2026,A1 - Premier Division,,,PD-14- Wynberg St Johns,PD-09- Rygersdal,01/08/26,Sat,15:45,Wynberg st Johns,Wynberg A,2,0,,Y,,
43206609,CTTLFA 2026,C1 - Second Division,,,SD-03- Camps Bay,SD-01- Avendale Athletico,01/08/26,Sat,15:45,Camps Bay,Camps Bay A,0,4,,Y,,
43206606,CTTLFA 2026,C1 - Second Division,,,SD-06- De Beers,SD-13- Varsity College,01/08/26,Sat,15:45,De Beers,Somerset West A,2,1,,Y,,
43206604,CTTLFA 2026,C1 - Second Division,,,SD-08- Bye,SD-02- Barmsley Spurs,01/08/26,Sat,15:45,Bye,#1,0,0,,Y,,
43206610,CTTLFA 2026,C1 - Second Division,,,SD-09- Goodwood United,SD-05- Clyde Pinelands,01/08/26,Sat,15:45,Goodwood,Hamilton Road A,1,3,,Y,,
43206607,CTTLFA 2026,C1 - Second Division,,,SD-11- Mutual FC,SD-07- FC Kapstadt,01/08/26,Sat,15:45,Mutual FC,Pinelands Oval A,3,0,,Y,,
43206608,CTTLFA 2026,C1 - Second Division,,,SD-12- Queens Park,SD-16- YSD Macassar,01/08/26,Sat,15:45,Paddock Road A,Queens Park Paddock A,4,1,,Y,,
43206605,CTTLFA 2026,C1 - Second Division,,,SD-14- West End United,SD-10- Hellenic,01/08/26,Sat,15:45,West End United,West End Park A,3,0,,Y,,
43806230,CTTLFA 2026,M9- Under 14 Division Eight,,,M9-05- Meadowridge D,M9-06- Northpine United D,02/08/26,Sun,09:30,Meadowridge,Meadowridge A,3,5,,Y,,
43272893,CTTLFA 2026,M6 - Under 14 Division Six,,,M6-06- FC Kapstadt B,M6-01- Shosholoza B,02/08/26,Sun,11:30,FC Kapstadt,Hartleyvale D,2,1,,Y,,
43256310,CTTLFA 2026,B2 - First Reserve,,,FR-10- Ruyterwacht,FR-01- Bellville City FC,02/08/26,Sun,14:00,Ruyterwacht,Stan Abbott,3,2,,Y,,
43256143,CTTLFA 2026,A2 - Premier Reserve,,,PR-10- Saxon Rovers,PR-03- Fish Hoek,02/08/26,Sun,14:00,Saxon Rovers,Maitland A,5,1,,Y,,
43256066,CTTLFA 2026,A2 - Premier Reserve,,,PR-11- Table View,PR-01- Durbanville,02/08/26,Sun,14:00,Table View,Table View A,2,2,,Y,,
42990230,CTTLFA 2026,B1 - First Division,,,FD-10- Ruyterwacht,FD-01- Bellville City FC,02/08/26,Sun,15:45,Ruyterwacht,Stan Abbott,2,1,,Y,,
42996954,CTTLFA 2026,A1 - Premier Division,,,PD-10- Saxon Rovers,PD-03- Fish Hoek,02/08/26,Sun,15:45,Saxon Rovers,Maitland A,1,4,,Y,,
42996873,CTTLFA 2026,A1 - Premier Division,,,PD-11- Table View,PD-01- Durbanville,02/08/26,Sun,15:45,Table View,Table View A,1,0,,Y,,
43575613,CTTLFA 2026,D4 - 6th Division,,,D4-09- Stephanian Ottery,D4-07- Rygersdal,03/08/26,Mon,19:30,Stephanian Ottery,Stephanian Ottery A,3,2,,Y,,
43575862,CTTLFA 2026,E2- Vets 035 B,,,E2-09- Tramway,E2-01- Bellville City,03/08/26,Mon,20:00,Tramway,Groenewald Park B,0,7,,Y,,
43256089,CTTLFA 2026,A2 - Premier Reserve,,,PR-12- UCT,PR-06- Hanover Park,03/08/26,Mon,20:00,U C T,U C T,0,3,Away Walkover,Y,,
43317321,CTTLFA 2026,H2 - Womens First Division,,,H2-10- UCT B,H2-07- Norway Parks,04/08/26,Tue,19:00,U C T,U C T,0,2,,Y,,
43256491,CTTLFA 2026,C2 - Second Reserve,,,SR-07- FC Kapstadt,SR-13- Varsity College,04/08/26,Tue,20:00,Bye,#1,0,3,,Y,,
43272895,CTTLFA 2026,M6 - Under 14 Division Six,,,M6-04- Kensington B,M6-09- JMI,05/08/26,Wed,18:00,Kensington,14 Avenue A,2,4,,Y,,
43575629,CTTLFA 2026,D4 - 6th Division,,,D4-01- Garlandale FC,D4-03- De Beers,05/08/26,Wed,19:30,Garlandale,Garlandale A,3,2,,Y,,
43575971,CTTLFA 2026,E1- Vets 035,,,E1-11- C.R. Vasco Da Gama,E1-07- Kensington,05/08/26,Wed,19:30,Vasco da Gama,Da Gama Park A,1,2,,Y,,
43262952,CTTLFA 2026,G4 - Vets 050 A,,,G4-06- Rygersdal,G4-02- Fish Hoek,05/08/26,Wed,19:30,Norway Parks,Royal Road A,4,2,,Y,,
43575320,CTTLFA 2026,D3 - 5th Division,,,D3-04- Edgemead G/W,D3-09- Tramway,05/08/26,Wed,20:00,Edgemead G/W,Edgemead D,4,0,,Y,,
43575134,CTTLFA 2026,G6 - Vets O50 C,,,G6-06- Tramway B,G6-04- Stephanian Ottery B,05/08/26,Wed,20:00,Tramway,Groenewald Park A,3,1,,Y,,
43575867,CTTLFA 2026,E2- Vets 035 B,,,E2-11- Turfhall,E2-12- Clyde Pinelands B,05/08/26,Wed,20:30,Clyde Pinelands,Ringwood Drive B,2,1,,Y,,
43575136,CTTLFA 2026,G6 - Vets O50 C,,,G6-01- Avendale Athletico,G6-03- West End United C,06/08/26,Thu,19:00,Chelsea,Hickory Road A,0,1,,Y,,
43317350,CTTLFA 2026,H2 - Womens First Division,,,H2-12- Hanover Park,H2-02- Bothasig,06/08/26,Thu,19:00,Hanover Park,Hanover Park A,1,2,,Y,,
43575480,CTTLFA 2026,D2 - 4th Division,,,D2-02- Bothasig,D2-08- Table View,06/08/26,Thu,19:30,Bothasig,Abe Sher B,7,0,,Y,,
43575476,CTTLFA 2026,D2 - 4th Division,,,D2-07- Rygersdal,D2-11- Shosholoza FC,06/08/26,Thu,19:30,Norway Parks,Royal Road A,4,1,,Y,,
43262860,CTTLFA 2026,G5 - Vets 050 B,,,G5-04- Edgemead G/W,G5-02- Bye.,06/08/26,Thu,19:30,Edgemead G/W,Edgemead C,0,0,,Y,,
43575746,CTTLFA 2026,F2 - Vets 040 B,,,F2-11- Saxon Rovers,F2-02- Bothasig,06/08/26,Thu,19:45,Saxon Rovers,Maitland A,3,1,,Y,,
43575747,CTTLFA 2026,F2 - Vets 040 B,,,F2-05- Green Point Salesians,F2-06- Kuilsriver,06/08/26,Thu,20:15,Green Point,Green Point A,3,2,,Y,,
43575481,CTTLFA 2026,D2 - 4th Division,,,D2-01- Avendale Athletico,D2-03- Edgemead G/W,06/08/26,Thu,20:30,Chelsea,Hickory Road A,0,2,,Y,,
43262555,CTTLFA 2026,F1 - Vets 040 A,,,F1-01- Bellville City,F1-06- Norway Parks,06/08/26,Thu,20:30,Bellville City,PP Smit Stadium B,1,0,,Y,,
43575750,CTTLFA 2026,F2 - Vets 040 B,,,F2-12- Sunningdale City B,F2-01- Avendale Athletico,07/08/26,Fri,19:00,Sunningdale City,Sunningdale B,1,2,,Y,,
43575135,CTTLFA 2026,G6 - Vets O50 C,,,G6-11- Bye,G6-08- Wynberg St Johns,07/08/26,Fri,19:00,Bye,#1,0,0,,Y,,
43806579,CTTLFA 2026,H1 - Womens Premier League,,,H1-03- Clyde Pinelands,H1-06- Green Point Salesians,07/08/26,Fri,19:00,Clyde Pinelands,Ringwood Drive A,1,8,,Y,,
43806578,CTTLFA 2026,H1 - Womens Premier League,,,H1-04- Fish Hoek,H1-08- Magic Ladies,07/08/26,Fri,19:00,Fish Hoek,Fish Hoek A,1,2,,Y,,
43806581,CTTLFA 2026,H1 - Womens Premier League,,,H1-09- Northpine United,H1-05- FN Rangers,07/08/26,Fri,19:00,Northpine United,Central Park A,0,7,,Y,,
43806577,CTTLFA 2026,H1 - Womens Premier League,,,H1-12- Bye.,H1-02- Bellville City,07/08/26,Fri,19:00,Bye,#1,0,0,,Y,,
43317349,CTTLFA 2026,H2 - Womens First Division,,,H2-06- Meadowridge,H2-05- Kuilsriver,07/08/26,Fri,19:00,Meadowridge,Meadowridge A,3,0,,Y,,
43317348,CTTLFA 2026,H2 - Womens First Division,,,H2-09- Stephanian Ottery,H2-07- Norway Parks,07/08/26,Fri,19:00,Stephanian Ottery,Stephanian Ottery A,0,0,,Y,,
43317347,CTTLFA 2026,H2 - Womens First Division,,,H2-13- Hout Bay,H2-04- Kensington,07/08/26,Fri,19:00,Hout Bay Stadium,Hout Bay Stadium,5,2,,Y,,
43256173,CTTLFA 2026,A2 - Premier Reserve,,,PR-06- Hanover Park,PR-08- Norway Parks,07/08/26,Fri,19:00,Hanover Park,Hanover Park A,11,1,,Y,,
43256177,CTTLFA 2026,A2 - Premier Reserve,,,PR-13- C.R. Vasco Da Gama,PR-03- Fish Hoek,07/08/26,Fri,19:00,Vasco da Gama,Da Gama Park A,4,0,,Y,,
43575748,CTTLFA 2026,F2 - Vets 040 B,,,F2-08- Kensington,F2-03- Garlandale,07/08/26,Fri,19:30,Kensington,14 Avenue A,3,0,,Y,,
43262951,CTTLFA 2026,G4 - Vets 050 A,,,G4-08- Tramway,G4-07- Stephanian Ottery,07/08/26,Fri,19:30,Tramway,Groenewald Park A,5,3,,Y,,
43262862,CTTLFA 2026,G5 - Vets 050 B,,,G5-03- Durbanville,G5-06- Green Point Salesians,07/08/26,Fri,19:30,Durbanville,Klazinga Park B,4,0,,Y,,
43262554,CTTLFA 2026,F1 - Vets 040 A,,,F1-09- Sunningdale City,F1-04- FN Rangers,07/08/26,Fri,20:00,Sunningdale City,Sunningdale A,0,4,,Y,,
43806433,CTTLFA 2026,G1 - Vets 045 A,,,G1-09- Garden Village,G1-07- Tramway,07/08/26,Fri,20:00,Garden Village,Alexander Road,1,2,,Y,,
43806358,CTTLFA 2026,G1 - Vets 045 A,,,G1-10- Holy Cross,G1-01- De Beers,07/08/26,Fri,20:00,Holy Cross,Voortrekker Road,2,3,,Y,,
43575319,CTTLFA 2026,D3 - 5th Division,,,D3-07- Northpine United,D3-05-Bellville City,07/08/26,Fri,20:30,Northpine United,Central Park A,1,1,,Y,,
43575616,CTTLFA 2026,D4 - 6th Division,,,D4-10- Sunningdale City,D4-05- Kuilsriver,07/08/26,Fri,20:30,Sunningdale City,Sunningdale B,3,3,,Y,,
43575863,CTTLFA 2026,E2- Vets 035 B,,,E2-03- Green Point Salesians,E2-09- Tramway,07/08/26,Fri,20:30,Green Point,Green Point A,9,1,,Y,,
43575858,CTTLFA 2026,E2- Vets 035 B,,,E2-12- Clyde Pinelands B,E2-02- Durbanville,07/08/26,Fri,20:30,Clyde Pinelands,Ringwood Drive A,0,8,,Y,,
43575751,CTTLFA 2026,F2 - Vets 040 B,,,F2-09- Wynberg St Johns,F2-07- Bye,07/08/26,Fri,20:30,Wynberg st Johns,Wynberg B,0,0,,Y,,
43806580,CTTLFA 2026,H1 - Womens Premier League,,,H1-11- UCT,H1-01- Badgers,07/08/26,Fri,20:30,U C T,U C T,0,1,,Y,,
42996984,CTTLFA 2026,A1 - Premier Division,,,PD-06- Hanover Park,PD-08- Norway Parks,07/08/26,Fri,20:30,Hanover Park,Hanover Park A,1,1,,Y,,
42996987,CTTLFA 2026,A1 - Premier Division,,,PD-13- C.R. Vasco Da Gama,PD-03- Fish Hoek,07/08/26,Fri,20:30,Vasco da Gama,Da Gama Park A,6,1,,Y,,
44280424,CTTLFA 2026,,U/12 Premier One Knockout 2026,,O1-03- De Beers,O1-05- FN Rangers,08/08/26,Sat,08:00,Kensington,14 Avenue A,0,7,,Y,,
44281004,CTTLFA 2026,,U/12 Premier One Knockout 2026,,O1-09- Norway Parks,O1-07- Hellenic,08/08/26,Sat,08:00,Kensington,14 Avenue B,1,2,,Y,,
44280426,CTTLFA 2026,,U/12 Premier Two Knockout 2026,,O2-07- Meadowridge,O2-03- Edgemead G/W,08/08/26,Sat,08:00,Saxon Rovers,Maitland A,0,2,,Y,,
43984711,CTTLFA 2026,,U/12 Premier Three B Knockout 2026,,O3-02- Bellville City,O3-03- Bothasig,08/08/26,Sat,08:00,De Beers,Somerset West B,2,1,,Y,,
43997029,CTTLFA 2026,,U/12 Premier Three Knockout 2026,,O3-08- Green Point Salesians,O3-07- Grass Boots,08/08/26,Sat,08:00,Hanover Park,Hanover Park A,1,5,,Y,,
43979942,CTTLFA 2026,,U/12 Premier Three B Knockout 2026,,O3-14- YSD Macassar,O3-06- Goodwood United,08/08/26,Sat,08:00,De Beers,Somerset West A,2,1,,Y,,
43979814,CTTLFA 2026,,U/12 Premier Three Knockout 2026,,O3-17- Queens Park,O3-04- Chelsea Bridgetown,08/08/26,Sat,08:00,Hanover Park,Hanover Park B,1,4,,Y,,
44284770,CTTLFA 2026,,U/12 Division Four Knockout 2026,,O4-04- FN Rangers B,O4-11- Wynberg St Johns B.,08/08/26,Sat,08:00,Goodwood,Hamilton Road A,5,0,,Y,,
44280538,CTTLFA 2026,,U/12 Division Four Knockout 2026,,O4-06- Norway Parks B,O4-10- CR Vasco Da Gama B,08/08/26,Sat,08:00,Goodwood,Hamilton Road B,0,3,,Y,,
44280991,CTTLFA 2026,,U/12 Division Five Knockout 2026,,O5-02- Bothasig B,O5-04- Durbanville B.,08/08/26,Sat,08:00,Saxon Rovers,Maitland B,4,0,,Y,,
44285355,CTTLFA 2026,,U/12 Division Five Knockout 2026,,O5-07- Goodwood United B,O5-05- Edgemead G/W B.,08/08/26,Sat,08:00,Saxon Rovers,Maitland C,1,5,,Y,,
44280540,CTTLFA 2026,,U/12 Division Six Knockout 2026,,O6-02- Brooklyn Superstars,O6-04- FC Kapstadt B,08/08/26,Sat,08:00,Saxon Rovers,Maitland D,3,4,,Y,,
44285008,CTTLFA 2026,,U/12 Division Six Knockout 2026,,O6-06- Grass Boots B,O6-08- Stephanian Ottery C,08/08/26,Sat,08:00,Saxon Rovers,Maitland E,7,1,,Y,,
44284810,CTTLFA 2026,,U/12 Division Seven Knockout 2026,,O8-09- Lansdowne,O8-01- Tramway,08/08/26,Sat,08:00,De Beers,Somerset West D,4,5,,Y,,
43984712,CTTLFA 2026,,U/12 Girls Premier Knockout 2026,,O7-08- Wynberg St Johns,O7-01- Bellville City,08/08/26,Sat,09:00,Holy Cross,Holy Cross School B,1,0,,Y,,
44280989,CTTLFA 2026,,U/14 Premier One Knockout 2026,,M1-07- Hellenic,M1-06- Hanover Park,08/08/26,Sat,09:15,De Beers,Somerset West A,1,3,,Y,,
44280422,CTTLFA 2026,,U/14 Premier One Knockout 2026,,M1-11- Table View,M1-08- Northpine United,08/08/26,Sat,09:15,De Beers,Somerset West B,2,0,,Y,,
44280983,CTTLFA 2026,,U/14 Premier Two Knockout 2026,,M2-06- Kuilsriver,M2-11- Sunningdale City,08/08/26,Sat,09:15,Hanover Park,Hanover Park A,2,1,,Y,,
44285009,CTTLFA 2026,,U/14 Premier Two Knockout 2026,,M2-08- Saxon Rovers,M2-12- Young Bafana,08/08/26,Sat,09:15,Hanover Park,Hanover Park B,0,2,,Y,,
44280420,CTTLFA 2026,,U/14 Premier Three B Knockout 2026,,M3-02- Bellville City,M3-03- Bothasig,08/08/26,Sat,09:15,Goodwood,Hamilton Road A,1,0,,Y,,
43996521,CTTLFA 2026,,U/14 Premier Three B Knockout 2026,,M3-09- Holy Cross,M3-06- Goodwood United,08/08/26,Sat,09:15,De Beers,Somerset West D,4,2,,Y,,
43979790,CTTLFA 2026,,U/14 Premier Three Knockout 2026,,M3-11- Ruyterwacht,M3-08- Green Point Salesians,08/08/26,Sat,09:15,Saxon Rovers,Maitland A,0,1,,Y,,
43997034,CTTLFA 2026,,U/14 Premier Three Knockout 2026,,M3-17- Queens Park,M3-04- Chelsea Bridgetown,08/08/26,Sat,09:15,Saxon Rovers,Maitland B,0,1,,Y,,
44280539,CTTLFA 2026,,U/14 Division Four Knockout 2026,,M4-08- Saxon Rovers B.,M4-03- De Beers B.,08/08/26,Sat,09:15,Kensington,14 Avenue A,0,5,,Y,,
44281000,CTTLFA 2026,,U/14 Division Four Knockout 2026,,M4-10- CR Vasco Da Gama B,M4-04- FN Rangers B,08/08/26,Sat,09:15,Kensington,14 Avenue B,3,1,,Y,,
44280414,CTTLFA 2026,,U/14 Division Five Knockout 2026,,M5-05- Edgemead G/W B.,M5-03- Clyde Pinelands B,08/08/26,Sat,09:15,Saxon Rovers,Maitland C,3,0,,Y,,
44280984,CTTLFA 2026,,U/14 Division Five Knockout 2026,,M5-08- Kuilsriver B.,M5-11- Sunningdale City B,08/08/26,Sat,09:15,Saxon Rovers,Maitland D,1,0,,Y,,
44280415,CTTLFA 2026,,U/14 Division Six Knockout 2026,,M6-05- Edgemead G/W C,M6-07- Hellenic B,08/08/26,Sat,09:15,Saxon Rovers,Maitland E,0,3,,Y,,
44280423,CTTLFA 2026,,U/14 Division Seven Knockout 2026,,M7-04- Northpine United C,M7-09- Durbanville C,08/08/26,Sat,09:15,Bothasig,Abe Sher B,2,0,,Y,,
44522141,CTTLFA 2026,,U/14 Division Eight Knockout 2026,,M9-06- Northpine United D,M9-04- Tramway,08/08/26,Sat,09:15,Bothasig,Abe Sher C,2,6,,Y,,
44280417,CTTLFA 2026,,U/14 Division Eight Knockout 2026,,M9-08- Table View D,M9-09- Garlandale B,08/08/26,Sat,09:15,Bothasig,Abe Sher D,3,7,,Y,,
44280999,CTTLFA 2026,,U/12 Division Seven Knockout 2026,,O8-03- Mutual B,O8-06- Rygersdal C,08/08/26,Sat,09:15,Goodwood,Hamilton Road B,3,3,,Y,,
43805839,CTTLFA 2026,K8- Under 16 Division Seven,,,K8-10- Lansdowne,K8-08- Table View D,08/08/26,Sat,10:00,Lansdowne,Chukker Road A,0,3,,Y,,
44280412,CTTLFA 2026,,U/14 Girls Premier Knockout 2026,,M8-12- Hout Bay,M8-05- Meadowridge,08/08/26,Sat,10:00,Bellville City,PP Smit Stadium B,6,3,,Y,,
43975038,CTTLFA 2026,,U/12 Girls Premier Knockout 2026,,O7-05- Meadowridge A,O7-06- Meadowridge B,08/08/26,Sat,10:10,Holy Cross,Holy Cross School B,9,0,,Y,,
44536895,CTTLFA 2026,,U/16 Premier One Knockout 2026,,K1-05- FN Rangers,K1-01- Camps Bay,08/08/26,Sat,10:40,De Beers,Somerset West A,,,Postponed,,,
44285392,CTTLFA 2026,,U/16 Premier One Knockout 2026,,K1-11- Table View,K1-10- Rygersdal,08/08/26,Sat,10:40,De Beers,Somerset West B,0,0,,Y,,
44280429,CTTLFA 2026,,U/16 Premier Two Knockout 2026,,K2-03- Edgemead G/W,K2-07- Meadowridge,08/08/26,Sat,10:40,Hanover Park,Hanover Park A,0,3,,Y,,
44285018,CTTLFA 2026,,U/16 Premier Two Knockout 2026,,K2-09- Shosholoza,K2-02- Durbanville,08/08/26,Sat,10:40,Hanover Park,Hanover Park B,0,3,,Y,,
43979815,CTTLFA 2026,,U/16 Premier Three Knockout 2026,,K3-04- Chelsea Bridgetown,K3-08- Green Point Salesians,08/08/26,Sat,10:40,Saxon Rovers,Maitland A,1,1,,Y,,
43979943,CTTLFA 2026,,U/16 Premier Three B Knockout 2026,,K3-14- YSD Macassar,K3-13- West End United,08/08/26,Sat,10:40,Goodwood,Hamilton Road A,1,2,,Y,,
44280419,CTTLFA 2026,,U/16 Premier Three B Knockout 2026,,K3-15- Mutual FC,K3-09- Holy Cross,08/08/26,Sat,10:40,De Beers,Somerset West D,0,4,,Y,,
43985297,CTTLFA 2026,,U/16 Premier Three Knockout 2026,,K3-17- Queens Park,K3-11- Ruyterwacht,08/08/26,Sat,10:40,Saxon Rovers,Maitland B,2,1,,Y,,
44280413,CTTLFA 2026,,U/16 Division Four Knockout 2026,,K4-02- Cape Town Spurs B,K4-04- FN Rangers B,08/08/26,Sat,10:40,Kensington,14 Avenue A,2,1,,Y,,
44522142,CTTLFA 2026,,U/16 Division Four Knockout 2026,,K4-03- De Beers B.,K4-11- Wynberg St Johns B.,08/08/26,Sat,10:40,Kensington,14 Avenue B,,,Postponed,,,
44280441,CTTLFA 2026,,U/16 Division Five Knockout 2026,,K5-03- Clyde Pinelands B,K5-11- Sunningdale City B,08/08/26,Sat,10:40,Saxon Rovers,Maitland C,3,0,,Y,,
44280418,CTTLFA 2026,,U/16 Division Five Knockout 2026,,K5-04- Durbanville B.,K5-05- Edgemead G/W B.,08/08/26,Sat,10:40,Saxon Rovers,Maitland D,1,1,,Y,,
44280442,CTTLFA 2026,,U/16 Division Six Knockout 2026,,K6-06- Meadowridge C,K6-03- Brooklyn Superstars,08/08/26,Sat,10:40,Bothasig,Abe Sher C,0,1,,Y,,
44280986,CTTLFA 2026,,U/16 Division Six Knockout 2026,,K6-11- Kensington B,K6-04- Holy Cross B,08/08/26,Sat,10:40,Bothasig,Abe Sher D,1,0,,Y,,
44280425,CTTLFA 2026,,U/14 Division Six Knockout 2026,,M6-06- FC Kapstadt B,M6-09- JMI,08/08/26,Sat,10:40,Goodwood,Hamilton Road B,3,2,,Y,,
44285007,CTTLFA 2026,,U/14 Division Seven Knockout 2026,,M7-05- Rygersdal C,M7-01- Bothasig C,08/08/26,Sat,10:40,Saxon Rovers,Maitland E,2,4,,Y,,
43256729,CTTLFA 2026,K1 - Under 16 Premier One,,,K1-09- Norway Parks,K1-13- Wynberg St Johns,08/08/26,Sat,10:50,Norway Parks,Royal Road A,2,0,,Y,,
44284768,CTTLFA 2026,,U/16 Girls Premier Knockout 2026,,K7-04- Camps Bay,K7-06- Fish Hoek,08/08/26,Sat,12:00,Bellville City,PP Smit Stadium A,5,0,,Y,,
44555268,CTTLFA 2026,,U/16 Girls Premier Knockout 2026,,K7-10- Rygersdal,K7-14- Nova Generation,08/08/26,Sat,12:00,Bellville City,PP Smit Stadium B,5,1,,Y,,
44508345,CTTLFA 2026,,U/18 Premier One Knockout 2026,,I1-08- Northpine United,I1-05- FN Rangers,08/08/26,Sat,12:15,De Beers,Somerset West A,2,0,,Y,,
44280371,CTTLFA 2026,,U/18 Premier One Knockout 2026,,I1-11- Table View,I1-12- CR Vasco Da Gama,08/08/26,Sat,12:15,De Beers,Somerset West B,2,2,,Y,,
44281002,CTTLFA 2026,,U/18 Premier Two Knockout 2026,,I2-02- Durbanville,I2-05- Kensington,08/08/26,Sat,12:15,Hanover Park,Hanover Park A,2,0,,Y,,
44280416,CTTLFA 2026,,U/18 Premier Two Knockout 2026,,I2-09- Shosholoza,I2-04- Fish Hoek,08/08/26,Sat,12:15,Hanover Park,Hanover Park B,4,1,,Y,,
43975328,CTTLFA 2026,,U/18 Premier Three Knockout 2026,,I3-04- Chelsea Bridgetown,I3-08- Green Point Salesians,08/08/26,Sat,12:15,Saxon Rovers,Maitland A,0,2,,Y,,
43984713,CTTLFA 2026,,U/18 Premier Three B Knockout 2026,,I3-05- Garden Village,I3-15- Mutual FC,08/08/26,Sat,12:15,Goodwood,Hamilton Road A,3,0,,Y,,
43998434,CTTLFA 2026,,U/18 Premier Three Knockout 2026,,I3-11- Ruyterwacht,I3-17- Queens Park,08/08/26,Sat,12:15,Saxon Rovers,Maitland B,2,0,,Y,,
43987725,CTTLFA 2026,,U/18 Premier Three B Knockout 2026,,I3-14- YSD Macassar,I3-13- West End United,08/08/26,Sat,12:15,De Beers,Somerset West D,1,3,,Y,,
44285017,CTTLFA 2026,,U/18 Division Four Knockout 2026,,I4-04- Northpine United B,I4-02- Cape Town Spurs B,08/08/26,Sat,12:15,Kensington,14 Avenue A,0,2,,Y,,
44280998,CTTLFA 2026,,U/18 Division Four Knockout 2026,,I4-05- Norway Parks B,I4-09- CR Vasco Da Gama B,08/08/26,Sat,12:15,Kensington,14 Avenue B,1,1,,Y,,
44281001,CTTLFA 2026,,U/18 Division Five Knockout 2026,,I5-03- Durbanville B.,I5-02- Clyde Pinelands B,08/08/26,Sat,12:15,Saxon Rovers,Maitland E,2,1,,Y,,
44285348,CTTLFA 2026,,U/18 Division Five Knockout 2026,,I5-06- JMI,I5-07- Meadowridge B.,08/08/26,Sat,12:15,Goodwood,Hamilton Road B,0,4,,Y,,
44285006,CTTLFA 2026,,U/16 Division Seven Knockout 2026,,K8-06- Northpine United C,K8-07- Rygersdal C,08/08/26,Sat,12:15,Bothasig,Abe Sher C,4,2,,Y,,
44281003,CTTLFA 2026,,U/16 Division Seven Knockout 2026,,K8-09- YMO FC,K8-03- Edgemead G/W C,08/08/26,Sat,12:15,Bothasig,Abe Sher D,7,0,,Y,,
43275125,CTTLFA 2026,I4 - Under 18 Division Four,,,I4-06- Rygersdal B.,I4-08- Table View B,08/08/26,Sat,12:30,Rygersdal,Zwaanswyk High School,2,3,,Y,,
43575482,CTTLFA 2026,D2 - 4th Division,,,D2-02- Bothasig,D2-07- Rygersdal,08/08/26,Sat,14:00,Bothasig,Abe Sher B,2,4,,Y,,
43575483,CTTLFA 2026,D2 - 4th Division,,,D2-05- Norway Parks,D2-04- Fish Hoek,08/08/26,Sat,14:00,Norway Parks,Royal Road D,6,2,,Y,,
43575484,CTTLFA 2026,D2 - 4th Division,,,D2-11- Shosholoza FC,D2-10- Wynberg St Johns,08/08/26,Sat,14:00,Pelican Heights Sports Ground,Pelican A,0,3,,Y,,
43575486,CTTLFA 2026,D2 - 4th Division,,,D2-12- Kensington,D2-06- Ruyterwacht,08/08/26,Sat,14:00,Kensington,14 Avenue A,3,0,Home Walkover,Y,,
43575322,CTTLFA 2026,D3 - 5th Division,,,D3-11- Hanover Park,D3-10- C.R. Vasco Da Gama,08/08/26,Sat,14:00,Hanover Park,Hanover Park A,3,4,,Y,,
43575617,CTTLFA 2026,D4 - 6th Division,,,D4-02- Clyde Pinelands,D4-03- De Beers,08/08/26,Sat,14:00,Clyde Pinelands,Ringwood Drive B,0,3,,Y,,
43262549,CTTLFA 2026,F1 - Vets 040 A,,,F1-02- Edgemead G/W,F1-03- Fish Hoek,08/08/26,Sat,14:00,Edgemead G/W,Edgemead C,3,0,,Y,,
43256349,CTTLFA 2026,B2 - First Reserve,,,FR-02- Bothasig,FR-10- Ruyterwacht,08/08/26,Sat,14:00,Bothasig,Abe Sher A,1,1,,Y,,
43256350,CTTLFA 2026,B2 - First Reserve,,,FR-04- Garden Village,FR-09- Northpine United,08/08/26,Sat,14:00,Garden Village,Alexander Road,3,2,,Y,,
43256351,CTTLFA 2026,B2 - First Reserve,,,FR-05- JMI,FR-07- Kuilsriver,08/08/26,Sat,14:00,Norway Parks,Royal Road E,0,5,,Y,,
43256352,CTTLFA 2026,B2 - First Reserve,,,FR-08- Meadowridge,FR-01- Bellville City FC,08/08/26,Sat,14:00,Meadowridge,Meadowridge A,2,1,,Y,,
43256353,CTTLFA 2026,B2 - First Reserve,,,FR-11- Stephanian Ottery,FR-06- Kensington,08/08/26,Sat,14:00,Stephanian Ottery,Stephanian Ottery A,2,1,,Y,,
43256354,CTTLFA 2026,B2 - First Reserve,,,FR-12- Sunningdale City,FR-13- Tramway,08/08/26,Sat,14:00,Sunningdale City,Sunningdale A,4,1,,Y,,
43806435,CTTLFA 2026,G1 - Vets 045 A,,,G1-03- FN Rangers,G1-04- Hanover Park,08/08/26,Sat,14:00,FN Rangers,FNB Stadium B,0,3,,Y,,
43806432,CTTLFA 2026,G1 - Vets 045 A,,,G1-06- Saxon Rovers,G1-02-Edgemead G/W,08/08/26,Sat,14:00,Saxon Rovers,Maitland A,0,2,,Y,,
43262949,CTTLFA 2026,G4 - Vets 050 A,,,G4-03- FN Rangers,G4-04- Hanover Park,08/08/26,Sat,14:00,FN Rangers,FNB Stadium C,1,5,,Y,,
43262861,CTTLFA 2026,G5 - Vets 050 B,,,G5-09- Meadowridge,G5-07- Hanover Park B,08/08/26,Sat,14:00,Meadowridge,Meadowridge B,0,1,,Y,,
43262865,CTTLFA 2026,G5 - Vets 050 B,,,G5-10- West End United B,G5-05- Everton United,08/08/26,Sat,14:00,West End United,West End Park A,1,1,,Y,,
43575137,CTTLFA 2026,G6 - Vets O50 C,,,G6-10- Saxon Rovers,G6-02- Hanover Park C,08/08/26,Sat,14:00,Saxon Rovers,Maitland B,0,3,,Y,,
43256171,CTTLFA 2026,A2 - Premier Reserve,,,PR-02- Edgemead G/W,PR-04- FN Rangers,08/08/26,Sat,14:00,Edgemead G/W,Edgemead A,3,0,,Y,,
43256172,CTTLFA 2026,A2 - Premier Reserve,,,PR-05- Green Point Salesians,PR-14- Wynberg St Johns,08/08/26,Sat,14:00,Green Point,Green Point A,2,0,,Y,,
43256174,CTTLFA 2026,A2 - Premier Reserve,,,PR-09- Rygersdal,PR-07- Holy Cross,08/08/26,Sat,14:00,Norway Parks,Royal Road A,0,2,,Y,,
43256175,CTTLFA 2026,A2 - Premier Reserve,,,PR-11- Table View,PR-10- Saxon Rovers,08/08/26,Sat,14:00,Table View,Table View A,3,3,,Y,,
43256176,CTTLFA 2026,A2 - Premier Reserve,,,PR-12- UCT,PR-01- Durbanville,08/08/26,Sat,14:00,U C T,U C T,0,1,,Y,,
43256551,CTTLFA 2026,C2 - Second Reserve,,,SR-01- Avendale Athletico,SR-14- West End United,08/08/26,Sat,14:00,Avendale Athletico,Field Crescent A,3,1,,Y,,
43256558,CTTLFA 2026,C2 - Second Reserve,,,SR-03- Camps Bay,SR-16- YSD Macassar,08/08/26,Sat,14:00,Camps Bay,Camps Bay A,3,2,,Y,,
43256553,CTTLFA 2026,C2 - Second Reserve,,,SR-04- Chelsea Bridgetown,SR-08- Bye,08/08/26,Sat,14:00,Chelsea,Hickory Road A,0,0,,Y,,
43256555,CTTLFA 2026,C2 - Second Reserve,,,SR-07- FC Kapstadt,SR-06- De Beers,08/08/26,Sat,14:00,Bye,#1,0,3,,Y,,
43256556,CTTLFA 2026,C2 - Second Reserve,,,SR-10- Hellenic,SR-09- Goodwood United,08/08/26,Sat,14:00,Hellenic,Tygerhof Sports Complex A,0,3,,Y,,
43256557,CTTLFA 2026,C2 - Second Reserve,,,SR-13- Varsity College,SR-12- Queens Park,08/08/26,Sat,14:00,Avenue De Mist,Ave De Mist - A,0,3,,Y,,
43256438,CTTLFA 2026,C2 - Second Reserve,,,SR-15- Young Bafana,SR-05- Clyde Pinelands,08/08/26,Sat,14:00,Young Bafana,YB Arena A,0,1,,Y,,
43575138,CTTLFA 2026,G6 - Vets O50 C,,,G6-09- YMO FC,G6-05- Table View,08/08/26,Sat,15:00,YMO FC,Upper Cambridge A,5,0,,Y,,
43575619,CTTLFA 2026,D4 - 6th Division,,,D4-07- Rygersdal,D4-04- Holy Cross,08/08/26,Sat,15:30,Rygersdal,Allenby Drive Sports Complex,3,4,,Y,,
43575615,CTTLFA 2026,D4 - 6th Division,,,D4-08- Bothasig,D4-06- Bye,08/08/26,Sat,15:30,Bothasig,Abe Sher D,0,0,,Y,,
43575614,CTTLFA 2026,D4 - 6th Division,,,D4-12- Lansdowne,D4-11- Edgemead G/W,08/08/26,Sat,15:30,Lansdowne,Chukker Road B,6,1,,Y,,
43806431,CTTLFA 2026,G1 - Vets 045 A,,,G1-05- Meadowridge,G1-12- Table View,08/08/26,Sat,15:30,Meadowridge,Meadowridge B,2,9,,Y,,
43575326,CTTLFA 2026,D1 - 3rd Division,,,D1-02- Bothasig,D1-06- Green Point Salesians,08/08/26,Sat,15:45,Bothasig,Abe Sher B,3,1,,Y,,
43575324,CTTLFA 2026,D1 - 3rd Division,,,D1-03- Durbanville,D1-11- Shosholoza FC,08/08/26,Sat,15:45,Durbanville,Klazinga Park B,3,1,,Y,,
43575328,CTTLFA 2026,D1 - 3rd Division,,,D1-04- Edgemead G/W,D1-10- Wynberg St Johns,08/08/26,Sat,15:45,Edgemead G/W,Edgemead D,3,0,,Y,,
43575325,CTTLFA 2026,D1 - 3rd Division,,,D1-08- Table View,D1-01- Bellville City FC,08/08/26,Sat,15:45,Table View,Table View B,5,0,,Y,,
43575323,CTTLFA 2026,D1 - 3rd Division,,,D1-09- C.R. Vasco Da Gama,D1-07- Saxon Rovers,08/08/26,Sat,15:45,Vasco da Gama,Da Gama Park B,1,0,,Y,,
43575485,CTTLFA 2026,D2 - 4th Division,,,D2-08- Table View,D2-09- C.R. Vasco Da Gama,08/08/26,Sat,15:45,Table View,Table View C,1,4,,Y,,
43575321,CTTLFA 2026,D3 - 5th Division,,,D3-01- Bothasig,D3-08- Table View,08/08/26,Sat,15:45,Bothasig,Abe Sher C,1,6,,Y,,
43575327,CTTLFA 2026,D3 - 5th Division,,,D3-02- Clyde Pinelands,D3-03- Durbanville,08/08/26,Sat,15:45,Clyde Pinelands,Ringwood Drive B,11,1,,Y,,
43575975,CTTLFA 2026,E1- Vets 035,,,E1-04-FN Rangers,E1-11- C.R. Vasco Da Gama,08/08/26,Sat,15:45,FN Rangers,FNB Stadium B,1,1,,Y,,
43575976,CTTLFA 2026,E1- Vets 035,,,E1-06- Hanover Park,E1-03- Clyde Pinelands,08/08/26,Sat,15:45,Hanover Park,Hanover Park A,3,0,,Y,,
43575979,CTTLFA 2026,E1- Vets 035,,,E1-08- Ruyterwacht,E1-01- Avendale Athletico,08/08/26,Sat,15:45,Ruyterwacht,Stan Abbott,2,1,,Y,,
43575978,CTTLFA 2026,E1- Vets 035,,,E1-09- Bye,E1-05- Goodwood United,08/08/26,Sat,15:45,Bye,#1,0,0,,Y,,
43575864,CTTLFA 2026,E2- Vets 035 B,,,E2-06- FN Rangers B,E2-07- Meadowridge,08/08/26,Sat,15:45,FN Rangers,FNB Stadium C,1,0,,Y,,
43575865,CTTLFA 2026,E2- Vets 035 B,,,E2-13- Cape Town Spurs,E2-08- Everton United,08/08/26,Sat,15:45,Cape Town Spurs,Ikamva A,5,4,,Y,,
43575749,CTTLFA 2026,F2 - Vets 040 B,,,F2-04- Goodwood United,F2-10- Jamestown United,08/08/26,Sat,15:45,Goodwood,Hamilton Road B,2,2,,Y,,
42990267,CTTLFA 2026,B1 - First Division,,,FD-02- Bothasig,FD-10- Ruyterwacht,08/08/26,Sat,15:45,Bothasig,Abe Sher A,2,0,,Y,,
42990270,CTTLFA 2026,B1 - First Division,,,FD-05- JMI,FD-07- Kuilsriver,08/08/26,Sat,15:45,Norway Parks,Royal Road E,5,2,,Y,,
42990272,CTTLFA 2026,B1 - First Division,,,FD-08- Meadowridge,FD-01- Bellville City FC,08/08/26,Sat,15:45,Meadowridge,Meadowridge A,2,1,,Y,,
42990269,CTTLFA 2026,B1 - First Division,,,FD-11- Stephanian Ottery,FD-06- Kensington,08/08/26,Sat,15:45,Stephanian Ottery,Stephanian Ottery A,1,0,,Y,,
42990268,CTTLFA 2026,B1 - First Division,,,FD-12- Sunningdale City,FD-13- Tramway,08/08/26,Sat,15:45,Sunningdale City,Sunningdale A,3,2,,Y,,
42996988,CTTLFA 2026,A1 - Premier Division,,,PD-02- Edgemead G/W,PD-04- FN Rangers,08/08/26,Sat,15:45,Edgemead G/W,Edgemead A,3,1,,Y,,
42996989,CTTLFA 2026,A1 - Premier Division,,,PD-05- Green Point Salesians,PD-14- Wynberg St Johns,08/08/26,Sat,15:45,Green Point,Green Point A,0,3,,Y,,
42996986,CTTLFA 2026,A1 - Premier Division,,,PD-09- Rygersdal,PD-07- Holy Cross,08/08/26,Sat,15:45,Norway Parks,Royal Road A,4,3,,Y,,
42996990,CTTLFA 2026,A1 - Premier Division,,,PD-11- Table View,PD-10- Saxon Rovers,08/08/26,Sat,15:45,Table View,Table View A,0,0,,Y,,
42996985,CTTLFA 2026,A1 - Premier Division,,,PD-12- UCT,PD-01- Durbanville,08/08/26,Sat,15:45,U C T,U C T,3,4,,Y,,
43206618,CTTLFA 2026,C1 - Second Division,,,SD-01- Avendale Athletico,SD-14- West End United,08/08/26,Sat,15:45,Avendale Athletico,Field Crescent A,1,2,,Y,,
43206614,CTTLFA 2026,C1 - Second Division,,,SD-03- Camps Bay,SD-16- YSD Macassar,08/08/26,Sat,15:45,Camps Bay,Camps Bay A,5,5,,Y,,
43206612,CTTLFA 2026,C1 - Second Division,,,SD-04- Chelsea Bridgetown,SD-08- Bye,08/08/26,Sat,15:45,Chelsea,Hickory Road A,0,0,,Y,,
43206615,CTTLFA 2026,C1 - Second Division,,,SD-07- FC Kapstadt,SD-06- De Beers,08/08/26,Sat,15:45,Bye,#1,0,3,,Y,,
43206617,CTTLFA 2026,C1 - Second Division,,,SD-10- Hellenic,SD-09- Goodwood United,08/08/26,Sat,15:45,Hellenic,Tygerhof Sports Complex A,0,3,,Y,,
43206616,CTTLFA 2026,C1 - Second Division,,,SD-13- Varsity College,SD-12- Queens Park,08/08/26,Sat,15:45,Avenue De Mist,Ave De Mist - A,1,4,,Y,,
43206493,CTTLFA 2026,C1 - Second Division,,,SD-15- Young Bafana,SD-05- Clyde Pinelands,08/08/26,Sat,15:45,Young Bafana,YB Arena A,2,2,,Y,,
43257051,CTTLFA 2026,O1 - Under 12 Premier One,,,O1-05- FN Rangers,O1-04- FC Kapstadt,10/08/26,Mon,08:15,FN Rangers,FNB Stadium A,2,3,,Y,,
43257052,CTTLFA 2026,O1 - Under 12 Premier One,,,O1-08- Northpine United,O1-06- Hanover Park,10/08/26,Mon,08:15,Northpine United,Central Park A,3,0,,Y,,
43257053,CTTLFA 2026,O1 - Under 12 Premier One,,,O1-09- Norway Parks,O1-07- Hellenic,10/08/26,Mon,08:15,Norway Parks,Royal Road A,0,3,,Y,,
43257054,CTTLFA 2026,O1 - Under 12 Premier One,,,O1-10- Rygersdal,O1-13- Wynberg St Johns,10/08/26,Mon,08:15,Rygersdal,Zwaanswyk High School,6,0,,Y,,
43257055,CTTLFA 2026,O1 - Under 12 Premier One,,,O1-11- Table View,O1-02- Cape Town Spurs,10/08/26,Mon,08:15,Table View,Table View A,0,0,,Y,,
43257461,CTTLFA 2026,O2 - Under 12 Premier Two,,,O2-01- Clyde Pinelands,O2-05- Kensington,10/08/26,Mon,08:15,Clyde Pinelands,Ringwood Drive A,0,0,,Y,,
43257464,CTTLFA 2026,O2 - Under 12 Premier Two,,,O2-08- Saxon Rovers,O2-04- Fish Hoek,10/08/26,Mon,08:15,Saxon Rovers,Maitland A,2,1,,Y,,
43257399,CTTLFA 2026,O2 - Under 12 Premier Two,,,O2-09- Shosholoza,O2-06- Kuilsriver,10/08/26,Mon,08:15,Pelican Heights Sports Ground,Pelican A,2,1,,Y,,
43274307,CTTLFA 2026,O4 - Under 12 Division Four,,,O4-04- FN Rangers B,O4-09- Table View B,10/08/26,Mon,08:15,FN Rangers,FNB Stadium B,6,2,,Y,,
43256895,CTTLFA 2026,M1 - Under 14 Premier One,,,M1-05- FN Rangers,M1-04- FC Kapstadt,10/08/26,Mon,09:30,FN Rangers,FNB Stadium A,1,0,,Y,,
43256896,CTTLFA 2026,M1 - Under 14 Premier One,,,M1-08- Northpine United,M1-06- Hanover Park,10/08/26,Mon,09:30,Northpine United,Central Park A,2,1,,Y,,
43256897,CTTLFA 2026,M1 - Under 14 Premier One,,,M1-09- Norway Parks,M1-07- Hellenic,10/08/26,Mon,09:30,Norway Parks,Royal Road A,2,0,,Y,,
43256898,CTTLFA 2026,M1 - Under 14 Premier One,,,M1-10- Rygersdal,M1-13- Wynberg St Johns,10/08/26,Mon,09:30,Rygersdal,Zwaanswyk High School,1,1,,Y,,
43256899,CTTLFA 2026,M1 - Under 14 Premier One,,,M1-11- Table View,M1-02- Cape Town Spurs,10/08/26,Mon,09:30,Table View,Table View A,0,3,,Y,,
43256900,CTTLFA 2026,M1 - Under 14 Premier One,,,M1-12- CR Vasco Da Gama,M1-03- De Beers,10/08/26,Mon,09:30,Vasco da Gama,Da Gama Park A,2,1,,Y,,
43257329,CTTLFA 2026,M2 - Under 14 Premier Two,,,M2-01- Clyde Pinelands,M2-05- Kensington,10/08/26,Mon,09:30,Clyde Pinelands,Ringwood Drive A,2,3,,Y,,
43257332,CTTLFA 2026,M2 - Under 14 Premier Two,,,M2-08- Saxon Rovers,M2-04- Fish Hoek,10/08/26,Mon,09:30,Saxon Rovers,Maitland A,1,1,,Y,,
43257267,CTTLFA 2026,M2 - Under 14 Premier Two,,,M2-09- Shosholoza,M2-06- Kuilsriver,10/08/26,Mon,09:30,Pelican Heights Sports Ground,Pelican A,4,1,,Y,,
43257334,CTTLFA 2026,M2 - Under 14 Premier Two,,,M2-11- Sunningdale City,M2-07- Meadowridge,10/08/26,Mon,09:30,Sunningdale City,Sunningdale A,5,2,,Y,,
43806170,CTTLFA 2026,M9- Under 14 Division Eight,,,M9-05- Meadowridge D,M9-09- Garlandale B,10/08/26,Mon,09:30,Meadowridge,Meadowridge A,1,3,,Y,,
43257056,CTTLFA 2026,O1 - Under 12 Premier One,,,O1-12- CR Vasco Da Gama,O1-03- De Beers,10/08/26,Mon,09:30,Vasco da Gama,Da Gama Park B,3,2,,Y,,
43574494,CTTLFA 2026,O7 - Under 12 Girls Premier One (9v9),,,O7-05- Meadowridge A,O7-01- Bellville City,10/08/26,Mon,09:30,Meadowridge,Meadowridge B,1,0,,Y,,
43256739,CTTLFA 2026,K1 - Under 16 Premier One,,,K1-05- FN Rangers,K1-04- FC Kapstadt,10/08/26,Mon,10:50,FN Rangers,FNB Stadium A,2,1,,Y,,
43256740,CTTLFA 2026,K1 - Under 16 Premier One,,,K1-08- Northpine United,K1-06- Hanover Park,10/08/26,Mon,10:50,Northpine United,Central Park A,3,0,,Y,,
43256741,CTTLFA 2026,K1 - Under 16 Premier One,,,K1-09- Norway Parks,K1-07- Hellenic,10/08/26,Mon,10:50,Norway Parks,Royal Road A,1,2,,Y,,
43256742,CTTLFA 2026,K1 - Under 16 Premier One,,,K1-10- Rygersdal,K1-13- Wynberg St Johns,10/08/26,Mon,10:50,Rygersdal,Zwaanswyk High School,1,0,,Y,,
43256743,CTTLFA 2026,K1 - Under 16 Premier One,,,K1-11- Table View,K1-02- Cape Town Spurs,10/08/26,Mon,10:50,Table View,Table View A,2,1,,Y,,
43256744,CTTLFA 2026,K1 - Under 16 Premier One,,,K1-12- CR Vasco Da Gama,K1-03- De Beers,10/08/26,Mon,10:50,Vasco da Gama,Da Gama Park B,0,1,,Y,,
43257196,CTTLFA 2026,K2 - Under 16 Premier Two,,,K2-01- Clyde Pinelands,K2-05- Kensington,10/08/26,Mon,10:50,Clyde Pinelands,Ringwood Drive A,0,0,,Y,,
43257199,CTTLFA 2026,K2 - Under 16 Premier Two,,,K2-08- Saxon Rovers,K2-04- Fish Hoek,10/08/26,Mon,10:50,Saxon Rovers,Maitland A,1,1,,Y,,
43257134,CTTLFA 2026,K2 - Under 16 Premier Two,,,K2-09- Shosholoza,K2-06- Kuilsriver,10/08/26,Mon,10:50,Pelican Heights Sports Ground,Pelican A,2,3,,Y,,
43257201,CTTLFA 2026,K2 - Under 16 Premier Two,,,K2-11- Sunningdale City,K2-07- Meadowridge,10/08/26,Mon,10:50,Sunningdale City,Sunningdale A,0,1,,Y,,
43279293,CTTLFA 2026,K4 - Under 16 Division Four,,,K4-06- Norway Parks B,K4-03- De Beers B.,10/08/26,Mon,10:50,Norway Parks,Royal Road D,5,2,,Y,,
43279414,CTTLFA 2026,K5 - Under 16 Division Five,,,K5-11- Sunningdale City B,K5-07- Goodwood United B,10/08/26,Mon,10:50,Sunningdale City,Sunningdale B,10,0,,Y,,
43805844,CTTLFA 2026,K6 - Under 16 Division Six,,,K6-03- Brooklyn Superstars,K6-02- Bothasig C,10/08/26,Mon,10:50,Bayview Sports Complex,Brooklyn Bayview Sports Complex A,2,0,,Y,,
43805842,CTTLFA 2026,K6 - Under 16 Division Six,,,K6-09- Table View C,K6-06- Meadowridge C,10/08/26,Mon,10:50,Table View,Table View C,3,0,Home Walkover,Y,,
43805836,CTTLFA 2026,K6 - Under 16 Division Six,,,K6-10- Shosholoza B,K6-11- Kensington B,10/08/26,Mon,10:50,Pelican Heights Sports Ground,Shosholoza B,2,3,,Y,,
43806914,CTTLFA 2026,K7 - Under 16 Girls Premier One,,,K7-03- Bothasig,K7-09- Bye.,10/08/26,Mon,10:50,Bothasig,Abe Sher C,0,0,,Y,,
43806911,CTTLFA 2026,K7 - Under 16 Girls Premier One,,,K7-05- Clyde Pinelands,K7-08- Meadowridge,10/08/26,Mon,10:50,Clyde Pinelands,Ringwood Drive B,0,3,Away Walkover,Y,,
43806910,CTTLFA 2026,K7 - Under 16 Girls Premier One,,,K7-06- Fish Hoek,K7-04- Camps Bay,10/08/26,Mon,10:50,Fish Hoek,Fish Hoek A,1,4,,Y,,
43806913,CTTLFA 2026,K7 - Under 16 Girls Premier One,,,K7-14- Nova Generation,K7-13- Wynberg St Johns,10/08/26,Mon,10:50,Nova Generations,Generations Sandown Institute,3,0,,Y,,
43806912,CTTLFA 2026,K7 - Under 16 Girls Premier One,,,K7-15- Norway Parks,K7-10- Rygersdal,10/08/26,Mon,10:50,Norway Parks,Royal Road B,1,3,,Y,,
43805838,CTTLFA 2026,K8- Under 16 Division Seven,,,K8-02- Durbanville C,K8-04- Fish Hoek C.,10/08/26,Mon,10:50,Durbanville,Klazinga Park C,3,0,,Y,,
43805835,CTTLFA 2026,K8- Under 16 Division Seven,,,K8-07- Rygersdal C,K8-01- Bothasig D,10/08/26,Mon,10:50,Rygersdal,Rygersdal B,3,2,,Y,,
43805840,CTTLFA 2026,K8- Under 16 Division Seven,,,K8-09- YMO FC,K8-05- Meadowridge D,10/08/26,Mon,10:50,YMO FC,Upper Cambridge A,6,1,,Y,,
43805837,CTTLFA 2026,K8- Under 16 Division Seven,,,K8-11- Bye,K8-03- Edgemead G/W C,10/08/26,Mon,10:50,Bye,#1,0,0,,Y,,
43279495,CTTLFA 2026,M5 - Under 14 Division Five,,,M5-01- Bellville City B.,M5-02- Bothasig B,10/08/26,Mon,10:50,Bellville City,PP Smit Stadium B,3,5,,Y,,
43574576,CTTLFA 2026,M8 - Under 14 Girls Premier One,,,M8-05- Meadowridge,M8-01- Bellville City,10/08/26,Mon,10:50,Meadowridge,Meadowridge A,0,3,,Y,,
43274201,CTTLFA 2026,O5 - Under 12 Division Five,,,O5-01- Bellville City B.,O5-08- Kuilsriver B.,10/08/26,Mon,10:50,Bellville City,PP Smit Stadium B,6,3,,Y,,
42989895,CTTLFA 2026,I1 - Under 18 Premier One,,,I1-05- FN Rangers,I1-04- FC Kapstadt,10/08/26,Mon,12:30,FN Rangers,FNB Stadium A,1,4,,Y,,
42989894,CTTLFA 2026,I1 - Under 18 Premier One,,,I1-09- Norway Parks,I1-07- Hellenic,10/08/26,Mon,12:30,Norway Parks,Royal Road A,1,0,,Y,,
42989898,CTTLFA 2026,I1 - Under 18 Premier One,,,I1-10- Rygersdal,I1-13- Wynberg St Johns,10/08/26,Mon,12:30,Rygersdal,Zwaanswyk High School,2,2,,Y,,
42989896,CTTLFA 2026,I1 - Under 18 Premier One,,,I1-11- Table View,I1-02- Cape Town Spurs,10/08/26,Mon,12:30,Table View,Table View A,2,0,,Y,,
42989899,CTTLFA 2026,I1 - Under 18 Premier One,,,I1-12- CR Vasco Da Gama,I1-03- De Beers,10/08/26,Mon,12:30,Vasco da Gama,Da Gama Park B,8,0,,Y,,
42990076,CTTLFA 2026,I2 - Under 18 Premier Two,,,I2-01- Clyde Pinelands,I2-05- Kensington,10/08/26,Mon,12:30,Clyde Pinelands,Ringwood Drive A,2,1,,Y,,
42990077,CTTLFA 2026,I2 - Under 18 Premier Two,,,I2-08- Saxon Rovers,I2-04- Fish Hoek,10/08/26,Mon,12:30,Saxon Rovers,Maitland A,1,2,,Y,,
42990009,CTTLFA 2026,I2 - Under 18 Premier Two,,,I2-09- Shosholoza,I2-06- Kuilsriver,10/08/26,Mon,12:30,Pelican Heights Sports Ground,Pelican A,3,1,,Y,,
42990075,CTTLFA 2026,I2 - Under 18 Premier Two,,,I2-11- Sunningdale City,I2-07- Meadowridge,10/08/26,Mon,12:30,Sunningdale City,Sunningdale A,0,0,,Y,,
43805843,CTTLFA 2026,K6 - Under 16 Division Six,,,K6-08- Sunningdale City C,K6-05- JMI,10/08/26,Mon,12:30,Sunningdale City,Sunningdale B,0,7,,Y,,
43806909,CTTLFA 2026,K7 - Under 16 Girls Premier One,,,K7-02- Bellville City,K7-01- Badgers,10/08/26,Mon,12:30,Bellville City,PP Smit Stadium A,3,0,,Y,,
43256355,CTTLFA 2026,B2 - First Reserve,,,FR-03- Brooklyn Superstars,FR-02- Bothasig,10/08/26,Mon,13:00,Bayview Sports Complex,Brooklyn Bayview Sports Complex A,1,4,,Y,,
43575745,CTTLFA 2026,F2 - Vets 040 B,,,F2-06- Kuilsriver,F2-11- Saxon Rovers,10/08/26,Mon,14:00,Serepta Sports Ground,Serepta Sports Ground B,0,0,,Y,,
43256356,CTTLFA 2026,B2 - First Reserve,,,FR-05- JMI,FR-06- Kensington,10/08/26,Mon,14:00,Norway Parks,Royal Road E,0,2,,Y,,
43256357,CTTLFA 2026,B2 - First Reserve,,,FR-07- Kuilsriver,FR-04- Garden Village,10/08/26,Mon,14:00,Serepta Sports Ground,Serepta Sports Ground A,4,1,,Y,,
43256358,CTTLFA 2026,B2 - First Reserve,,,FR-09- Northpine United,FR-08- Meadowridge,10/08/26,Mon,14:00,Northpine United,Central Park A,2,3,,Y,,
43256360,CTTLFA 2026,B2 - First Reserve,,,FR-13- Tramway,FR-11- Stephanian Ottery,10/08/26,Mon,14:00,Tramway,Groenewald Park A,3,0,,Y,,
43806439,CTTLFA 2026,G1 - Vets 045 A,,,G1-03- FN Rangers,G1-13- Stephanian Ottery,10/08/26,Mon,14:00,FN Rangers,FNB Stadium B,2,1,,Y,,
43806440,CTTLFA 2026,G1 - Vets 045 A,,,G1-04- Hanover Park,G1-06- Saxon Rovers,10/08/26,Mon,14:00,Hanover Park,Hanover Park B,3,0,,Y,,
43806438,CTTLFA 2026,G1 - Vets 045 A,,,G1-07- Tramway,G1-01- De Beers,10/08/26,Mon,14:00,Tramway,Groenewald Park B,2,1,,Y,,
43256560,CTTLFA 2026,C2 - Second Reserve,,,SR-02- Barmsley Spurs,SR-06- De Beers,10/08/26,Mon,14:00,Chelsea,Hickory Road A,0,5,,Y,,
43256559,CTTLFA 2026,C2 - Second Reserve,,,SR-03- Camps Bay,SR-13- Varsity College,10/08/26,Mon,14:00,Camps Bay,Camps Bay A,3,0,,Y,,
43256561,CTTLFA 2026,C2 - Second Reserve,,,SR-08- Bye,SR-05- Clyde Pinelands,10/08/26,Mon,14:00,Bye,#1,0,0,,Y,,
43256562,CTTLFA 2026,C2 - Second Reserve,,,SR-10- Hellenic,SR-01- Avendale Athletico,10/08/26,Mon,14:00,Hellenic,Tygerhof Sports Complex A,0,3,,Y,,
43256565,CTTLFA 2026,C2 - Second Reserve,,,SR-14- West End United,SR-16- YSD Macassar,10/08/26,Mon,14:00,West End United,West End Park A,1,4,,Y,,
42990273,CTTLFA 2026,B1 - First Division,,,FD-03- Brooklyn Superstars,FD-02- Bothasig,10/08/26,Mon,14:45,Bayview Sports Complex,Brooklyn Bayview Sports Complex A,,,Abandoned,,,
42990277,CTTLFA 2026,B1 - First Division,,,FD-05- JMI,FD-06- Kensington,10/08/26,Mon,15:45,Norway Parks,Royal Road E,2,1,,Y,,
42990274,CTTLFA 2026,B1 - First Division,,,FD-07- Kuilsriver,FD-04- Garden Village,10/08/26,Mon,15:45,Serepta Sports Ground,Serepta Sports Ground A,1,0,,Y,,
42990275,CTTLFA 2026,B1 - First Division,,,FD-09- Northpine United,FD-08- Meadowridge,10/08/26,Mon,15:45,Northpine United,Central Park A,2,2,,Y,,
42990276,CTTLFA 2026,B1 - First Division,,,FD-13- Tramway,FD-11- Stephanian Ottery,10/08/26,Mon,15:45,Tramway,Groenewald Park A,5,4,,Y,,
43575083,CTTLFA 2026,G6 - Vets O50 C,,,G6-03- West End United C,G6-10- Saxon Rovers,10/08/26,Mon,15:45,West End United,West End Park B,5,0,,Y,,
43206625,CTTLFA 2026,C1 - Second Division,,,SD-02- Barmsley Spurs,SD-06- De Beers,10/08/26,Mon,15:45,Chelsea,Hickory Road A,1,2,,Y,,
43206623,CTTLFA 2026,C1 - Second Division,,,SD-08- Bye,SD-05- Clyde Pinelands,10/08/26,Mon,15:45,Bye,#1,0,0,,Y,,
43206624,CTTLFA 2026,C1 - Second Division,,,SD-10- Hellenic,SD-01- Avendale Athletico,10/08/26,Mon,15:45,Hellenic,Tygerhof Sports Complex A,0,3,,Y,,
43206620,CTTLFA 2026,C1 - Second Division,,,SD-14- West End United,SD-16- YSD Macassar,10/08/26,Mon,15:45,West End United,West End Park A,2,1,,Y,,
43256179,CTTLFA 2026,A2 - Premier Reserve,,,PR-03- Fish Hoek,PR-11- Table View,11/08/26,Tue,19:00,Fish Hoek,Fish Hoek A,0,2,,Y,,
43256181,CTTLFA 2026,A2 - Premier Reserve,,,PR-07- Holy Cross,PR-05- Green Point Salesians,11/08/26,Tue,19:00,Holy Cross,Voortrekker Road,3,1,,Y,,
43256182,CTTLFA 2026,A2 - Premier Reserve,,,PR-08- Norway Parks,PR-13- C.R. Vasco Da Gama,11/08/26,Tue,19:00,Norway Parks,Royal Road A,1,1,,Y,,
43256183,CTTLFA 2026,A2 - Premier Reserve,,,PR-10- Saxon Rovers,PR-09- Rygersdal,11/08/26,Tue,19:00,Saxon Rovers,Maitland A,1,0,,Y,,
43256184,CTTLFA 2026,A2 - Premier Reserve,,,PR-14- Wynberg St Johns,PR-12- UCT,11/08/26,Tue,19:00,U C T,U C T,3,5,,Y,,
43206622,CTTLFA 2026,C1 - Second Division,,,SD-03- Camps Bay,SD-13- Varsity College,11/08/26,Tue,19:00,Camps Bay,Camps Bay A,3,2,,Y,,
43256564,CTTLFA 2026,C2 - Second Reserve,,,SR-07- FC Kapstadt,SR-12- Queens Park,11/08/26,Tue,19:00,FC Kapstadt,Hartleyvale D,0,3,,Y,,
42996996,CTTLFA 2026,A1 - Premier Division,,,PD-03- Fish Hoek,PD-11- Table View,11/08/26,Tue,20:30,Fish Hoek,Fish Hoek A,2,2,,Y,,
42996991,CTTLFA 2026,A1 - Premier Division,,,PD-08- Norway Parks,PD-13- C.R. Vasco Da Gama,11/08/26,Tue,20:30,Norway Parks,Royal Road A,2,0,,Y,,
42996994,CTTLFA 2026,A1 - Premier Division,,,PD-10- Saxon Rovers,PD-09- Rygersdal,11/08/26,Tue,20:30,Saxon Rovers,Maitland A,0,1,,Y,,
42996992,CTTLFA 2026,A1 - Premier Division,,,PD-14- Wynberg St Johns,PD-12- UCT,11/08/26,Tue,20:30,U C T,U C T,2,1,,Y,,
43206626,CTTLFA 2026,C1 - Second Division,,,SD-07- FC Kapstadt,SD-12- Queens Park,11/08/26,Tue,20:30,FC Kapstadt,Hartleyvale D,0,3,,Y,,
43317346,CTTLFA 2026,H2 - Womens First Division,,,H2-08- Saxon Rovers,H2-01- Badgers B.,12/08/26,Wed,19:00,Saxon Rovers,Maitland A,0,3,,Y,,
43256180,CTTLFA 2026,A2 - Premier Reserve,,,PR-04- FN Rangers,PR-01- Durbanville,12/08/26,Wed,19:00,Norway Parks,Royal Road D,0,3,Away Walkover,Y,,
43575618,CTTLFA 2026,D4 - 6th Division,,,D4-09- Stephanian Ottery,D4-01- Garlandale FC,12/08/26,Wed,19:30,Stephanian Ottery,Stephanian Ottery A,6,3,,Y,,
43317354,CTTLFA 2026,H2 - Womens First Division,,,H2-02- Bothasig,H2-06- Meadowridge,12/08/26,Wed,19:30,Bothasig,Abe Sher A,1,0,,Y,,
42996995,CTTLFA 2026,A1 - Premier Division,,,PD-04- FN Rangers,PD-01- Durbanville,12/08/26,Wed,19:45,Norway Parks,Royal Road D,2,3,,Y,,
43575553,CTTLFA 2026,D4 - 6th Division,,,D4-04- Holy Cross,D4-07- Rygersdal,12/08/26,Wed,20:00,Holy Cross,Voortrekker Road,1,2,,Y,,
44349532,CTTLFA 2026,,CTTLFA O/50 A Division Knock Out 2026,,G4-09- West End United A,G4-08- Tramway,13/08/26,Thu,19:00,Hanover Park,Hanover Park A,3,2,,Y,,
44555421,CTTLFA 2026,,CTTLFA O/50 C Division Knock Out 2026,,G6-04- Stephanian Ottery B,G6-03- West End United C,13/08/26,Thu,19:00,Hanover Park,Hanover Park B,2,0,,Y,,
44280982,CTTLFA 2026,,U/12 Premier Two Knockout 2026,,O2-11- Sunningdale City,O2-09- Shosholoza,13/08/26,Thu,19:30,Kensington,14 Avenue A,6,0,,Y,,
43262950,CTTLFA 2026,G4 - Vets 050 A,,,G4-01- Clyde Pinelands,G4-05- Holy Cross,13/08/26,Thu,20:00,Clyde Pinelands,Ringwood Drive A,0,4,,Y,,
44367461,CTTLFA 2026,,CTTLFA O/50 A Division Knock Out 2026,,G4-03- FN Rangers,G4-07- Stephanian Ottery,13/08/26,Thu,20:30,Hanover Park,Hanover Park A,1,4,,Y,,
44555422,CTTLFA 2026,,CTTLFA O/50 C Division Knock Out 2026,,G6-09- YMO FC,G6-06- Tramway B,13/08/26,Thu,20:30,Hanover Park,Hanover Park B,3,0,,Y,,
43574530,CTTLFA 2026,O7 - Under 12 Girls Premier One (9v9),,,O7-05- Meadowridge A,O7-09- Hout Bay,14/08/26,Fri,18:30,Meadowridge,Meadowridge B,2,0,,Y,,
44555423,CTTLFA 2026,,CTTLFA O/40 A Division Knock Out 2026,,F1-07- Rygersdal,F1-08- Stephanian Ottery,14/08/26,Fri,19:00,Hanover Park,Hanover Park A,3,2,,Y,,
44555509,CTTLFA 2026,,CTTLFA O/40 B Division Knock Out 2026,,F2-06- Kuilsriver,F2-10- Jamestown United,14/08/26,Fri,19:00,Hanover Park,Hanover Park B,5,1,,Y,,
44349408,CTTLFA 2026,,CTTLFA O/50 B Division Knock Out 2026,,G5-01- Bothasig,G5-07- Hanover Park B,14/08/26,Fri,19:00,Kensington,14 Avenue A,0,1,,Y,,
43806551,CTTLFA 2026,H1 - Womens Premier League,,,H1-04- Fish Hoek,H1-11- UCT,14/08/26,Fri,19:00,Fish Hoek,Fish Hoek A,7,0,,Y,,
43806556,CTTLFA 2026,H1 - Womens Premier League,,,H1-12- Bye.,H1-01- Badgers,14/08/26,Fri,19:00,Bye,#1,0,0,,Y,,
43317247,CTTLFA 2026,H2 - Womens First Division,,,H2-07- Norway Parks,H2-10- UCT B,14/08/26,Fri,19:00,Norway Parks,Royal Road A,0,0,,Y,,
43575736,CTTLFA 2026,F2 - Vets 040 B,,,F2-09- Wynberg St Johns,F2-02- Bothasig,14/08/26,Fri,19:30,Wynberg st Johns,Wynberg B,1,2,,Y,,
44358664,CTTLFA 2026,,CTTLFA O/40 A Division Knock Out 2026,,F1-09- Sunningdale City,F1-10- C.R. Vasco Da Gama,14/08/26,Fri,20:30,Hanover Park,Hanover Park A,0,5,,Y,,
44555420,CTTLFA 2026,,CTTLFA O/40 B Division Knock Out 2026,,F2-11- Saxon Rovers,F2-01- Avendale Athletico,14/08/26,Fri,20:30,Hanover Park,Hanover Park B,0,3,,Y,,
43806437,CTTLFA 2026,G1 - Vets 045 A,,,G1-09- Garden Village,G1-08- Bothasig,14/08/26,Fri,20:30,Garden Village,Alexander Road,1,1,,Y,,
44536798,CTTLFA 2026,,CTTLFA O/50 B Division Knock Out 2026,,G5-05- Everton United,G5-08- Lansdowne,14/08/26,Fri,20:30,Kensington,14 Avenue A,1,0,,Y,,
43257057,CTTLFA 2026,O1 - Under 12 Premier One,,,O1-01- Camps Bay,O1-09- Norway Parks,15/08/26,Sat,08:15,Camps Bay,Maidens Cove,2,6,,Y,,
43257058,CTTLFA 2026,O1 - Under 12 Premier One,,,O1-02- Cape Town Spurs,O1-10- Rygersdal,15/08/26,Sat,08:15,Cape Town Spurs,Ikamva C,1,0,,Y,,
43257059,CTTLFA 2026,O1 - Under 12 Premier One,,,O1-03- De Beers,O1-05- FN Rangers,15/08/26,Sat,08:15,De Beers,Somerset West A,0,2,,Y,,
43257060,CTTLFA 2026,O1 - Under 12 Premier One,,,O1-04- FC Kapstadt,O1-08- Northpine United,15/08/26,Sat,08:15,FC Kapstadt,Hartleyvale A,2,0,,Y,,
43257061,CTTLFA 2026,O1 - Under 12 Premier One,,,O1-07- Hellenic,O1-11- Table View,15/08/26,Sat,08:15,Hellenic,Tygerhof Sports Complex A,4,0,,Y,,
43257062,CTTLFA 2026,O1 - Under 12 Premier One,,,O1-13- Wynberg St Johns,O1-12- CR Vasco Da Gama,15/08/26,Sat,08:15,Wynberg st Johns,Wynberg A,0,3,,Y,,
43257467,CTTLFA 2026,O2 - Under 12 Premier Two,,,O2-02- Durbanville,O2-05- Kensington,15/08/26,Sat,08:15,Durbanville,Klazinga Park A,3,1,,Y,,
43257468,CTTLFA 2026,O2 - Under 12 Premier Two,,,O2-04- Fish Hoek,O2-01- Clyde Pinelands,15/08/26,Sat,08:15,Fish Hoek,Fish Hoek A,4,1,,Y,,
43257469,CTTLFA 2026,O2 - Under 12 Premier Two,,,O2-07- Meadowridge,O2-03- Edgemead G/W,15/08/26,Sat,08:15,Meadowridge,Meadowridge A,3,0,,Y,,
43257470,CTTLFA 2026,O2 - Under 12 Premier Two,,,O2-09- Shosholoza,O2-11- Sunningdale City,15/08/26,Sat,08:15,Pelican Heights Sports Ground,Pelican A,0,6,,Y,,
43257471,CTTLFA 2026,O2 - Under 12 Premier Two,,,O2-10- Stephanian Ottery,O2-06- Kuilsriver,15/08/26,Sat,08:15,Stephanian Ottery,Stephanian Ottery A,3,3,,Y,,
43257472,CTTLFA 2026,O2 - Under 12 Premier Two,,,O2-12- Young Bafana,O2-08- Saxon Rovers,15/08/26,Sat,08:15,Young Bafana,YB Arena A,1,1,,Y,,
43805348,CTTLFA 2026,O3 - Under 12 Premier Three,,,O3-01- Avendale Athletico,O3-04- Chelsea Bridgetown,15/08/26,Sat,08:15,Avendale Athletico,Field Crescent A,0,4,,Y,,
43805349,CTTLFA 2026,O3 - Under 12 Premier Three,,,O3-08- Green Point Salesians,O3-11- Ruyterwacht,15/08/26,Sat,08:15,Green Point,Green Point A,2,0,,Y,,
43805350,CTTLFA 2026,O3 - Under 12 Premier Three,,,O3-16- Garlandale,O3-07- Grass Boots,15/08/26,Sat,08:15,Garlandale,Garlandale A,2,7,,Y,,
44523734,CTTLFA 2026,O3G - Under 12 Premier 3 A&B,,,O3G-02- Bellville City,O3G-03- Bothasig,15/08/26,Sat,08:15,Bellville City,PP Smit Stadium C,3,3,,Y,,
44523735,CTTLFA 2026,O3G - Under 12 Premier 3 A&B,,,O3G-07- Goodwood United,O3G-12- Queens Park,15/08/26,Sat,08:15,Goodwood,Hamilton Road A,4,1,,Y,,
44523736,CTTLFA 2026,O3G - Under 12 Premier 3 A&B,,,O3G-10- Holy Cross,O3G-05- Garden Village,15/08/26,Sat,08:15,Garden Village,Alexander Road,,,Cancelled,,,
43274336,CTTLFA 2026,O4 - Under 12 Division Four,,,O4-01- Camps Bay B.,O4-08- Saxon Rovers B,15/08/26,Sat,08:15,Camps Bay,Camps Bay A,1,1,,Y,,
43274344,CTTLFA 2026,O4 - Under 12 Division Four,,,O4-02- Cape Town Spurs B,O4-10- CR Vasco Da Gama B,15/08/26,Sat,08:15,Cape Town Spurs,Ikamva D,0,5,,Y,,
43274337,CTTLFA 2026,O4 - Under 12 Division Four,,,O4-05- Northpine United B,O4-06- Norway Parks B,15/08/26,Sat,08:15,Northpine United,Central Park A,2,7,,Y,,
43274339,CTTLFA 2026,O4 - Under 12 Division Four,,,O4-07- Rygersdal B,O4-03- De Beers B.,15/08/26,Sat,08:15,Rygersdal,Zwaanswyk High School,5,1,,Y,,
43274335,CTTLFA 2026,O4 - Under 12 Division Four,,,O4-11- Wynberg St Johns B.,O4-04- FN Rangers B,15/08/26,Sat,08:15,Wynberg st Johns,Wynberg B,0,1,,Y,,
43274338,CTTLFA 2026,O5 - Under 12 Division Five,,,O5-02- Bothasig B,O5-04- Durbanville B.,15/08/26,Sat,08:15,Bothasig,Abe Sher A,2,1,,Y,,
43274341,CTTLFA 2026,O5 - Under 12 Division Five,,,O5-03- Clyde Pinelands B,O5-09- Meadowridge B.,15/08/26,Sat,08:15,Clyde Pinelands,Ringwood Drive B,0,10,,Y,,
43274343,CTTLFA 2026,O5 - Under 12 Division Five,,,O5-06- Fish Hoek B.,O5-08- Kuilsriver B.,15/08/26,Sat,08:15,Fish Hoek,Fish Hoek B,5,2,,Y,,
43274340,CTTLFA 2026,O5 - Under 12 Division Five,,,O5-07- Goodwood United B,O5-10- Stephanian Ottery B,15/08/26,Sat,08:15,Goodwood,Hamilton Road B,0,5,,Y,,
43274342,CTTLFA 2026,O5 - Under 12 Division Five,,,O5-11- Sunningdale City B,O5-01- Bellville City B.,15/08/26,Sat,08:15,Sunningdale City,Sunningdale A,3,1,,Y,,
43331141,CTTLFA 2026,O6 - Under 12 Division Six,,,O6-02- Brooklyn Superstars,O6-05- Fish Hoek C,15/08/26,Sat,08:15,Bayview Sports Complex,Brooklyn Bayview Sports Complex A,9,0,,Y,,
43331108,CTTLFA 2026,O6 - Under 12 Division Six,,,O6-06- Grass Boots B,O6-04- FC Kapstadt B,15/08/26,Sat,08:15,Grass Boots,"Van Riebeeck Park, Sidmouth Road B",1,12,,Y,,
43331144,CTTLFA 2026,O6 - Under 12 Division Six,,,O6-07- Meadowridge C,O6-01- Bothasig C,15/08/26,Sat,08:15,Meadowridge,Meadowridge A,1,2,,Y,,
43331143,CTTLFA 2026,O6 - Under 12 Division Six,,,O6-08- Stephanian Ottery C,O6-09- Holy Cross B,15/08/26,Sat,08:15,Stephanian Ottery,Stephanian Ottery B,0,5,,Y,,
43574529,CTTLFA 2026,O7 - Under 12 Girls Premier One (9v9),,,O7-02- Bothasig,O7-03- Fish Hoek.,15/08/26,Sat,08:15,Bothasig,Abe Sher D,1,1,,Y,,
43574528,CTTLFA 2026,O7 - Under 12 Girls Premier One (9v9),,,O7-04- Bye,O7-01- Bellville City,15/08/26,Sat,08:15,Bye,#1,0,0,,Y,,
43574531,CTTLFA 2026,O7 - Under 12 Girls Premier One (9v9),,,O7-08- Wynberg St Johns,O7-06- Meadowridge B,15/08/26,Sat,08:15,Wynberg st Johns,Wynberg C,3,2,,Y,,
43806106,CTTLFA 2026,O8- Under 12 Division Seven,,,O8-01- Tramway,O8-08- Wynberg St Johns C,15/08/26,Sat,08:15,Tramway,Groenewald Park A,13,0,,Y,,
43806051,CTTLFA 2026,O8- Under 12 Division Seven,,,O8-05- Norway Parks C,O8-03- Mutual B,15/08/26,Sat,08:15,Norway Parks,Royal Road B,1,5,,Y,,
43806108,CTTLFA 2026,O8- Under 12 Division Seven,,,O8-06- Rygersdal C,O8-10- Garlandale B,15/08/26,Sat,08:15,Garlandale,Garlandale B,3,2,,Y,,
43806107,CTTLFA 2026,O8- Under 12 Division Seven,,,O8-07- Tramway B,O8-04- Meadowridge D,15/08/26,Sat,08:15,Tramway,Groenewald Park B,4,1,,Y,,
44523737,CTTLFA 2026,O3G - Under 12 Premier 3 A&B,,,O3G-11- Mutual FC,O3G-14- West End United,15/08/26,Sat,09:00,West End United,West End Park A,3,2,,Y,,
43256901,CTTLFA 2026,M1 - Under 14 Premier One,,,M1-01- Camps Bay,M1-09- Norway Parks,15/08/26,Sat,09:30,Camps Bay,Maidens Cove,1,2,,Y,,
43256902,CTTLFA 2026,M1 - Under 14 Premier One,,,M1-02- Cape Town Spurs,M1-10- Rygersdal,15/08/26,Sat,09:30,Cape Town Spurs,Ikamva A,7,3,,Y,,
43256903,CTTLFA 2026,M1 - Under 14 Premier One,,,M1-03- De Beers,M1-05- FN Rangers,15/08/26,Sat,09:30,De Beers,Somerset West A,1,3,,Y,,
43256904,CTTLFA 2026,M1 - Under 14 Premier One,,,M1-04- FC Kapstadt,M1-08- Northpine United,15/08/26,Sat,09:30,FC Kapstadt,Hartleyvale A,1,1,,Y,,
43256905,CTTLFA 2026,M1 - Under 14 Premier One,,,M1-07- Hellenic,M1-11- Table View,15/08/26,Sat,09:30,Hellenic,Tygerhof Sports Complex A,2,2,,Y,,
43256906,CTTLFA 2026,M1 - Under 14 Premier One,,,M1-13- Wynberg St Johns,M1-12- CR Vasco Da Gama,15/08/26,Sat,09:30,Wynberg st Johns,Wynberg A,2,0,,Y,,
43257335,CTTLFA 2026,M2 - Under 14 Premier Two,,,M2-02- Durbanville,M2-05- Kensington,15/08/26,Sat,09:30,Durbanville,Klazinga Park A,2,0,,Y,,
43257336,CTTLFA 2026,M2 - Under 14 Premier Two,,,M2-04- Fish Hoek,M2-01- Clyde Pinelands,15/08/26,Sat,09:30,Fish Hoek,Fish Hoek A,2,1,,Y,,
43257337,CTTLFA 2026,M2 - Under 14 Premier Two,,,M2-07- Meadowridge,M2-03- Edgemead G/W,15/08/26,Sat,09:30,Meadowridge,Meadowridge A,3,4,,Y,,
43257338,CTTLFA 2026,M2 - Under 14 Premier Two,,,M2-09- Shosholoza,M2-11- Sunningdale City,15/08/26,Sat,09:30,Pelican Heights Sports Ground,Pelican A,2,2,,Y,,
43257339,CTTLFA 2026,M2 - Under 14 Premier Two,,,M2-10- Stephanian Ottery,M2-06- Kuilsriver,15/08/26,Sat,09:30,Stephanian Ottery,Stephanian Ottery A,0,3,,Y,,
43257340,CTTLFA 2026,M2 - Under 14 Premier Two,,,M2-12- Young Bafana,M2-08- Saxon Rovers,15/08/26,Sat,09:30,Young Bafana,YB Arena A,3,1,,Y,,
43805615,CTTLFA 2026,M3 - Under 14 Premier Three,,,M3-01- Avendale Athletico,M3-04- Chelsea Bridgetown,15/08/26,Sat,09:30,Avendale Athletico,Field Crescent A,3,2,,Y,,
43805616,CTTLFA 2026,M3 - Under 14 Premier Three,,,M3-08- Green Point Salesians,M3-11- Ruyterwacht,15/08/26,Sat,09:30,Green Point,Green Point A,2,0,,Y,,
43805617,CTTLFA 2026,M3 - Under 14 Premier Three,,,M3-16- Garlandale,M3-07- Grass Boots,15/08/26,Sat,09:30,Garlandale,Garlandale A,2,1,,Y,,
44524172,CTTLFA 2026,M3G - Under 14 Premier 3 A&B,,,M3G-02- Bellville City,M3G-03- Bothasig,15/08/26,Sat,09:30,Bellville City,PP Smit Stadium A,6,0,,Y,,
44524173,CTTLFA 2026,M3G - Under 14 Premier 3 A&B,,,M3G-07- Goodwood United,M3G-12- Queens Park,15/08/26,Sat,09:30,Goodwood,Hamilton Road A,1,3,,Y,,
44524174,CTTLFA 2026,M3G - Under 14 Premier 3 A&B,,,M3G-10- Holy Cross,M3G-05- Garden Village,15/08/26,Sat,09:30,Garden Village,Alexander Road,,,Cancelled,,,
44524175,CTTLFA 2026,M3G - Under 14 Premier 3 A&B,,,M3G-11- Mutual FC,M3G-14- West End United,15/08/26,Sat,09:30,West End United,West End Park B,1,1,,Y,,
43279203,CTTLFA 2026,M4 - Under 14 Division Four,,,M4-01- Camps Bay B.,M4-08- Saxon Rovers B.,15/08/26,Sat,09:30,Camps Bay,Camps Bay A,0,7,,Y,,
43279204,CTTLFA 2026,M4 - Under 14 Division Four,,,M4-02- Cape Town Spurs B,M4-10- CR Vasco Da Gama B,15/08/26,Sat,09:30,Cape Town Spurs,Ikamva C,2,2,,Y,,
43279205,CTTLFA 2026,M4 - Under 14 Division Four,,,M4-05- Northpine United B,M4-06- Norway Parks B,15/08/26,Sat,09:30,Northpine United,Central Park A,6,1,,Y,,
43279206,CTTLFA 2026,M4 - Under 14 Division Four,,,M4-07- Rygersdal B,M4-03- De Beers B.,15/08/26,Sat,09:30,Rygersdal,Zwaanswyk High School,3,3,,Y,,
43279207,CTTLFA 2026,M4 - Under 14 Division Four,,,M4-11- Wynberg St Johns B.,M4-04- FN Rangers B,15/08/26,Sat,09:30,Wynberg st Johns,Wynberg B,0,1,,Y,,
43279540,CTTLFA 2026,M5 - Under 14 Division Five,,,M5-02- Bothasig B,M5-04- Durbanville B.,15/08/26,Sat,09:30,Bothasig,Abe Sher A,2,0,,Y,,
43279541,CTTLFA 2026,M5 - Under 14 Division Five,,,M5-03- Clyde Pinelands B,M5-09- Meadowridge B.,15/08/26,Sat,09:30,Clyde Pinelands,Ringwood Drive B,3,2,,Y,,
43279542,CTTLFA 2026,M5 - Under 14 Division Five,,,M5-06- Fish Hoek B.,M5-08- Kuilsriver B.,15/08/26,Sat,09:30,Fish Hoek,Fish Hoek B,2,4,,Y,,
43279543,CTTLFA 2026,M5 - Under 14 Division Five,,,M5-07- Goodwood United B,M5-10- Stephanian Ottery B,15/08/26,Sat,09:30,Goodwood,Hamilton Road B,8,1,,Y,,
43279544,CTTLFA 2026,M5 - Under 14 Division Five,,,M5-11- Sunningdale City B,M5-01- Bellville City B.,15/08/26,Sat,09:30,Sunningdale City,Sunningdale A,4,1,,Y,,
43272899,CTTLFA 2026,M6 - Under 14 Division Six,,,M6-05- Edgemead G/W C,M6-02- Brooklyn Superstars,15/08/26,Sat,09:30,Edgemead G/W,Edgemead A,2,0,,Y,,
43272898,CTTLFA 2026,M6 - Under 14 Division Six,,,M6-09- JMI,M6-07- Hellenic B,15/08/26,Sat,09:30,Norway Parks,Royal Road E,1,4,,Y,,
43806245,CTTLFA 2026,M7 - Under 14 Division Seven,,,M7-03- Meadowridge C,M7-01- Bothasig C,15/08/26,Sat,09:30,Meadowridge,Meadowridge B,1,7,,Y,,
43806242,CTTLFA 2026,M7 - Under 14 Division Seven,,,M7-05- Rygersdal C,M7-07- Table View C,15/08/26,Sat,09:30,Table View,Table View B,1,3,,Y,,
43806244,CTTLFA 2026,M7 - Under 14 Division Seven,,,M7-06- Sunningdale City C.,M7-08- Wynberg St Johns C,15/08/26,Sat,09:30,Sunningdale City,Sunningdale B,0,8,,Y,,
43806241,CTTLFA 2026,M7 - Under 14 Division Seven,,,M7-09- Durbanville C,M7-10- Lansdowne,15/08/26,Sat,09:30,Durbanville,Klazinga Park C,3,2,,Y,,
43574642,CTTLFA 2026,M8 - Under 14 Girls Premier One,,,M8-04- Fish Hoek,M8-09- Stephanian Ottery,15/08/26,Sat,09:30,Fish Hoek,Fish Hoek C,13,0,,Y,,
43574640,CTTLFA 2026,M8 - Under 14 Girls Premier One,,,M8-06- Norway Parks,M8-05- Meadowridge,15/08/26,Sat,09:30,Norway Parks,Royal Road D,1,3,,Y,,
43806239,CTTLFA 2026,M9- Under 14 Division Eight,,,M9-03- Edgemead G/W D,M9-02- Bothasig D,15/08/26,Sat,09:30,Edgemead G/W,Edgemead C,3,1,,Y,,
43806240,CTTLFA 2026,M9- Under 14 Division Eight,,,M9-04- Tramway,M9-01- Bellville City C,15/08/26,Sat,09:30,Tramway,Groenewald Park A,14,0,,Y,,
43806238,CTTLFA 2026,M9- Under 14 Division Eight,,,M9-06- Northpine United D,M9-07- Bye,15/08/26,Sat,09:30,Northpine United,Central Park A,0,0,,Y,,
43806243,CTTLFA 2026,M9- Under 14 Division Eight,,,M9-09- Garlandale B,M9-05- Meadowridge D,15/08/26,Sat,09:30,Garlandale,Garlandale B,3,0,,Y,,
43806921,CTTLFA 2026,K7 - Under 16 Girls Premier One,,,K7-01- Badgers,K7-11- Bye.,15/08/26,Sat,10:00,Badgers FC,Oranjezicht A,0,0,,Y,,
43256745,CTTLFA 2026,K1 - Under 16 Premier One,,,K1-01- Camps Bay,K1-09- Norway Parks,15/08/26,Sat,10:50,Camps Bay,Maidens Cove,2,2,,Y,,
43256746,CTTLFA 2026,K1 - Under 16 Premier One,,,K1-02- Cape Town Spurs,K1-10- Rygersdal,15/08/26,Sat,10:50,Cape Town Spurs,Ikamva A,0,1,,Y,,
43256747,CTTLFA 2026,K1 - Under 16 Premier One,,,K1-03- De Beers,K1-05- FN Rangers,15/08/26,Sat,10:50,De Beers,Somerset West A,1,2,,Y,,
43256748,CTTLFA 2026,K1 - Under 16 Premier One,,,K1-04- FC Kapstadt,K1-08- Northpine United,15/08/26,Sat,10:50,FC Kapstadt,Hartleyvale A,1,0,,Y,,
43256749,CTTLFA 2026,K1 - Under 16 Premier One,,,K1-07- Hellenic,K1-11- Table View,15/08/26,Sat,10:50,Hellenic,Tygerhof Sports Complex A,4,1,,Y,,
43256750,CTTLFA 2026,K1 - Under 16 Premier One,,,K1-13- Wynberg St Johns,K1-12- CR Vasco Da Gama,15/08/26,Sat,10:50,Wynberg st Johns,Wynberg A,1,5,,Y,,
43257202,CTTLFA 2026,K2 - Under 16 Premier Two,,,K2-02- Durbanville,K2-05- Kensington,15/08/26,Sat,10:50,Durbanville,Klazinga Park A,3,1,,Y,,
43257203,CTTLFA 2026,K2 - Under 16 Premier Two,,,K2-04- Fish Hoek,K2-01- Clyde Pinelands,15/08/26,Sat,10:50,Fish Hoek,Fish Hoek A,1,1,,Y,,
43257204,CTTLFA 2026,K2 - Under 16 Premier Two,,,K2-07- Meadowridge,K2-03- Edgemead G/W,15/08/26,Sat,10:50,Meadowridge,Meadowridge A,2,0,,Y,,
43257205,CTTLFA 2026,K2 - Under 16 Premier Two,,,K2-09- Shosholoza,K2-11- Sunningdale City,15/08/26,Sat,10:50,Pelican Heights Sports Ground,Pelican A,1,4,,Y,,
43257206,CTTLFA 2026,K2 - Under 16 Premier Two,,,K2-10- Stephanian Ottery,K2-06- Kuilsriver,15/08/26,Sat,10:50,Stephanian Ottery,Stephanian Ottery A,3,1,,Y,,
43257207,CTTLFA 2026,K2 - Under 16 Premier Two,,,K2-12- Young Bafana,K2-08- Saxon Rovers,15/08/26,Sat,10:50,Young Bafana,YB Arena A,3,2,,Y,,
43805360,CTTLFA 2026,K3 - Under 16 Premier Three,,,K3-01- Avendale Athletico,K3-04- Chelsea Bridgetown,15/08/26,Sat,10:50,Avendale Athletico,Field Crescent A,0,4,,Y,,
43805361,CTTLFA 2026,K3 - Under 16 Premier Three,,,K3-08- Green Point Salesians,K3-11- Ruyterwacht,15/08/26,Sat,10:50,Green Point,Green Point A,2,1,,Y,,
43805362,CTTLFA 2026,K3 - Under 16 Premier Three,,,K3-16- Garlandale,K3-07- Grass Boots,15/08/26,Sat,10:50,Garlandale,Garlandale A,2,10,,Y,,
44524401,CTTLFA 2026,K3G - Under 16 Premier 3 A&B,,,K3G-02- Bellville City,K3G-03- Bothasig,15/08/26,Sat,10:50,Bellville City,PP Smit Stadium A,3,5,,Y,,
44524402,CTTLFA 2026,K3G - Under 16 Premier 3 A&B,,,K3G-07- Goodwood United,K3G-12- Queens Park,15/08/26,Sat,10:50,Goodwood,Hamilton Road A,1,4,,Y,,
44524403,CTTLFA 2026,K3G - Under 16 Premier 3 A&B,,,K3G-10- Holy Cross,K3G-05- Garden Village,15/08/26,Sat,10:50,Garden Village,Alexander Road,,,Cancelled,,,
44524404,CTTLFA 2026,K3G - Under 16 Premier 3 A&B,,,K3G-11- Mutual FC,K3G-14- West End United,15/08/26,Sat,10:50,West End United,West End Park A,1,3,,Y,,
43279315,CTTLFA 2026,K4 - Under 16 Division Four,,,K4-02- Cape Town Spurs B,K4-10- CR Vasco Da Gama B,15/08/26,Sat,10:50,Cape Town Spurs,Ikamva C,6,2,,Y,,
43279316,CTTLFA 2026,K4 - Under 16 Division Four,,,K4-05- Northpine United B,K4-06- Norway Parks B,15/08/26,Sat,10:50,Northpine United,Central Park A,1,2,,Y,,
43279317,CTTLFA 2026,K4 - Under 16 Division Four,,,K4-07- Rygersdal B,K4-03- De Beers B.,15/08/26,Sat,10:50,Rygersdal,Zwaanswyk High School,5,2,,Y,,
43279318,CTTLFA 2026,K4 - Under 16 Division Four,,,K4-11- Wynberg St Johns B.,K4-04- FN Rangers B,15/08/26,Sat,10:50,Wynberg st Johns,Wynberg B,0,5,,Y,,
43279430,CTTLFA 2026,K5 - Under 16 Division Five,,,K5-02- Bothasig B,K5-04- Durbanville B.,15/08/26,Sat,10:50,Bothasig,Abe Sher A,0,2,,Y,,
43279431,CTTLFA 2026,K5 - Under 16 Division Five,,,K5-03- Clyde Pinelands B,K5-09- Meadowridge B.,15/08/26,Sat,10:50,Clyde Pinelands,Ringwood Drive B,3,1,,Y,,
43279432,CTTLFA 2026,K5 - Under 16 Division Five,,,K5-06- Fish Hoek B.,K5-08- Kuilsriver B.,15/08/26,Sat,10:50,Fish Hoek,Fish Hoek B,2,0,,Y,,
43279433,CTTLFA 2026,K5 - Under 16 Division Five,,,K5-07- Goodwood United B,K5-10- Stephanian Ottery B,15/08/26,Sat,10:50,Goodwood,Hamilton Road B,0,5,,Y,,
43279434,CTTLFA 2026,K5 - Under 16 Division Five,,,K5-11- Sunningdale City B,K5-01- Bellville City B.,15/08/26,Sat,10:50,Sunningdale City,Sunningdale A,11,0,,Y,,
43805851,CTTLFA 2026,K6 - Under 16 Division Six,,,K6-01- Bye.,K6-08- Sunningdale City C,15/08/26,Sat,10:50,Bye,#1,0,0,,Y,,
43805849,CTTLFA 2026,K6 - Under 16 Division Six,,,K6-04- Holy Cross B,K6-02- Bothasig C,15/08/26,Sat,10:50,Holy Cross,Voortrekker Road,4,1,,Y,,
43805847,CTTLFA 2026,K6 - Under 16 Division Six,,,K6-05- JMI,K6-03- Brooklyn Superstars,15/08/26,Sat,10:50,Norway Parks,Royal Road E,5,1,,Y,,
43805845,CTTLFA 2026,K6 - Under 16 Division Six,,,K6-06- Meadowridge C,K6-10- Shosholoza B,15/08/26,Sat,10:50,Meadowridge,Meadowridge B,3,3,,Y,,
43806919,CTTLFA 2026,K7 - Under 16 Girls Premier One,,,K7-02- Bellville City,K7-09- Bye.,15/08/26,Sat,10:50,Bellville City,PP Smit Stadium B,0,0,,Y,,
43806918,CTTLFA 2026,K7 - Under 16 Girls Premier One,,,K7-11- Bye.,K7-13- Wynberg St Johns,15/08/26,Sat,10:50,Bye,#1,0,0,,Y,,
43806920,CTTLFA 2026,K7 - Under 16 Girls Premier One,,,K7-15- Norway Parks,K7-06- Fish Hoek,15/08/26,Sat,10:50,Norway Parks,Royal Road A,3,0,,Y,,
43805848,CTTLFA 2026,K8- Under 16 Division Seven,,,K8-03- Edgemead G/W C,K8-10- Lansdowne,15/08/26,Sat,10:50,Edgemead G/W,Edgemead A,3,2,,Y,,
43805850,CTTLFA 2026,K8- Under 16 Division Seven,,,K8-06- Northpine United C,K8-11- Bye,15/08/26,Sat,10:50,Northpine United,Central Park A,0,0,,Y,,
43805852,CTTLFA 2026,K8- Under 16 Division Seven,,,K8-09- YMO FC,K8-01- Bothasig D,15/08/26,Sat,10:50,YMO FC,Upper Cambridge A,3,0,Home Walkover,Y,,
43272897,CTTLFA 2026,M6 - Under 14 Division Six,,,M6-03- Bye,M6-06- FC Kapstadt B,15/08/26,Sat,10:50,Bye,#1,0,0,,Y,,
43272896,CTTLFA 2026,M6 - Under 14 Division Six,,,M6-08- Holy Cross B.,M6-04- Kensington B,15/08/26,Sat,10:50,Holy Cross,Holy Cross School A,8,2,,Y,,
43574641,CTTLFA 2026,M8 - Under 14 Girls Premier One,,,M8-03- Camps Bay,M8-02- Bothasig,15/08/26,Sat,10:50,Camps Bay,Camps Bay A,7,0,,Y,,
42989900,CTTLFA 2026,I1 - Under 18 Premier One,,,I1-01- Camps Bay,I1-09- Norway Parks,15/08/26,Sat,12:30,Camps Bay,Maidens Cove,0,3,,Y,,
42989904,CTTLFA 2026,I1 - Under 18 Premier One,,,I1-02- Cape Town Spurs,I1-10- Rygersdal,15/08/26,Sat,12:30,Cape Town Spurs,Ikamva A,6,1,,Y,,
42989905,CTTLFA 2026,I1 - Under 18 Premier One,,,I1-03- De Beers,I1-05- FN Rangers,15/08/26,Sat,12:30,De Beers,Somerset West A,1,4,,Y,,
42989903,CTTLFA 2026,I1 - Under 18 Premier One,,,I1-04- FC Kapstadt,I1-08- Northpine United,15/08/26,Sat,12:30,FC Kapstadt,Hartleyvale A,2,3,,Y,,
42989902,CTTLFA 2026,I1 - Under 18 Premier One,,,I1-07- Hellenic,I1-11- Table View,15/08/26,Sat,12:30,Hellenic,Tygerhof Sports Complex A,3,3,,Y,,
42989901,CTTLFA 2026,I1 - Under 18 Premier One,,,I1-13- Wynberg St Johns,I1-12- CR Vasco Da Gama,15/08/26,Sat,12:30,Wynberg st Johns,Wynberg A,1,3,,Y,,
42990086,CTTLFA 2026,I2 - Under 18 Premier Two,,,I2-02- Durbanville,I2-05- Kensington,15/08/26,Sat,12:30,Durbanville,Klazinga Park A,0,1,,Y,,
42990081,CTTLFA 2026,I2 - Under 18 Premier Two,,,I2-04- Fish Hoek,I2-01- Clyde Pinelands,15/08/26,Sat,12:30,Fish Hoek,Fish Hoek A,1,1,,Y,,
42990085,CTTLFA 2026,I2 - Under 18 Premier Two,,,I2-07- Meadowridge,I2-03- Edgemead G/W,15/08/26,Sat,12:30,Meadowridge,Meadowridge A,0,0,,Y,,
42990084,CTTLFA 2026,I2 - Under 18 Premier Two,,,I2-09- Shosholoza,I2-11- Sunningdale City,15/08/26,Sat,12:30,Pelican Heights Sports Ground,Pelican A,2,1,,Y,,
42990083,CTTLFA 2026,I2 - Under 18 Premier Two,,,I2-10- Stephanian Ottery,I2-06- Kuilsriver,15/08/26,Sat,12:30,Stephanian Ottery,Stephanian Ottery A,1,2,,Y,,
43804806,CTTLFA 2026,I3 - Under 18 Premier Three,,,I3-01- Avendale Athletico,I3-04- Chelsea Bridgetown,15/08/26,Sat,12:30,Avendale Athletico,Field Crescent A,3,0,,Y,,
43804805,CTTLFA 2026,I3 - Under 18 Premier Three,,,I3-08- Green Point Salesians,I3-11- Ruyterwacht,15/08/26,Sat,12:30,Green Point,Green Point A,2,1,,Y,,
43804807,CTTLFA 2026,I3 - Under 18 Premier Three,,,I3-16- Garlandale,I3-07- Grass Boots,15/08/26,Sat,12:30,Garlandale,Garlandale A,2,3,,Y,,
44510002,CTTLFA 2026,I3G - Under 18 Premier 3 A&B,,,I3G-02- Bellville City,I3G-03- Bothasig,15/08/26,Sat,12:30,Bellville City,PP Smit Stadium A,2,1,,Y,,
44510001,CTTLFA 2026,I3G - Under 18 Premier 3 A&B,,,I3G-07- Goodwood United,I3G-12- Queens Park,15/08/26,Sat,12:30,Goodwood,Hamilton Road A,0,0,,Y,,
44510004,CTTLFA 2026,I3G - Under 18 Premier 3 A&B,,,I3G-10- Holy Cross,I3G-05- Garden Village,15/08/26,Sat,12:30,Garden Village,Alexander Road,,,Cancelled,,,
44510003,CTTLFA 2026,I3G - Under 18 Premier 3 A&B,,,I3G-11- Mutual FC,I3G-14- West End United,15/08/26,Sat,12:30,West End United,West End Park A,1,2,,Y,,
43275138,CTTLFA 2026,I4 - Under 18 Division Four,,,I4-01- Bothasig B,I4-04- Northpine United B,15/08/26,Sat,12:30,Bothasig,Abe Sher A,0,5,,Y,,
43275134,CTTLFA 2026,I4 - Under 18 Division Four,,,I4-02- Cape Town Spurs B,I4-07- Saxon Rovers B,15/08/26,Sat,12:30,Cape Town Spurs,Ikamva B,2,5,,Y,,
43275137,CTTLFA 2026,I4 - Under 18 Division Four,,,I4-06- Rygersdal B.,I4-05- Norway Parks B,15/08/26,Sat,12:30,Rygersdal,Zwaanswyk High School,1,6,,Y,,
43275136,CTTLFA 2026,I4 - Under 18 Division Four,,,I4-08- Table View B,I4-10- Wynberg St Johns B.,15/08/26,Sat,12:30,Table View,Table View A,2,3,,Y,,
43275135,CTTLFA 2026,I4 - Under 18 Division Four,,,I4-09- CR Vasco Da Gama B,I4-03- FN Rangers B,15/08/26,Sat,12:30,Vasco da Gama,Da Gama Park C,1,1,,Y,,
43805561,CTTLFA 2026,I5 - Under 18 Division Five,,,I5-05- Fish Hoek B.,I5-01- Bothasig C,15/08/26,Sat,12:30,Fish Hoek,Fish Hoek B,3,0,Home Walkover,Y,,
43805559,CTTLFA 2026,I5 - Under 18 Division Five,,,I5-06- JMI,I5-02- Clyde Pinelands B,15/08/26,Sat,12:30,Norway Parks,Royal Road E,8,1,,Y,,
43805563,CTTLFA 2026,I5 - Under 18 Division Five,,,I5-08- Ruyterwacht B,I5-04- Edgemead G/W B.,15/08/26,Sat,12:30,Ruyterwacht,Stan Abbot B,1,0,,Y,,
43805560,CTTLFA 2026,I5 - Under 18 Division Five,,,I5-10- Bellville City B,I5-07- Meadowridge B.,15/08/26,Sat,12:30,Bellville City,PP Smit Stadium B,3,4,,Y,,
43805562,CTTLFA 2026,I5 - Under 18 Division Five,,,I5-11- Tramway,I5-03- Durbanville B.,15/08/26,Sat,12:30,Tramway,Groenewald Park A,,,Abandoned,,,
43279314,CTTLFA 2026,K4 - Under 16 Division Four,,,K4-01- Bye,K4-08- Saxon Rovers B,15/08/26,Sat,12:30,Bye,#1,0,0,,Y,,
43806917,CTTLFA 2026,K7 - Under 16 Girls Premier One,,,K7-04- Camps Bay,K7-08- Meadowridge,15/08/26,Sat,12:30,Camps Bay,Camps Bay A,6,1,,Y,,
43805846,CTTLFA 2026,K8- Under 16 Division Seven,,,K8-05- Meadowridge D,K8-02- Durbanville C,15/08/26,Sat,12:30,Meadowridge,Meadowridge B,6,0,,Y,,
43805853,CTTLFA 2026,K8- Under 16 Division Seven,,,K8-07- Rygersdal C,K8-08- Table View D,15/08/26,Sat,12:30,Table View,Table View B,6,1,,Y,,
43574643,CTTLFA 2026,M8 - Under 14 Girls Premier One,,,M8-07- Rygersdal,M8-11- Wynberg St Johns,15/08/26,Sat,12:30,Wynberg st Johns,Wynberg B,3,1,,Y,,
44366504,CTTLFA 2026,,CTTLFA 4th Division Knock Out 2026,,D2-12- Kensington,D2-05- Norway Parks,15/08/26,Sat,14:00,Hanover Park,Hanover Park C,2,0,,Y,,
43575248,CTTLFA 2026,D3 - 5th Division,,,D3-02- Clyde Pinelands,D3-09- Tramway,15/08/26,Sat,14:00,Clyde Pinelands,Ringwood Drive B,2,2,,Y,,
44350522,CTTLFA 2026,,CTTLFA 5th Division Knock Out 2026,,D3-07- Northpine United,D3-10- C.R. Vasco Da Gama,15/08/26,Sat,14:00,Goodwood,Hamilton Road A,5,0,,Y,,
44359208,CTTLFA 2026,,CTTLFA 5th Division Knock Out 2026,,D3-08- Table View,D3-05-Bellville City,15/08/26,Sat,14:00,Goodwood,Hamilton Road B,5,2,,Y,,
44367057,CTTLFA 2026,,CTTLFA 6th Division Knock Out 2026,,D4-01- Garlandale FC,D4-10- Sunningdale City,15/08/26,Sat,14:00,De Beers,Somerset West D,3,0,,Y,,
43575906,CTTLFA 2026,E1- Vets 035,,,E1-01- Avendale Athletico,E1-11- C.R. Vasco Da Gama,15/08/26,Sat,14:00,Chelsea,Hickory Road A,11,1,,Y,,
44350506,CTTLFA 2026,,CTTLFA O/35 A Division Knock Out 2026,,E1-06- Hanover Park,E1-07- Kensington,15/08/26,Sat,14:00,Bothasig,Abe Sher B,4,0,,Y,,
44555266,CTTLFA 2026,,CTTLFA O/35 B Division Knock Out 2026,,E2-02- Durbanville,E2-10- Wynberg St Johns,15/08/26,Sat,14:00,Bothasig,Abe Sher C,2,2,,Y,,
44483283,CTTLFA 2026,,CTTLFA First Division Knock Out 2026,,FD-01- Bellville City FC,FD-11- Stephanian Ottery,15/08/26,Sat,14:00,Hanover Park,Hanover Park A,2,6,,Y,,
44359209,CTTLFA 2026,,CTTLFA First Reserves Knock Out 2026,,FR-06- Kensington,FR-07- Kuilsriver,15/08/26,Sat,14:00,Hanover Park,Hanover Park B,1,0,,Y,,
43806465,CTTLFA 2026,G1 - Vets 045 A,,,G1-06- Saxon Rovers,G1-10- Holy Cross,15/08/26,Sat,14:00,Saxon Rovers,Maitland A,2,1,,Y,,
44366503,CTTLFA 2026,,CTTLFA O/45 A Division Knock Out 2026,,G1-07- Tramway,G1-02-Edgemead G/W,15/08/26,Sat,14:00,Bothasig,Abe Sher D,2,1,,Y,,
43806434,CTTLFA 2026,G1 - Vets 045 A,,,G1-13- Stephanian Ottery,G1-08- Bothasig,15/08/26,Sat,14:00,Stephanian Ottery,Stephanian Ottery A,2,2,,Y,,
43262800,CTTLFA 2026,G5 - Vets 050 B,,,G5-10- West End United B,G5-09- Meadowridge,15/08/26,Sat,14:00,West End United,West End Park B,1,1,,Y,,
44349555,CTTLFA 2026,,CTTLFA Womans First Division Knock Out 2026,,H2-03- Green Point Salesians B,H2-01- Badgers B.,15/08/26,Sat,14:00,Bellville City,PP Smit Stadium C,0,1,,Y,,
43317248,CTTLFA 2026,H2 - Womens First Division,,,H2-05- Kuilsriver,H2-11- Magic Ladies B,15/08/26,Sat,14:00,Serepta Sports Ground,Serepta Sports Ground A,0,8,,Y,,
44569246,CTTLFA 2026,,CTTLFA Womans First Division Knock Out 2026,,H2-13- Hout Bay,H2-08- Saxon Rovers,15/08/26,Sat,14:00,Bellville City,PP Smit Stadium A,3,0,,Y,,
44536808,CTTLFA 2026,,CTTLFA Premier League Knock Out 2026,,PD-09- Rygersdal,PD-06- Hanover Park,15/08/26,Sat,14:00,Kensington,14 Avenue A,0,1,,Y,,
43256165,CTTLFA 2026,A2 - Premier Reserve,,,PR-04- FN Rangers,PR-12- UCT,15/08/26,Sat,14:00,FN Rangers,FNB Stadium A,4,1,,Y,,
44359021,CTTLFA 2026,,CTTLFA Premier Reserves Knock Out 2026,,PR-07- Holy Cross,PR-11- Table View,15/08/26,Sat,14:00,Kensington,14 Avenue B,2,4,,Y,,
44357438,CTTLFA 2026,,CTTLFA Second Division Knock Out 2026,,SD-09- Goodwood United,SD-15- Young Bafana,15/08/26,Sat,14:00,De Beers,Somerset West A,1,3,,Y,,
44366505,CTTLFA 2026,,CTTLFA Second Reserve Knock Out 2026,,SR-05- Clyde Pinelands,SR-15- Young Bafana,15/08/26,Sat,14:00,De Beers,Somerset West B,1,1,,Y,,
44384073,CTTLFA 2026,,CTTLFA O/45 A Division Knock Out 2026,,G1-12- Table View,G1-03- FN Rangers,15/08/26,Sat,15:30,Bothasig,Abe Sher D,1,1,,Y,,
44367462,CTTLFA 2026,,CTTLFA 3rd Division Knock Out 2026,,D1-05- Garden Village,D1-09- C.R. Vasco Da Gama,15/08/26,Sat,15:45,Goodwood,Hamilton Road A,4,2,,Y,,
44555267,CTTLFA 2026,,CTTLFA 3rd Division Knock Out 2026,,D1-08- Table View,D1-06- Green Point Salesians,15/08/26,Sat,15:45,Goodwood,Hamilton Road B,2,1,,Y,,
44357932,CTTLFA 2026,,CTTLFA 4th Division Knock Out 2026,,D2-02- Bothasig,D2-03- Edgemead G/W,15/08/26,Sat,15:45,Hanover Park,Hanover Park C,0,1,,Y,,
44535820,CTTLFA 2026,,CTTLFA 6th Division Knock Out 2026,,D4-07- Rygersdal,D4-12- Lansdowne,15/08/26,Sat,15:45,De Beers,Somerset West D,1,1,,Y,,
44522143,CTTLFA 2026,,CTTLFA O/35 A Division Knock Out 2026,,E1-04-FN Rangers,E1-02- Camps Bay,15/08/26,Sat,15:45,Bothasig,Abe Sher B,5,0,,Y,,
44443742,CTTLFA 2026,,CTTLFA O/35 B Division Knock Out 2026,,E2-03- Green Point Salesians,E2-06- FN Rangers B,15/08/26,Sat,15:45,Bothasig,Abe Sher C,1,1,,Y,,
44475704,CTTLFA 2026,,CTTLFA First Reserves Knock Out 2026,,FR-12- Sunningdale City,FR-11- Stephanian Ottery,15/08/26,Sat,15:45,Hanover Park,Hanover Park B,1,3,,Y,,
44350521,CTTLFA 2026,,CTTLFA Womans Premier League Knock Out 2026,,H1-05- FN Rangers,H1-09- Northpine United,15/08/26,Sat,15:45,Bellville City,PP Smit Stadium A,3,0,,Y,,
44567827,CTTLFA 2026,,CTTLFA Womans Premier League Knock Out 2026,,H1-06- Green Point Salesians,H1-02- Bellville City,15/08/26,Sat,15:45,Bellville City,PP Smit Stadium C,2,1,,Y,,
42996980,CTTLFA 2026,A1 - Premier Division,,,PD-04- FN Rangers,PD-12- UCT,15/08/26,Sat,15:45,FN Rangers,FNB Stadium A,3,0,,Y,,
44349560,CTTLFA 2026,,CTTLFA Premier Reserves Knock Out 2026,,PR-09- Rygersdal,PR-05- Green Point Salesians,15/08/26,Sat,15:45,Kensington,14 Avenue B,1,2,,Y,,
44349917,CTTLFA 2026,,CTTLFA Second Reserve Knock Out 2026,,SR-11- Mutual FC,SR-09- Goodwood United,15/08/26,Sat,15:45,De Beers,Somerset West B,2,2,,Y,,
44535821,CTTLFA 2026,,CTTLFA First Division Knock Out 2026,,FD-06- Kensington,FD-07- Kuilsriver,15/08/26,Sat,16:00,Hanover Park,Hanover Park A,2,4,,Y,,
44366502,CTTLFA 2026,,CTTLFA Premier League Knock Out 2026,,PD-11- Table View,PD-01- Durbanville,15/08/26,Sat,16:00,Kensington,14 Avenue A,0,1,,Y,,
43206508,CTTLFA 2026,C1 - Second Division,,,SD-06- De Beers,SD-04- Chelsea Bridgetown,15/08/26,Sat,16:00,De Beers,Somerset West A,2,3,,Y,,
43256971,CTTLFA 2026,O1 - Under 12 Premier One,,,O1-10- Rygersdal,O1-03- De Beers,16/08/26,Sun,08:15,Rygersdal,Allenby Drive Sports Complex,0,1,,Y,,
43256960,CTTLFA 2026,O1 - Under 12 Premier One,,,O1-11- Table View,O1-04- FC Kapstadt,16/08/26,Sun,08:15,Table View,Table View A,0,4,,Y,,
43257063,CTTLFA 2026,O1 - Under 12 Premier One,,,O1-13- Wynberg St Johns,O1-01- Camps Bay,16/08/26,Sun,08:15,Wynberg st Johns,Wynberg A,3,1,,Y,,
43256815,CTTLFA 2026,M1 - Under 14 Premier One,,,M1-10- Rygersdal,M1-03- De Beers,16/08/26,Sun,09:30,Rygersdal,Allenby Drive Sports Complex,2,1,,Y,,
43256804,CTTLFA 2026,M1 - Under 14 Premier One,,,M1-11- Table View,M1-04- FC Kapstadt,16/08/26,Sun,09:30,Table View,Table View A,0,2,,Y,,
43256907,CTTLFA 2026,M1 - Under 14 Premier One,,,M1-13- Wynberg St Johns,M1-01- Camps Bay,16/08/26,Sun,09:30,Wynberg st Johns,Wynberg A,1,1,,Y,,
43257436,CTTLFA 2026,O2 - Under 12 Premier Two,,,O2-12- Young Bafana,O2-07- Meadowridge,16/08/26,Sun,09:30,Young Bafana,YB Arena A,4,2,,Y,,
43256659,CTTLFA 2026,K1 - Under 16 Premier One,,,K1-10- Rygersdal,K1-03- De Beers,16/08/26,Sun,10:50,Rygersdal,Allenby Drive Sports Complex,3,0,,Y,,
43256648,CTTLFA 2026,K1 - Under 16 Premier One,,,K1-11- Table View,K1-04- FC Kapstadt,16/08/26,Sun,10:50,Table View,Table View A,1,0,,Y,,
43256751,CTTLFA 2026,K1 - Under 16 Premier One,,,K1-13- Wynberg St Johns,K1-01- Camps Bay,16/08/26,Sun,10:50,Wynberg st Johns,Wynberg A,2,2,,Y,,
43805750,CTTLFA 2026,K6 - Under 16 Division Six,,,K6-07- Ruyterwacht B,K6-10- Shosholoza B,16/08/26,Sun,10:50,Ruyterwacht,Stan Abbot B,1,5,,Y,,
43806925,CTTLFA 2026,K7 - Under 16 Girls Premier One,,,K7-06- Fish Hoek,K7-03- Bothasig,16/08/26,Sun,10:50,Fish Hoek,Fish Hoek C,3,0,,Y,,
43806923,CTTLFA 2026,K7 - Under 16 Girls Premier One,,,K7-08- Meadowridge,K7-15- Norway Parks,16/08/26,Sun,10:50,Meadowridge,Meadowridge A,1,1,,Y,,
43806924,CTTLFA 2026,K7 - Under 16 Girls Premier One,,,K7-09- Bye.,K7-14- Nova Generation,16/08/26,Sun,10:50,Bye,#1,0,0,,Y,,
43806926,CTTLFA 2026,K7 - Under 16 Girls Premier One,,,K7-10- Rygersdal,K7-02- Bellville City,16/08/26,Sun,10:50,Rygersdal,Allenby Drive Sports Complex,3,1,,Y,,
43806915,CTTLFA 2026,K7 - Under 16 Girls Premier One,,,K7-14- Nova Generation,K7-01- Badgers,16/08/26,Sun,10:50,Nova Generations,Generations Sandown Institute,0,1,,Y,,
43257304,CTTLFA 2026,M2 - Under 14 Premier Two,,,M2-12- Young Bafana,M2-07- Meadowridge,16/08/26,Sun,10:50,Young Bafana,YB Arena A,5,0,,Y,,
43279208,CTTLFA 2026,M4 - Under 14 Division Four,,,M4-10- CR Vasco Da Gama B,M4-01- Camps Bay B.,16/08/26,Sun,10:50,Vasco da Gama,Da Gama Park B,7,1,,Y,,
43274306,CTTLFA 2026,O4 - Under 12 Division Four,,,O4-10- CR Vasco Da Gama B,O4-01- Camps Bay B.,16/08/26,Sun,10:50,Vasco da Gama,Da Gama Park B,7,0,,Y,,
43806081,CTTLFA 2026,O8- Under 12 Division Seven,,,O8-09- Lansdowne,O8-01- Tramway,16/08/26,Sun,10:50,Lansdowne,Chukker Road A,2,2,,Y,,
43574471,CTTLFA 2026,O7 - Under 12 Girls Premier One (9v9),,,O7-02- Bothasig,O7-09- Hout Bay,16/08/26,Sun,11:00,Bothasig,Abe Sher C,0,4,,Y,,
43574565,CTTLFA 2026,M8 - Under 14 Girls Premier One,,,M8-02- Bothasig,M8-12- Hout Bay,16/08/26,Sun,12:15,Bothasig,Abe Sher C,0,9,,Y,,
42989812,CTTLFA 2026,I1 - Under 18 Premier One,,,I1-10- Rygersdal,I1-03- De Beers,16/08/26,Sun,12:30,Rygersdal,Allenby Drive Sports Complex,1,1,,Y,,
42989803,CTTLFA 2026,I1 - Under 18 Premier One,,,I1-11- Table View,I1-04- FC Kapstadt,16/08/26,Sun,12:30,Table View,Table View A,3,2,,Y,,
42989879,CTTLFA 2026,I1 - Under 18 Premier One,,,I1-13- Wynberg St Johns,I1-01- Camps Bay,16/08/26,Sun,12:30,Wynberg st Johns,Wynberg A,1,7,,Y,,
43257171,CTTLFA 2026,K2 - Under 16 Premier Two,,,K2-12- Young Bafana,K2-07- Meadowridge,16/08/26,Sun,12:30,Young Bafana,YB Arena A,1,2,,Y,,
43279319,CTTLFA 2026,K4 - Under 16 Division Four,,,K4-10- CR Vasco Da Gama B,K4-01- Bye,16/08/26,Sun,12:30,Vasco da Gama,Da Gama Park B,0,0,,Y,,
43805786,CTTLFA 2026,K6 - Under 16 Division Six,,,K6-03- Brooklyn Superstars,K6-09- Table View C,16/08/26,Sun,12:30,Bayview Sports Complex,Brooklyn Bayview Sports Complex A,5,2,,Y,,
43805791,CTTLFA 2026,K8- Under 16 Division Seven,,,K8-10- Lansdowne,K8-09- YMO FC,16/08/26,Sun,12:30,Lansdowne,Chukker Road A,,,Abandoned,,,
43575555,CTTLFA 2026,D4 - 6th Division,,,D4-07- Rygersdal,D4-01- Garlandale FC,16/08/26,Sun,14:00,Rygersdal,Allenby Drive Sports Complex,2,3,,Y,,
43256248,CTTLFA 2026,B2 - First Reserve,,,FR-03- Brooklyn Superstars,FR-07- Kuilsriver,16/08/26,Sun,14:00,Bayview Sports Complex,Brooklyn Bayview Sports Complex A,0,1,,Y,,
43806367,CTTLFA 2026,G1 - Vets 045 A,,,G1-11- Lansdowne,G1-02-Edgemead G/W,16/08/26,Sun,14:00,Lansdowne,Chukker Road A,1,2,,Y,,
43806553,CTTLFA 2026,H1 - Womens Premier League,,,H1-08- Magic Ladies,H1-03- Clyde Pinelands,16/08/26,Sun,14:00,Avenue De Mist,Ave De Mist - A,5,0,,Y,,
42990045,CTTLFA 2026,I2 - Under 18 Premier Two,,,I2-12- Young Bafana,I2-07- Meadowridge,16/08/26,Sun,14:00,Young Bafana,YB Arena A,1,0,,Y,,
43574477,CTTLFA 2026,O7 - Under 12 Girls Premier One (9v9),,,O7-02- Bothasig,O7-05- Meadowridge A,16/08/26,Sun,14:00,Bothasig,Abe Sher C,0,4,,Y,,
42990167,CTTLFA 2026,B1 - First Division,,,FD-03- Brooklyn Superstars,FD-07- Kuilsriver,16/08/26,Sun,15:45,Bayview Sports Complex,Brooklyn Bayview Sports Complex A,1,1,,Y,,
43317287,CTTLFA 2026,H2 - Womens First Division,,,H2-13- Hout Bay,H2-02- Bothasig,17/08/26,Mon,19:30,Bothasig,Abe Sher A,0,3,Away Walkover,Y,,
43806445,CTTLFA 2026,G1 - Vets 045 A,,,G1-04- Hanover Park,G1-12- Table View,18/08/26,Tue,19:00,Hanover Park,Hanover Park B,2,1,,Y,,
43806447,CTTLFA 2026,G1 - Vets 045 A,,,G1-08- Bothasig,G1-01- De Beers,18/08/26,Tue,19:00,Bothasig,Abe Sher A,0,3,,Y,,
43806444,CTTLFA 2026,G1 - Vets 045 A,,,G1-09- Garden Village,G1-03- FN Rangers,18/08/26,Tue,19:00,Garden Village,Alexander Road,3,3,,Y,,
43257431,CTTLFA 2026,O2 - Under 12 Premier Two,,,O2-02- Durbanville,O2-03- Edgemead G/W,18/08/26,Tue,19:00,Durbanville,Klazinga Park A,3,2,,Y,,
43256188,CTTLFA 2026,A2 - Premier Reserve,,,PR-05- Green Point Salesians,PR-10- Saxon Rovers,18/08/26,Tue,19:00,Green Point,Green Point A,1,1,,Y,,
43256167,CTTLFA 2026,A2 - Premier Reserve,,,PR-08- Norway Parks,PR-02- Edgemead G/W,18/08/26,Tue,19:00,Norway Parks,Royal Road A,0,2,,Y,,
43256185,CTTLFA 2026,A2 - Premier Reserve,,,PR-09- Rygersdal,PR-12- UCT,18/08/26,Tue,19:00,U C T,U C T,3,1,,Y,,
43256576,CTTLFA 2026,C2 - Second Reserve,,,SR-03- Camps Bay,SR-02- Barmsley Spurs,18/08/26,Tue,19:00,Camps Bay,Camps Bay A,,,,,,
43806448,CTTLFA 2026,G1 - Vets 045 A,,,G1-13- Stephanian Ottery,G1-06- Saxon Rovers,18/08/26,Tue,19:30,Stephanian Ottery,Stephanian Ottery A,2,0,,Y,,
43257466,CTTLFA 2026,O2 - Under 12 Premier Two,,,O2-11- Sunningdale City,O2-07- Meadowridge,18/08/26,Tue,19:30,Sunningdale City,Sunningdale A,4,0,,Y,,
42997000,CTTLFA 2026,A1 - Premier Division,,,PD-01- Durbanville,PD-14- Wynberg St Johns,18/08/26,Tue,20:00,Durbanville,Klazinga Park A,5,2,,Y,,
43575866,CTTLFA 2026,E2- Vets 035 B,,,E2-01- Bellville City,E2-10- Wynberg St Johns,18/08/26,Tue,20:30,Bellville City,PP Smit Stadium A,3,2,,Y,,
42996963,CTTLFA 2026,A1 - Premier Division,,,PD-09- Rygersdal,PD-12- UCT,18/08/26,Tue,20:30,U C T,U C T,6,1,,Y,,
43206638,CTTLFA 2026,C1 - Second Division,,,SD-03- Camps Bay,SD-02- Barmsley Spurs,18/08/26,Tue,20:30,Camps Bay,Camps Bay A,,,,,,
43206611,CTTLFA 2026,C1 - Second Division,,,SD-15- Young Bafana,SD-04- Chelsea Bridgetown,18/08/26,Tue,20:30,Chelsea,Hickory Road A,,,Postponed,,,
42997003,CTTLFA 2026,A1 - Premier Division,,,PD-05- Green Point Salesians,PD-10- Saxon Rovers,18/08/26,Tue,20:45,Green Point,Green Point A,0,0,,Y,,
43256711,CTTLFA 2026,K1 - Under 16 Premier One,,,K1-12- CR Vasco Da Gama,K1-10- Rygersdal,19/08/26,Wed,18:30,Vasco da Gama,Da Gama Park A,,,,,,
43806567,CTTLFA 2026,H1 - Womens Premier League,,,H1-12- Bye.,H1-11- UCT,19/08/26,Wed,19:00,Bye,#1,0,0,,Y,,
42989897,CTTLFA 2026,I1 - Under 18 Premier One,,,I1-08- Northpine United,I1-06- Hanover Park,19/08/26,Wed,19:00,Northpine United,Central Park A,,,,,,
43806866,CTTLFA 2026,K7 - Under 16 Girls Premier One,,,K7-10- Rygersdal,K7-13- Wynberg St Johns,19/08/26,Wed,19:00,Wynberg st Johns,Wynberg B,,,,,,
43262817,CTTLFA 2026,G5 - Vets 050 B,,,G5-04- Edgemead G/W,G5-08- Lansdowne,19/08/26,Wed,19:30,Edgemead G/W,Edgemead A,,,,,,
43575849,CTTLFA 2026,E2- Vets 035 B,,,E2-08- Everton United,E2-02- Durbanville,19/08/26,Wed,20:00,Durbanville,Klazinga Park A,,,,,,
43806443,CTTLFA 2026,G1 - Vets 045 A,,,G1-10- Holy Cross,G1-07- Tramway,19/08/26,Wed,20:00,Holy Cross,Voortrekker Road,,,,,,
43575329,CTTLFA 2026,D1 - 3rd Division,,,D1-06- Green Point Salesians,D1-09- C.R. Vasco Da Gama,19/08/26,Wed,20:30,Green Point,Green Point A,,,,,,
43575870,CTTLFA 2026,E2- Vets 035 B,,,E2-12- Clyde Pinelands B,E2-06- FN Rangers B,19/08/26,Wed,20:30,Clyde Pinelands,Ringwood Drive A,,,,,,
43574535,CTTLFA 2026,O7 - Under 12 Girls Premier One (9v9),,,O7-06- Meadowridge B,O7-04- Bye,20/08/26,Thu,18:30,Meadowridge,Meadowridge B,,,,,,
43575980,CTTLFA 2026,E1- Vets 035,,,E1-01- Avendale Athletico,E1-06- Hanover Park,20/08/26,Thu,19:00,Chelsea,Hickory Road A,,,,,,
43317358,CTTLFA 2026,H2 - Womens First Division,,,H2-09- Stephanian Ottery,H2-02- Bothasig,20/08/26,Thu,19:00,Stephanian Ottery,Stephanian Ottery A,,,,,,
43317357,CTTLFA 2026,H2 - Womens First Division,,,H2-12- Hanover Park,H2-03- Green Point Salesians B,20/08/26,Thu,19:00,Hanover Park,Hanover Park A,,,,,,
43256192,CTTLFA 2026,A2 - Premier Reserve,,,PR-13- C.R. Vasco Da Gama,PR-02- Edgemead G/W,20/08/26,Thu,19:00,Vasco da Gama,Da Gama Park A,,,,,,
43575623,CTTLFA 2026,D4 - 6th Division,,,D4-03- De Beers,D4-09- Stephanian Ottery,20/08/26,Thu,20:00,De Beers,Somerset West B,,,,,,
43575981,CTTLFA 2026,E1- Vets 035,,,E1-03- Clyde Pinelands,E1-07- Kensington,20/08/26,Thu,20:30,Clyde Pinelands,Ringwood Drive A,,,,,,
43262563,CTTLFA 2026,F1 - Vets 040 A,,,F1-05- Hanover Park,F1-10- C.R. Vasco Da Gama,20/08/26,Thu,20:30,Hanover Park,Hanover Park A,,,,,,
43262423,CTTLFA 2026,F1 - Vets 040 A,,,F1-07- Rygersdal,F1-04- FN Rangers,20/08/26,Thu,20:30,U C T,U C T,,,,,,
43575755,CTTLFA 2026,F2 - Vets 040 B,,,F2-01- Avendale Athletico,F2-08- Kensington,20/08/26,Thu,20:30,Chelsea,Hickory Road A,,,,,,
43262875,CTTLFA 2026,G5 - Vets 050 B,,,G5-07- Hanover Park B,G5-03- Durbanville,20/08/26,Thu,20:30,Hanover Park,Hanover Park B,,,,,,
42996999,CTTLFA 2026,A1 - Premier Division,,,PD-13- C.R. Vasco Da Gama,PD-02- Edgemead G/W,20/08/26,Thu,20:30,Vasco da Gama,Da Gama Park A,,,,,,
43574645,CTTLFA 2026,M8 - Under 14 Girls Premier One,,,M8-05- Meadowridge,M8-12- Hout Bay,21/08/26,Fri,18:30,Meadowridge,Meadowridge B,,,,,,
43262953,CTTLFA 2026,G4 - Vets 050 A,,,G4-05- Holy Cross,G4-03- FN Rangers,21/08/26,Fri,19:00,Holy Cross,Voortrekker Road,,,,,,
43262956,CTTLFA 2026,G4 - Vets 050 A,,,G4-06- Rygersdal,G4-08- Tramway,21/08/26,Fri,19:00,Tramway,Groenewald Park A,,,,,,
43575140,CTTLFA 2026,G6 - Vets O50 C,,,G6-08- Wynberg St Johns,G6-09- YMO FC,21/08/26,Fri,19:00,Wynberg st Johns,Wynberg B,,,,,,
43806586,CTTLFA 2026,H1 - Womens Premier League,,,H1-02- Bellville City,H1-09- Northpine United,21/08/26,Fri,19:00,Bellville City,PP Smit Stadium C,,,,,,
43806583,CTTLFA 2026,H1 - Womens Premier League,,,H1-05- FN Rangers,H1-01- Badgers,21/08/26,Fri,19:00,FN Rangers,FNB Stadium A,,,,,,
43806585,CTTLFA 2026,H1 - Womens Premier League,,,H1-11- UCT,H1-03- Clyde Pinelands,21/08/26,Fri,19:00,U C T,U C T,,,,,,
43317361,CTTLFA 2026,H2 - Womens First Division,,,H2-04- Kensington,H2-07- Norway Parks,21/08/26,Fri,19:00,Kensington,14 Avenue A,,,,,,
43317362,CTTLFA 2026,H2 - Womens First Division,,,H2-08- Saxon Rovers,H2-11- Magic Ladies B,21/08/26,Fri,19:00,Saxon Rovers,Maitland A,,,,,,
43317360,CTTLFA 2026,H2 - Womens First Division,,,H2-13- Hout Bay,H2-05- Kuilsriver,21/08/26,Fri,19:00,Hout Bay Stadium,Hout Bay Stadium,,,,,,
43256187,CTTLFA 2026,A2 - Premier Reserve,,,PR-06- Hanover Park,PR-04- FN Rangers,21/08/26,Fri,19:00,Hanover Park,Hanover Park A,,,,,,
43256568,CTTLFA 2026,C2 - Second Reserve,,,SR-02- Barmsley Spurs,SR-12- Queens Park,21/08/26,Fri,19:00,Chelsea,Hickory Road A,,,,,,
43575871,CTTLFA 2026,E2- Vets 035 B,,,E2-02- Durbanville,E2-11- Turfhall,21/08/26,Fri,19:30,Durbanville,Klazinga Park A,,,,,,
43317359,CTTLFA 2026,H2 - Womens First Division,,,H2-06- Meadowridge,H2-01- Badgers B.,21/08/26,Fri,19:30,Meadowridge,Meadowridge A,,,,,,
43575868,CTTLFA 2026,E2- Vets 035 B,,,E2-07- Meadowridge,E2-13- Cape Town Spurs,21/08/26,Fri,20:00,Meadowridge,Meadowridge B,,,,,,
43575753,CTTLFA 2026,F2 - Vets 040 B,,,F2-02- Bothasig,F2-05- Green Point Salesians,21/08/26,Fri,20:00,Bothasig,Abe Sher A,,,,,,
43575337,CTTLFA 2026,D1 - 3rd Division,,,D1-05- Garden Village,D1-08- Table View,21/08/26,Fri,20:30,Garden Village,Alexander Road,,,,,,
43575333,CTTLFA 2026,D1 - 3rd Division,,,D1-07- Saxon Rovers,D1-03- Durbanville,21/08/26,Fri,20:30,Saxon Rovers,Maitland A,,,,,,
43575331,CTTLFA 2026,D3 - 5th Division,,,D3-09- Tramway,D3-11- Hanover Park,21/08/26,Fri,20:30,Tramway,Groenewald Park A,,,,,,
43575624,CTTLFA 2026,D4 - 6th Division,,,D4-04- Holy Cross,D4-08- Bothasig,21/08/26,Fri,20:30,Holy Cross,Voortrekker Road,,,,,,
43575622,CTTLFA 2026,D4 - 6th Division,,,D4-06- Bye,D4-10- Sunningdale City,21/08/26,Fri,20:30,Bye,#1,,,,,,
43575872,CTTLFA 2026,E2- Vets 035 B,,,E2-10- Wynberg St Johns,E2-03- Green Point Salesians,21/08/26,Fri,20:30,Wynberg st Johns,Wynberg A,,,,,,
43262562,CTTLFA 2026,F1 - Vets 040 A,,,F1-03- Fish Hoek,F1-01- Bellville City,21/08/26,Fri,20:30,Fish Hoek,Fish Hoek A,,,,,,
43262564,CTTLFA 2026,F1 - Vets 040 A,,,F1-06- Norway Parks,F1-08- Stephanian Ottery,21/08/26,Fri,20:30,Norway Parks,Royal Road A,,,,,,
43575754,CTTLFA 2026,F2 - Vets 040 B,,,F2-03- Garlandale,F2-04- Goodwood United,21/08/26,Fri,20:30,Garlandale,Garlandale A,,,,,,
43575752,CTTLFA 2026,F2 - Vets 040 B,,,F2-10- Jamestown United,F2-09- Wynberg St Johns,21/08/26,Fri,20:30,Wynberg st Johns,Wynberg B,,,,,,
42997004,CTTLFA 2026,A1 - Premier Division,,,PD-06- Hanover Park,PD-04- FN Rangers,21/08/26,Fri,20:30,Hanover Park,Hanover Park A,,,,,,
43206634,CTTLFA 2026,C1 - Second Division,,,SD-02- Barmsley Spurs,SD-12- Queens Park,21/08/26,Fri,20:30,Chelsea,Hickory Road A,,,,,,
43257064,CTTLFA 2026,O1 - Under 12 Premier One,,,O1-05- FN Rangers,O1-13- Wynberg St Johns,22/08/26,Sat,08:15,FN Rangers,FNB Stadium A,,,,,,
43257065,CTTLFA 2026,O1 - Under 12 Premier One,,,O1-06- Hanover Park,O1-04- FC Kapstadt,22/08/26,Sat,08:15,Hanover Park,Hanover Park A,,,,,,
43257066,CTTLFA 2026,O1 - Under 12 Premier One,,,O1-08- Northpine United,O1-03- De Beers,22/08/26,Sat,08:15,Northpine United,Central Park A,,,,,,
43257067,CTTLFA 2026,O1 - Under 12 Premier One,,,O1-10- Rygersdal,O1-07- Hellenic,22/08/26,Sat,08:15,Rygersdal,Rygersdal A,,,,,,
43257068,CTTLFA 2026,O1 - Under 12 Premier One,,,O1-11- Table View,O1-01- Camps Bay,22/08/26,Sat,08:15,Table View,Table View A,,,,,,
43257473,CTTLFA 2026,O2 - Under 12 Premier Two,,,O2-01- Clyde Pinelands,O2-12- Young Bafana,22/08/26,Sat,08:15,Clyde Pinelands,Ringwood Drive A,,,,,,
43257474,CTTLFA 2026,O2 - Under 12 Premier Two,,,O2-03- Edgemead G/W,O2-09- Shosholoza,22/08/26,Sat,08:15,Edgemead G/W,Edgemead A,,,,,,
43257475,CTTLFA 2026,O2 - Under 12 Premier Two,,,O2-05- Kensington,O2-04- Fish Hoek,22/08/26,Sat,08:15,Kensington,14 Avenue A,,,,,,
43257476,CTTLFA 2026,O2 - Under 12 Premier Two,,,O2-08- Saxon Rovers,O2-07- Meadowridge,22/08/26,Sat,08:15,Saxon Rovers,Maitland A,,,,,,
43257477,CTTLFA 2026,O2 - Under 12 Premier Two,,,O2-11- Sunningdale City,O2-10- Stephanian Ottery,22/08/26,Sat,08:15,Sunningdale City,Sunningdale A,,,,,,
43805357,CTTLFA 2026,O3 - Under 12 Premier Three,,,O3-04- Chelsea Bridgetown,O3-16- Garlandale,22/08/26,Sat,08:15,Chelsea,Hickory Road A,,,,,,
43805358,CTTLFA 2026,O3 - Under 12 Premier Three,,,O3-07- Grass Boots,O3-08- Green Point Salesians,22/08/26,Sat,08:15,Grass Boots,"Van Riebeeck Park, Sidmouth Road A",,,,,,
43805359,CTTLFA 2026,O3 - Under 12 Premier Three,,,O3-11- Ruyterwacht,O3-17- Queens Park,22/08/26,Sat,08:15,Ruyterwacht,Stan Abbott,,,,,,
44523758,CTTLFA 2026,O3G - Under 12 Premier 3 A&B,,,O3G-01- Avendale Athletico,O3G-07- Goodwood United,22/08/26,Sat,08:15,Avendale Athletico,Field Crescent A,,,,,,
44523759,CTTLFA 2026,O3G - Under 12 Premier 3 A&B,,,O3G-02- Bellville City,O3G-15- YSD Macassar,22/08/26,Sat,08:15,Bellville City,PP Smit Stadium C,,,,,,
44523760,CTTLFA 2026,O3G - Under 12 Premier 3 A&B,,,O3G-03- Bothasig,O3G-10- Holy Cross,22/08/26,Sat,08:15,Bothasig,Abe Sher A,,,,,,
43274353,CTTLFA 2026,O4 - Under 12 Division Four,,,O4-03- De Beers B.,O4-02- Cape Town Spurs B,22/08/26,Sat,08:15,De Beers,Somerset West B,,,,,,
43274347,CTTLFA 2026,O4 - Under 12 Division Four,,,O4-04- FN Rangers B,O4-07- Rygersdal B,22/08/26,Sat,08:15,FN Rangers,FNB Stadium B,,,,,,
43274349,CTTLFA 2026,O4 - Under 12 Division Four,,,O4-06- Norway Parks B,O4-01- Camps Bay B.,22/08/26,Sat,08:15,Norway Parks,Royal Road D,,,,,,
43274352,CTTLFA 2026,O4 - Under 12 Division Four,,,O4-08- Saxon Rovers B,O4-11- Wynberg St Johns B.,22/08/26,Sat,08:15,Saxon Rovers,Maitland B,,,,,,
43274345,CTTLFA 2026,O4 - Under 12 Division Four,,,O4-09- Table View B,O4-05- Northpine United B,22/08/26,Sat,08:15,Table View,Table View B,,,,,,
43274348,CTTLFA 2026,O5 - Under 12 Division Five,,,O5-01- Bellville City B.,O5-03- Clyde Pinelands B,22/08/26,Sat,08:15,Bellville City,PP Smit Stadium B,,,,,,
43274346,CTTLFA 2026,O5 - Under 12 Division Five,,,O5-04- Durbanville B.,O5-07- Goodwood United B,22/08/26,Sat,08:15,Durbanville,Klazinga Park B,,,,,,
43274350,CTTLFA 2026,O5 - Under 12 Division Five,,,O5-05- Edgemead G/W B.,O5-06- Fish Hoek B.,22/08/26,Sat,08:15,Edgemead G/W,Edgemead B,,,,,,
43274354,CTTLFA 2026,O5 - Under 12 Division Five,,,O5-09- Meadowridge B.,O5-02- Bothasig B,22/08/26,Sat,08:15,Meadowridge,Meadowridge A,,,,,,
43331146,CTTLFA 2026,O6 - Under 12 Division Six,,,O6-01- Bothasig C,O6-08- Stephanian Ottery C,22/08/26,Sat,08:15,Bothasig,Abe Sher C,,,,,,
43331148,CTTLFA 2026,O6 - Under 12 Division Six,,,O6-03- Kensington B,O6-04- FC Kapstadt B,22/08/26,Sat,08:15,Kensington,14 Avenue B,,,,,,
43331145,CTTLFA 2026,O6 - Under 12 Division Six,,,O6-05- Fish Hoek C,O6-07- Meadowridge C,22/08/26,Sat,08:15,Fish Hoek,Fish Hoek A,,,,,,
43331147,CTTLFA 2026,O6 - Under 12 Division Six,,,O6-06- Grass Boots B,O6-02- Brooklyn Superstars,22/08/26,Sat,08:15,Grass Boots,"Van Riebeeck Park, Sidmouth Road B",,,,,,
43574532,CTTLFA 2026,O7 - Under 12 Girls Premier One (9v9),,,O7-02- Bothasig,O7-05- Meadowridge A,22/08/26,Sat,08:15,Bothasig,Abe Sher D,,,,,,
43574533,CTTLFA 2026,O7 - Under 12 Girls Premier One (9v9),,,O7-03- Fish Hoek.,O7-01- Bellville City,22/08/26,Sat,08:15,Fish Hoek,Fish Hoek C,,,,,,
43574534,CTTLFA 2026,O7 - Under 12 Girls Premier One (9v9),,,O7-09- Hout Bay,O7-08- Wynberg St Johns,22/08/26,Sat,08:15,Chukker Sports Complex,#1,,,,,,
43806113,CTTLFA 2026,O8- Under 12 Division Seven,,,O8-02- Durbanville C,O8-01- Tramway,22/08/26,Sat,08:15,Durbanville,Klazinga Park C,,,,,,
43806115,CTTLFA 2026,O8- Under 12 Division Seven,,,O8-04- Meadowridge D,O8-05- Norway Parks C,22/08/26,Sat,08:15,Meadowridge,Meadowridge B,,,,,,
43806112,CTTLFA 2026,O8- Under 12 Division Seven,,,O8-07- Tramway B,O8-06- Rygersdal C,22/08/26,Sat,08:15,Tramway,Groenewald Park B,,,,,,
43806114,CTTLFA 2026,O8- Under 12 Division Seven,,,O8-09- Lansdowne,O8-08- Wynberg St Johns C,22/08/26,Sat,08:15,Lansdowne,Chukker Road A,,,,,,
43806111,CTTLFA 2026,O8- Under 12 Division Seven,,,O8-10- Garlandale B,O8-03- Mutual B,22/08/26,Sat,08:15,Garlandale,Garlandale B,,,,,,
44523761,CTTLFA 2026,O3G - Under 12 Premier 3 A&B,,,O3G-11- Mutual FC,O3G-05- Garden Village,22/08/26,Sat,09:00,Mutual FC,Pinelands Oval C,,,,,,
43256908,CTTLFA 2026,M1 - Under 14 Premier One,,,M1-05- FN Rangers,M1-13- Wynberg St Johns,22/08/26,Sat,09:30,FN Rangers,FNB Stadium A,,,,,,
43256909,CTTLFA 2026,M1 - Under 14 Premier One,,,M1-06- Hanover Park,M1-04- FC Kapstadt,22/08/26,Sat,09:30,Hanover Park,Hanover Park A,,,,,,
43256910,CTTLFA 2026,M1 - Under 14 Premier One,,,M1-08- Northpine United,M1-03- De Beers,22/08/26,Sat,09:30,Northpine United,Central Park A,,,,,,
43256911,CTTLFA 2026,M1 - Under 14 Premier One,,,M1-10- Rygersdal,M1-07- Hellenic,22/08/26,Sat,09:30,Rygersdal,Rygersdal A,,,,,,
43256912,CTTLFA 2026,M1 - Under 14 Premier One,,,M1-11- Table View,M1-01- Camps Bay,22/08/26,Sat,09:30,Table View,Table View A,,,,,,
43257341,CTTLFA 2026,M2 - Under 14 Premier Two,,,M2-01- Clyde Pinelands,M2-12- Young Bafana,22/08/26,Sat,09:30,Clyde Pinelands,Ringwood Drive A,,,,,,
43257342,CTTLFA 2026,M2 - Under 14 Premier Two,,,M2-03- Edgemead G/W,M2-09- Shosholoza,22/08/26,Sat,09:30,Edgemead G/W,Edgemead A,,,,,,
43257343,CTTLFA 2026,M2 - Under 14 Premier Two,,,M2-05- Kensington,M2-04- Fish Hoek,22/08/26,Sat,09:30,Kensington,14 Avenue A,,,,,,
43257344,CTTLFA 2026,M2 - Under 14 Premier Two,,,M2-08- Saxon Rovers,M2-07- Meadowridge,22/08/26,Sat,09:30,Saxon Rovers,Maitland A,,,,,,
43257345,CTTLFA 2026,M2 - Under 14 Premier Two,,,M2-11- Sunningdale City,M2-10- Stephanian Ottery,22/08/26,Sat,09:30,Sunningdale City,Sunningdale A,,,,,,
43805618,CTTLFA 2026,M3 - Under 14 Premier Three,,,M3-04- Chelsea Bridgetown,M3-16- Garlandale,22/08/26,Sat,09:30,Chelsea,Hickory Road A,,,,,,
43805619,CTTLFA 2026,M3 - Under 14 Premier Three,,,M3-07- Grass Boots,M3-08- Green Point Salesians,22/08/26,Sat,09:30,Grass Boots,"Van Riebeeck Park, Sidmouth Road A",,,,,,
43805620,CTTLFA 2026,M3 - Under 14 Premier Three,,,M3-11- Ruyterwacht,M3-17- Queens Park,22/08/26,Sat,09:30,Ruyterwacht,Stan Abbott,,,,,,
44524176,CTTLFA 2026,M3G - Under 14 Premier 3 A&B,,,M3G-01- Avendale Athletico,M3G-07- Goodwood United,22/08/26,Sat,09:30,Avendale Athletico,Field Crescent A,,,,,,
44524177,CTTLFA 2026,M3G - Under 14 Premier 3 A&B,,,M3G-02- Bellville City,M3G-15- YSD Macassar,22/08/26,Sat,09:30,Bellville City,PP Smit Stadium A,,,,,,
44524178,CTTLFA 2026,M3G - Under 14 Premier 3 A&B,,,M3G-03- Bothasig,M3G-10- Holy Cross,22/08/26,Sat,09:30,Bothasig,Abe Sher A,,,,,,
44524179,CTTLFA 2026,M3G - Under 14 Premier 3 A&B,,,M3G-11- Mutual FC,M3G-05- Garden Village,22/08/26,Sat,09:30,Mutual FC,Pinelands Oval A,,,,,,
43279209,CTTLFA 2026,M4 - Under 14 Division Four,,,M4-03- De Beers B.,M4-02- Cape Town Spurs B,22/08/26,Sat,09:30,De Beers,Somerset West B,,,,,,
43279210,CTTLFA 2026,M4 - Under 14 Division Four,,,M4-04- FN Rangers B,M4-07- Rygersdal B,22/08/26,Sat,09:30,FN Rangers,FNB Stadium B,,,,,,
43279211,CTTLFA 2026,M4 - Under 14 Division Four,,,M4-06- Norway Parks B,M4-01- Camps Bay B.,22/08/26,Sat,09:30,Norway Parks,Royal Road D,,,,,,
43279212,CTTLFA 2026,M4 - Under 14 Division Four,,,M4-08- Saxon Rovers B.,M4-11- Wynberg St Johns B.,22/08/26,Sat,09:30,Saxon Rovers,Maitland B,,,,,,
43279213,CTTLFA 2026,M4 - Under 14 Division Four,,,M4-09- Table View B,M4-05- Northpine United B,22/08/26,Sat,09:30,Table View,Table View B,,,,,,
43279545,CTTLFA 2026,M5 - Under 14 Division Five,,,M5-01- Bellville City B.,M5-03- Clyde Pinelands B,22/08/26,Sat,09:30,Bellville City,PP Smit Stadium B,,,,,,
43279546,CTTLFA 2026,M5 - Under 14 Division Five,,,M5-04- Durbanville B.,M5-07- Goodwood United B,22/08/26,Sat,09:30,Durbanville,Klazinga Park B,,,,,,
43279547,CTTLFA 2026,M5 - Under 14 Division Five,,,M5-05- Edgemead G/W B.,M5-06- Fish Hoek B.,22/08/26,Sat,09:30,Edgemead G/W,Edgemead B,,,,,,
43279549,CTTLFA 2026,M5 - Under 14 Division Five,,,M5-09- Meadowridge B.,M5-02- Bothasig B,22/08/26,Sat,09:30,Meadowridge,Meadowridge A,,,,,,
43272903,CTTLFA 2026,M6 - Under 14 Division Six,,,M6-01- Shosholoza B,M6-03- Bye,22/08/26,Sat,09:30,Pelican Heights Sports Ground,Shosholoza B,,,,,,
43272902,CTTLFA 2026,M6 - Under 14 Division Six,,,M6-02- Brooklyn Superstars,M6-09- JMI,22/08/26,Sat,09:30,Bayview Sports Complex,Brooklyn Bayview Sports Complex A,,,,,,
43272901,CTTLFA 2026,M6 - Under 14 Division Six,,,M6-06- FC Kapstadt B,M6-05- Edgemead G/W C,22/08/26,Sat,09:30,FC Kapstadt,Hartleyvale D,,,,,,
43272900,CTTLFA 2026,M6 - Under 14 Division Six,,,M6-07- Hellenic B,M6-08- Holy Cross B.,22/08/26,Sat,09:30,Hellenic,Tygerhof Sports Complex A,,,,,,
43806251,CTTLFA 2026,M7 - Under 14 Division Seven,,,M7-03- Meadowridge C,M7-09- Durbanville C,22/08/26,Sat,09:30,Meadowridge,Meadowridge B,,,,,,
43806248,CTTLFA 2026,M7 - Under 14 Division Seven,,,M7-04- Northpine United C,M7-07- Table View C,22/08/26,Sat,09:30,Northpine United,Central Park B,,,,,,
43806247,CTTLFA 2026,M7 - Under 14 Division Seven,,,M7-05- Rygersdal C,M7-01- Bothasig C,22/08/26,Sat,09:30,Rygersdal,Rygersdal B,,,,,,
43806252,CTTLFA 2026,M7 - Under 14 Division Seven,,,M7-10- Lansdowne,M7-06- Sunningdale City C.,22/08/26,Sat,09:30,Lansdowne,Chukker Road A,,,,,,
43574646,CTTLFA 2026,M8 - Under 14 Girls Premier One,,,M8-02- Bothasig,M8-06- Norway Parks,22/08/26,Sat,09:30,Bothasig,Abe Sher C,,,,,,
43574647,CTTLFA 2026,M8 - Under 14 Girls Premier One,,,M8-09- Stephanian Ottery,M8-07- Rygersdal,22/08/26,Sat,09:30,Stephanian Ottery,Stephanian Ottery A,,,,,,
43574648,CTTLFA 2026,M8 - Under 14 Girls Premier One,,,M8-11- Wynberg St Johns,M8-03- Camps Bay,22/08/26,Sat,09:30,Wynberg st Johns,Wynberg C,,,,,,
43806246,CTTLFA 2026,M9- Under 14 Division Eight,,,M9-01- Bellville City C,M9-02- Bothasig D,22/08/26,Sat,09:30,Bellville City,PP Smit Stadium C,,,,,,
43806250,CTTLFA 2026,M9- Under 14 Division Eight,,,M9-03- Edgemead G/W D,M9-06- Northpine United D,22/08/26,Sat,09:30,Edgemead G/W,Edgemead C,,,,,,
43806249,CTTLFA 2026,M9- Under 14 Division Eight,,,M9-07- Bye,M9-09- Garlandale B,22/08/26,Sat,09:30,Bye,#1,,,,,,
43806253,CTTLFA 2026,M9- Under 14 Division Eight,,,M9-08- Table View D,M9-04- Tramway,22/08/26,Sat,09:30,Table View,Table View C,,,,,,
43256752,CTTLFA 2026,K1 - Under 16 Premier One,,,K1-05- FN Rangers,K1-13- Wynberg St Johns,22/08/26,Sat,10:50,FN Rangers,FNB Stadium A,,,,,,
43256753,CTTLFA 2026,K1 - Under 16 Premier One,,,K1-06- Hanover Park,K1-04- FC Kapstadt,22/08/26,Sat,10:50,Hanover Park,Hanover Park A,,,,,,
43256754,CTTLFA 2026,K1 - Under 16 Premier One,,,K1-08- Northpine United,K1-03- De Beers,22/08/26,Sat,10:50,Northpine United,Central Park A,,,,,,
43256755,CTTLFA 2026,K1 - Under 16 Premier One,,,K1-10- Rygersdal,K1-07- Hellenic,22/08/26,Sat,10:50,Rygersdal,Rygersdal A,,,,,,
43256756,CTTLFA 2026,K1 - Under 16 Premier One,,,K1-11- Table View,K1-01- Camps Bay,22/08/26,Sat,10:50,Table View,Table View A,,,,,,
43257208,CTTLFA 2026,K2 - Under 16 Premier Two,,,K2-01- Clyde Pinelands,K2-12- Young Bafana,22/08/26,Sat,10:50,Clyde Pinelands,Ringwood Drive A,,,,,,
43257209,CTTLFA 2026,K2 - Under 16 Premier Two,,,K2-03- Edgemead G/W,K2-09- Shosholoza,22/08/26,Sat,10:50,Edgemead G/W,Edgemead A,,,,,,
43257210,CTTLFA 2026,K2 - Under 16 Premier Two,,,K2-05- Kensington,K2-04- Fish Hoek,22/08/26,Sat,10:50,Kensington,14 Avenue A,,,,,,
43257211,CTTLFA 2026,K2 - Under 16 Premier Two,,,K2-08- Saxon Rovers,K2-07- Meadowridge,22/08/26,Sat,10:50,Saxon Rovers,Maitland A,,,,,,
43257212,CTTLFA 2026,K2 - Under 16 Premier Two,,,K2-11- Sunningdale City,K2-10- Stephanian Ottery,22/08/26,Sat,10:50,Sunningdale City,Sunningdale A,,,,,,
43805460,CTTLFA 2026,K3 - Under 16 Premier Three,,,K3-04- Chelsea Bridgetown,K3-16- Garlandale,22/08/26,Sat,10:50,Chelsea,Hickory Road A,,,,,,
43805461,CTTLFA 2026,K3 - Under 16 Premier Three,,,K3-07- Grass Boots,K3-08- Green Point Salesians,22/08/26,Sat,10:50,Grass Boots,"Van Riebeeck Park, Sidmouth Road A",,,,,,
43805462,CTTLFA 2026,K3 - Under 16 Premier Three,,,K3-11- Ruyterwacht,K3-17- Queens Park,22/08/26,Sat,10:50,Ruyterwacht,Stan Abbott,,,,,,
44524445,CTTLFA 2026,K3G - Under 16 Premier 3 A&B,,,K3G-01- Avendale Athletico,K3G-07- Goodwood United,22/08/26,Sat,10:50,Avendale Athletico,Field Crescent A,,,,,,
44524446,CTTLFA 2026,K3G - Under 16 Premier 3 A&B,,,K3G-02- Bellville City,K3G-15- YSD Macassar,22/08/26,Sat,10:50,Bellville City,PP Smit Stadium A,,,,,,
44524447,CTTLFA 2026,K3G - Under 16 Premier 3 A&B,,,K3G-03- Bothasig,K3G-10- Holy Cross,22/08/26,Sat,10:50,Bothasig,Abe Sher A,,,,,,
44524448,CTTLFA 2026,K3G - Under 16 Premier 3 A&B,,,K3G-11- Mutual FC,K3G-05- Garden Village,22/08/26,Sat,10:50,Mutual FC,Pinelands Oval A,,,,,,
43279320,CTTLFA 2026,K4 - Under 16 Division Four,,,K4-03- De Beers B.,K4-02- Cape Town Spurs B,22/08/26,Sat,10:50,De Beers,Somerset West B,,,,,,
43279321,CTTLFA 2026,K4 - Under 16 Division Four,,,K4-04- FN Rangers B,K4-07- Rygersdal B,22/08/26,Sat,10:50,FN Rangers,FNB Stadium B,,,,,,
43279322,CTTLFA 2026,K4 - Under 16 Division Four,,,K4-06- Norway Parks B,K4-01- Bye,22/08/26,Sat,10:50,Norway Parks,Royal Road D,,,,,,
43279323,CTTLFA 2026,K4 - Under 16 Division Four,,,K4-08- Saxon Rovers B,K4-11- Wynberg St Johns B.,22/08/26,Sat,10:50,Saxon Rovers,Maitland B,,,,,,
43279324,CTTLFA 2026,K4 - Under 16 Division Four,,,K4-09- Table View B.,K4-05- Northpine United B,22/08/26,Sat,10:50,Table View,Table View B,,,,,,
43279436,CTTLFA 2026,K5 - Under 16 Division Five,,,K5-04- Durbanville B.,K5-07- Goodwood United B,22/08/26,Sat,10:50,Durbanville,Klazinga Park B,,,,,,
43279437,CTTLFA 2026,K5 - Under 16 Division Five,,,K5-05- Edgemead G/W B.,K5-06- Fish Hoek B.,22/08/26,Sat,10:50,Edgemead G/W,Edgemead B,,,,,,
43279439,CTTLFA 2026,K5 - Under 16 Division Five,,,K5-09- Meadowridge B.,K5-02- Bothasig B,22/08/26,Sat,10:50,Meadowridge,Meadowridge A,,,,,,
43805862,CTTLFA 2026,K6 - Under 16 Division Six,,,K6-03- Brooklyn Superstars,K6-01- Bye.,22/08/26,Sat,10:50,Bayview Sports Complex,Brooklyn Bayview Sports Complex A,,,,,,
43805861,CTTLFA 2026,K6 - Under 16 Division Six,,,K6-04- Holy Cross B,K6-05- JMI,22/08/26,Sat,10:50,Holy Cross,Voortrekker Road,,,,,,
43805863,CTTLFA 2026,K6 - Under 16 Division Six,,,K6-09- Table View C,K6-02- Bothasig C,22/08/26,Sat,10:50,Table View,Table View C,,,,,,
43805858,CTTLFA 2026,K6 - Under 16 Division Six,,,K6-10- Shosholoza B,K6-07- Ruyterwacht B,22/08/26,Sat,10:50,Pelican Heights Sports Ground,Shosholoza B,,,,,,
43805859,CTTLFA 2026,K6 - Under 16 Division Six,,,K6-11- Kensington B,K6-06- Meadowridge C,22/08/26,Sat,10:50,Kensington,14 Avenue B,,,,,,
43806928,CTTLFA 2026,K7 - Under 16 Girls Premier One,,,K7-02- Bellville City,K7-06- Fish Hoek,22/08/26,Sat,10:50,Bellville City,PP Smit Stadium B,,,,,,
43806930,CTTLFA 2026,K7 - Under 16 Girls Premier One,,,K7-03- Bothasig,K7-08- Meadowridge,22/08/26,Sat,10:50,Bothasig,Abe Sher C,,,,,,
43806932,CTTLFA 2026,K7 - Under 16 Girls Premier One,,,K7-11- Bye.,K7-09- Bye.,22/08/26,Sat,10:50,Bye,#1,,,,,,
43806929,CTTLFA 2026,K7 - Under 16 Girls Premier One,,,K7-13- Wynberg St Johns,K7-01- Badgers,22/08/26,Sat,10:50,Wynberg st Johns,Wynberg A,,,,,,
43806931,CTTLFA 2026,K7 - Under 16 Girls Premier One,,,K7-14- Nova Generation,K7-10- Rygersdal,22/08/26,Sat,10:50,Nova Generations,Generations Sandown Institute,,,,,,
43806927,CTTLFA 2026,K7 - Under 16 Girls Premier One,,,K7-15- Norway Parks,K7-05- Clyde Pinelands,22/08/26,Sat,10:50,Norway Parks,Royal Road A,,,,,,
43805855,CTTLFA 2026,K8- Under 16 Division Seven,,,K8-02- Durbanville C,K8-01- Bothasig D,22/08/26,Sat,10:50,Durbanville,Klazinga Park C,,,,,,
43805857,CTTLFA 2026,K8- Under 16 Division Seven,,,K8-04- Fish Hoek C.,K8-05- Meadowridge D,22/08/26,Sat,10:50,Fish Hoek,Fish Hoek A,,,,,,
43805856,CTTLFA 2026,K8- Under 16 Division Seven,,,K8-07- Rygersdal C,K8-03- Edgemead G/W C,22/08/26,Sat,10:50,Rygersdal,Rygersdal B,,,,,,
43805860,CTTLFA 2026,K8- Under 16 Division Seven,,,K8-09- YMO FC,K8-08- Table View D,22/08/26,Sat,10:50,YMO FC,Upper Cambridge A,,,,,,
43805864,CTTLFA 2026,K8- Under 16 Division Seven,,,K8-10- Lansdowne,K8-06- Northpine United C,22/08/26,Sat,10:50,Lansdowne,Chukker Road A,,,,,,
43574644,CTTLFA 2026,M8 - Under 14 Girls Premier One,,,M8-01- Bellville City,M8-04- Fish Hoek,22/08/26,Sat,10:50,Bellville City,PP Smit Stadium C,,,,,,
42989911,CTTLFA 2026,I1 - Under 18 Premier One,,,I1-05- FN Rangers,I1-13- Wynberg St Johns,22/08/26,Sat,12:30,FN Rangers,FNB Stadium A,,,,,,
42989906,CTTLFA 2026,I1 - Under 18 Premier One,,,I1-06- Hanover Park,I1-04- FC Kapstadt,22/08/26,Sat,12:30,Hanover Park,Hanover Park A,,,,,,
42989910,CTTLFA 2026,I1 - Under 18 Premier One,,,I1-08- Northpine United,I1-03- De Beers,22/08/26,Sat,12:30,Northpine United,Central Park A,,,,,,
42989907,CTTLFA 2026,I1 - Under 18 Premier One,,,I1-10- Rygersdal,I1-07- Hellenic,22/08/26,Sat,12:30,Rygersdal,Rygersdal A,,,,,,
42989909,CTTLFA 2026,I1 - Under 18 Premier One,,,I1-11- Table View,I1-01- Camps Bay,22/08/26,Sat,12:30,Table View,Table View A,,,,,,
42990091,CTTLFA 2026,I2 - Under 18 Premier Two,,,I2-01- Clyde Pinelands,I2-12- Young Bafana,22/08/26,Sat,12:30,Clyde Pinelands,Ringwood Drive A,,,,,,
42990092,CTTLFA 2026,I2 - Under 18 Premier Two,,,I2-03- Edgemead G/W,I2-09- Shosholoza,22/08/26,Sat,12:30,Edgemead G/W,Edgemead A,,,,,,
42990088,CTTLFA 2026,I2 - Under 18 Premier Two,,,I2-05- Kensington,I2-04- Fish Hoek,22/08/26,Sat,12:30,Kensington,14 Avenue A,,,,,,
42990089,CTTLFA 2026,I2 - Under 18 Premier Two,,,I2-08- Saxon Rovers,I2-07- Meadowridge,22/08/26,Sat,12:30,Saxon Rovers,Maitland A,,,,,,
42990090,CTTLFA 2026,I2 - Under 18 Premier Two,,,I2-11- Sunningdale City,I2-10- Stephanian Ottery,22/08/26,Sat,12:30,Sunningdale City,Sunningdale A,,,,,,
43804808,CTTLFA 2026,I3 - Under 18 Premier Three,,,I3-04- Chelsea Bridgetown,I3-16- Garlandale,22/08/26,Sat,12:30,Chelsea,Hickory Road A,,,,,,
43804810,CTTLFA 2026,I3 - Under 18 Premier Three,,,I3-07- Grass Boots,I3-08- Green Point Salesians,22/08/26,Sat,12:30,Grass Boots,"Van Riebeeck Park, Sidmouth Road A",,,,,,
43804809,CTTLFA 2026,I3 - Under 18 Premier Three,,,I3-11- Ruyterwacht,I3-17- Queens Park,22/08/26,Sat,12:30,Ruyterwacht,Stan Abbott,,,,,,
44510005,CTTLFA 2026,I3G - Under 18 Premier 3 A&B,,,I3G-01- Avendale Athletico,I3G-07- Goodwood United,22/08/26,Sat,12:30,Avendale Athletico,Field Crescent A,,,,,,
44510006,CTTLFA 2026,I3G - Under 18 Premier 3 A&B,,,I3G-02- Bellville City,I3G-15- YSD Macassar,22/08/26,Sat,12:30,Bellville City,PP Smit Stadium A,,,,,,
44510008,CTTLFA 2026,I3G - Under 18 Premier 3 A&B,,,I3G-03- Bothasig,I3G-10- Holy Cross,22/08/26,Sat,12:30,Bothasig,Abe Sher A,,,,,,
44510007,CTTLFA 2026,I3G - Under 18 Premier 3 A&B,,,I3G-11- Mutual FC,I3G-05- Garden Village,22/08/26,Sat,12:30,Mutual FC,Pinelands Oval A,,,,,,
43275142,CTTLFA 2026,I4 - Under 18 Division Four,,,I4-02- Cape Town Spurs B,I4-01- Bothasig B,22/08/26,Sat,12:30,Cape Town Spurs,Ikamva A,,,,,,
43275139,CTTLFA 2026,I4 - Under 18 Division Four,,,I4-03- FN Rangers B,I4-06- Rygersdal B.,22/08/26,Sat,12:30,FN Rangers,FNB Stadium B,,,,,,
43275141,CTTLFA 2026,I4 - Under 18 Division Four,,,I4-05- Norway Parks B,I4-08- Table View B,22/08/26,Sat,12:30,Norway Parks,Royal Road D,,,,,,
43275143,CTTLFA 2026,I4 - Under 18 Division Four,,,I4-10- Wynberg St Johns B.,I4-07- Saxon Rovers B,22/08/26,Sat,12:30,Wynberg st Johns,Wynberg B,,,,,,
43805568,CTTLFA 2026,I5 - Under 18 Division Five,,,I5-01- Bothasig C,I5-11- Tramway,22/08/26,Sat,12:30,Bothasig,Abe Sher C,,,,,,
43805565,CTTLFA 2026,I5 - Under 18 Division Five,,,I5-02- Clyde Pinelands B,I5-08- Ruyterwacht B,22/08/26,Sat,12:30,Clyde Pinelands,Ringwood Drive B,,,,,,
43805564,CTTLFA 2026,I5 - Under 18 Division Five,,,I5-03- Durbanville B.,I5-10- Bellville City B,22/08/26,Sat,12:30,Durbanville,Klazinga Park B,,,,,,
43805567,CTTLFA 2026,I5 - Under 18 Division Five,,,I5-05- Fish Hoek B.,I5-04- Edgemead G/W B.,22/08/26,Sat,12:30,Fish Hoek,Fish Hoek A,,,,,,
43805566,CTTLFA 2026,I5 - Under 18 Division Five,,,I5-07- Meadowridge B.,I5-06- JMI,22/08/26,Sat,12:30,Meadowridge,Meadowridge B,,,,,,
43279435,CTTLFA 2026,K5 - Under 16 Division Five,,,K5-01- Bellville City B.,K5-03- Clyde Pinelands B,22/08/26,Sat,12:30,Bellville City,PP Smit Stadium B,,,,,,
43575487,CTTLFA 2026,D2 - 4th Division,,,D2-03- Edgemead G/W,D2-12- Kensington,22/08/26,Sat,14:00,Edgemead G/W,Edgemead A,,,,,,
43575491,CTTLFA 2026,D2 - 4th Division,,,D2-06- Ruyterwacht,D2-05- Norway Parks,22/08/26,Sat,14:00,Ruyterwacht,Stan Abbot B,,,,,,
43575488,CTTLFA 2026,D2 - 4th Division,,,D2-09- C.R. Vasco Da Gama,D2-01- Avendale Athletico,22/08/26,Sat,14:00,Vasco da Gama,Da Gama Park B,,,,,,
43575492,CTTLFA 2026,D2 - 4th Division,,,D2-10- Wynberg St Johns,D2-02- Bothasig,22/08/26,Sat,14:00,Wynberg st Johns,Wynberg B,,,,,,
43575336,CTTLFA 2026,D3 - 5th Division,,,D3-05-Bellville City,D3-02- Clyde Pinelands,22/08/26,Sat,14:00,Bellville City,PP Smit Stadium C,,,,,,
43575330,CTTLFA 2026,D3 - 5th Division,,,D3-08- Table View,D3-04- Edgemead G/W,22/08/26,Sat,14:00,Table View,Table View B,,,,,,
43575620,CTTLFA 2026,D4 - 6th Division,,,D4-01- Garlandale FC,D4-07- Rygersdal,22/08/26,Sat,14:00,Garlandale,Garlandale A,,,,,,
43575621,CTTLFA 2026,D4 - 6th Division,,,D4-05- Kuilsriver,D4-12- Lansdowne,22/08/26,Sat,14:00,Serepta Sports Ground,Serepta Sports Ground B,,,,,,
43575625,CTTLFA 2026,D4 - 6th Division,,,D4-11- Edgemead G/W,D4-02- Clyde Pinelands,22/08/26,Sat,14:00,Edgemead G/W,Edgemead D,,,,,,
43575756,CTTLFA 2026,F2 - Vets 040 B,,,F2-06- Kuilsriver,F2-12- Sunningdale City B,22/08/26,Sat,14:00,Serepta Sports Ground,Serepta Sports Ground B,,,,,,
43256361,CTTLFA 2026,B2 - First Reserve,,,FR-01- Bellville City FC,FR-09- Northpine United,22/08/26,Sat,14:00,Bellville City,PP Smit Stadium A,,,,,,
43256363,CTTLFA 2026,B2 - First Reserve,,,FR-05- JMI,FR-13- Tramway,22/08/26,Sat,14:00,Norway Parks,Royal Road E,,,,,,
43256362,CTTLFA 2026,B2 - First Reserve,,,FR-06- Kensington,FR-04- Garden Village,22/08/26,Sat,14:00,Kensington,14 Avenue A,,,,,,
43256365,CTTLFA 2026,B2 - First Reserve,,,FR-11- Stephanian Ottery,FR-10- Ruyterwacht,22/08/26,Sat,14:00,Stephanian Ottery,Stephanian Ottery A,,,,,,
43256366,CTTLFA 2026,B2 - First Reserve,,,FR-12- Sunningdale City,FR-03- Brooklyn Superstars,22/08/26,Sat,14:00,Sunningdale City,Sunningdale A,,,,,,
43806449,CTTLFA 2026,G1 - Vets 045 A,,,G1-01- De Beers,G1-03- FN Rangers,22/08/26,Sat,14:00,De Beers,Somerset West A,,,,,,
43806451,CTTLFA 2026,G1 - Vets 045 A,,,G1-05- Meadowridge,G1-02-Edgemead G/W,22/08/26,Sat,14:00,Meadowridge,Meadowridge A,,,,,,
43806450,CTTLFA 2026,G1 - Vets 045 A,,,G1-06- Saxon Rovers,G1-09- Garden Village,22/08/26,Sat,14:00,Saxon Rovers,Maitland B,,,,,,
43806452,CTTLFA 2026,G1 - Vets 045 A,,,G1-08- Bothasig,G1-10- Holy Cross,22/08/26,Sat,14:00,Bothasig,Abe Sher C,,,,,,
43262955,CTTLFA 2026,G4 - Vets 050 A,,,G4-07- Stephanian Ottery,G4-01- Clyde Pinelands,22/08/26,Sat,14:00,Stephanian Ottery,Stephanian Ottery B,,,,,,
43262874,CTTLFA 2026,G5 - Vets 050 B,,,G5-02- Bye.,G5-01- Bothasig,22/08/26,Sat,14:00,Bye,#1,,,,,,
43262871,CTTLFA 2026,G5 - Vets 050 B,,,G5-05- Everton United,G5-09- Meadowridge,22/08/26,Sat,14:00,Heideveld Sports Complex,#1,,,,,,
43262877,CTTLFA 2026,G5 - Vets 050 B,,,G5-08- Lansdowne,G5-10- West End United B,22/08/26,Sat,14:00,Lansdowne,Chukker Road A,,,,,,
43575139,CTTLFA 2026,G6 - Vets O50 C,,,G6-02- Hanover Park C,G6-01- Avendale Athletico,22/08/26,Sat,14:00,Hanover Park,Hanover Park B,,,,,,
43575143,CTTLFA 2026,G6 - Vets O50 C,,,G6-04- Stephanian Ottery B,G6-11- Bye,22/08/26,Sat,14:00,Stephanian Ottery,Stephanian Ottery C,,,,,,
43575142,CTTLFA 2026,G6 - Vets O50 C,,,G6-05- Table View,G6-10- Saxon Rovers,22/08/26,Sat,14:00,Table View,Table View C,,,,,,
43256186,CTTLFA 2026,A2 - Premier Reserve,,,PR-01- Durbanville,PR-14- Wynberg St Johns,22/08/26,Sat,14:00,Durbanville,Klazinga Park A,,,,,,
43256189,CTTLFA 2026,A2 - Premier Reserve,,,PR-09- Rygersdal,PR-03- Fish Hoek,22/08/26,Sat,14:00,Norway Parks,Royal Road A,,,,,,
43256190,CTTLFA 2026,A2 - Premier Reserve,,,PR-11- Table View,PR-08- Norway Parks,22/08/26,Sat,14:00,Table View,Table View A,,,,,,
43256191,CTTLFA 2026,A2 - Premier Reserve,,,PR-12- UCT,PR-07- Holy Cross,22/08/26,Sat,14:00,U C T,U C T,,,,,,
43256567,CTTLFA 2026,C2 - Second Reserve,,,SR-01- Avendale Athletico,SR-09- Goodwood United,22/08/26,Sat,14:00,Avendale Athletico,Field Crescent A,,,,,,
43256569,CTTLFA 2026,C2 - Second Reserve,,,SR-04- Chelsea Bridgetown,SR-06- De Beers,22/08/26,Sat,14:00,Chelsea,Hickory Road A,,,,,,
43256570,CTTLFA 2026,C2 - Second Reserve,,,SR-05- Clyde Pinelands,SR-11- Mutual FC,22/08/26,Sat,14:00,Clyde Pinelands,Ringwood Drive A,,,,,,
43256571,CTTLFA 2026,C2 - Second Reserve,,,SR-07- FC Kapstadt,SR-03- Camps Bay,22/08/26,Sat,14:00,Hanover Park,Hanover Park A,,,,,,
43256572,CTTLFA 2026,C2 - Second Reserve,,,SR-13- Varsity College,SR-14- West End United,22/08/26,Sat,14:00,Avenue De Mist,Ave De Mist - A,,,,,,
43256573,CTTLFA 2026,C2 - Second Reserve,,,SR-15- Young Bafana,SR-08- Bye,22/08/26,Sat,14:00,Young Bafana,YB Arena A,,,,,,
43256574,CTTLFA 2026,C2 - Second Reserve,,,SR-16- YSD Macassar,SR-10- Hellenic,22/08/26,Sat,14:00,YSD Macassar,YSD Macassar A,,,,,,
43575490,CTTLFA 2026,D2 - 4th Division,,,D2-04- Fish Hoek,D2-11- Shosholoza FC,22/08/26,Sat,14:30,Fish Hoek,Fish Hoek A,,,,,,
43575869,CTTLFA 2026,E2- Vets 035 B,,,E2-08- Everton United,E2-01- Bellville City,22/08/26,Sat,15:30,Heideveld Sports Complex,#1,,,,,,
43806453,CTTLFA 2026,G1 - Vets 045 A,,,G1-11- Lansdowne,G1-04- Hanover Park,22/08/26,Sat,15:30,Lansdowne,Chukker Road A,,,,,,
43806454,CTTLFA 2026,G1 - Vets 045 A,,,G1-12- Table View,G1-13- Stephanian Ottery,22/08/26,Sat,15:30,Table View,Table View B,,,,,,
43575141,CTTLFA 2026,G6 - Vets O50 C,,,G6-03- West End United C,G6-06- Tramway B,22/08/26,Sat,15:30,West End United,West End Park B,,,,,,
43575332,CTTLFA 2026,D1 - 3rd Division,,,D1-01- Bellville City FC,D1-02- Bothasig,22/08/26,Sat,15:45,Bellville City,PP Smit Stadium C,,,,,,
43575335,CTTLFA 2026,D1 - 3rd Division,,,D1-11- Shosholoza FC,D1-04- Edgemead G/W,22/08/26,Sat,15:45,Pelican Heights Sports Ground,Pelican A,,,,,,
43575338,CTTLFA 2026,D3 - 5th Division,,,D3-06- Mutual FC,D3-01- Bothasig,22/08/26,Sat,15:45,Mutual FC,Pinelands Oval A,,,,,,
43575334,CTTLFA 2026,D3 - 5th Division,,,D3-10- C.R. Vasco Da Gama,D3-07- Northpine United,22/08/26,Sat,15:45,Vasco da Gama,Da Gama Park B,,,,,,
43575982,CTTLFA 2026,E1- Vets 035,,,E1-02- Camps Bay,E1-04-FN Rangers,22/08/26,Sat,15:45,Camps Bay,Camps Bay A,,,,,,
43575984,CTTLFA 2026,E1- Vets 035,,,E1-05- Goodwood United,E1-08- Ruyterwacht,22/08/26,Sat,15:45,Goodwood,Hamilton Road B,,,,,,
43262556,CTTLFA 2026,F1 - Vets 040 A,,,F1-04- FN Rangers,F1-02- Edgemead G/W,22/08/26,Sat,15:45,FN Rangers,FNB Stadium B,,,,,,
43575757,CTTLFA 2026,F2 - Vets 040 B,,,F2-07- Bye,F2-11- Saxon Rovers,22/08/26,Sat,15:45,Bye,#1,,,,,,
42990279,CTTLFA 2026,B1 - First Division,,,FD-01- Bellville City FC,FD-09- Northpine United,22/08/26,Sat,15:45,Bellville City,PP Smit Stadium A,,,,,,
42990280,CTTLFA 2026,B1 - First Division,,,FD-05- JMI,FD-13- Tramway,22/08/26,Sat,15:45,Norway Parks,Royal Road E,,,,,,
42990283,CTTLFA 2026,B1 - First Division,,,FD-06- Kensington,FD-04- Garden Village,22/08/26,Sat,15:45,Kensington,14 Avenue A,,,,,,
42990281,CTTLFA 2026,B1 - First Division,,,FD-11- Stephanian Ottery,FD-10- Ruyterwacht,22/08/26,Sat,15:45,Stephanian Ottery,Stephanian Ottery A,,,,,,
42990284,CTTLFA 2026,B1 - First Division,,,FD-12- Sunningdale City,FD-03- Brooklyn Superstars,22/08/26,Sat,15:45,Sunningdale City,Sunningdale A,,,,,,
43262954,CTTLFA 2026,G4 - Vets 050 A,,,G4-09- West End United A,G4-02- Fish Hoek,22/08/26,Sat,15:45,West End United,West End Park A,,,,,,
42997001,CTTLFA 2026,A1 - Premier Division,,,PD-09- Rygersdal,PD-03- Fish Hoek,22/08/26,Sat,15:45,Norway Parks,Royal Road A,,,,,,
42997002,CTTLFA 2026,A1 - Premier Division,,,PD-11- Table View,PD-08- Norway Parks,22/08/26,Sat,15:45,Table View,Table View A,,,,,,
42996998,CTTLFA 2026,A1 - Premier Division,,,PD-12- UCT,PD-07- Holy Cross,22/08/26,Sat,15:45,U C T,U C T,,,,,,
43206631,CTTLFA 2026,C1 - Second Division,,,SD-01- Avendale Athletico,SD-09- Goodwood United,22/08/26,Sat,15:45,Avendale Athletico,Field Crescent A,,,,,,
43206632,CTTLFA 2026,C1 - Second Division,,,SD-04- Chelsea Bridgetown,SD-06- De Beers,22/08/26,Sat,15:45,Chelsea,Hickory Road A,,,,,,
43206633,CTTLFA 2026,C1 - Second Division,,,SD-05- Clyde Pinelands,SD-11- Mutual FC,22/08/26,Sat,15:45,Clyde Pinelands,Ringwood Drive A,,,,,,
43206628,CTTLFA 2026,C1 - Second Division,,,SD-07- FC Kapstadt,SD-03- Camps Bay,22/08/26,Sat,15:45,Hanover Park,Hanover Park A,,,,,,
43206629,CTTLFA 2026,C1 - Second Division,,,SD-13- Varsity College,SD-14- West End United,22/08/26,Sat,15:45,Avenue De Mist,Ave De Mist - A,,,,,,
43206635,CTTLFA 2026,C1 - Second Division,,,SD-15- Young Bafana,SD-08- Bye,22/08/26,Sat,15:45,Young Bafana,YB Arena A,,,,,,
43206630,CTTLFA 2026,C1 - Second Division,,,SD-16- YSD Macassar,SD-10- Hellenic,22/08/26,Sat,15:45,YSD Macassar,YSD Macassar A,,,,,,
43257070,CTTLFA 2026,O1 - Under 12 Premier One,,,O1-01- Camps Bay,O1-10- Rygersdal,23/08/26,Sun,08:15,Camps Bay,Maidens Cove,,,,,,
43257071,CTTLFA 2026,O1 - Under 12 Premier One,,,O1-02- Cape Town Spurs,O1-05- FN Rangers,23/08/26,Sun,08:15,Cape Town Spurs,Ikamva A,,,,,,
43257072,CTTLFA 2026,O1 - Under 12 Premier One,,,O1-03- De Beers,O1-06- Hanover Park,23/08/26,Sun,08:15,De Beers,Somerset West A,,,,,,
43257073,CTTLFA 2026,O1 - Under 12 Premier One,,,O1-07- Hellenic,O1-12- CR Vasco Da Gama,23/08/26,Sun,08:15,Hellenic,Tygerhof Sports Complex A,,,,,,
43257074,CTTLFA 2026,O1 - Under 12 Premier One,,,O1-09- Norway Parks,O1-11- Table View,23/08/26,Sun,08:15,Norway Parks,Royal Road A,,,,,,
43257075,CTTLFA 2026,O1 - Under 12 Premier One,,,O1-13- Wynberg St Johns,O1-08- Northpine United,23/08/26,Sun,08:15,Wynberg st Johns,Wynberg A,,,,,,
43257478,CTTLFA 2026,O2 - Under 12 Premier Two,,,O2-06- Kuilsriver,O2-02- Durbanville,23/08/26,Sun,08:15,Serepta Sports Ground,Serepta Sports Ground A,,,,,,
43256914,CTTLFA 2026,M1 - Under 14 Premier One,,,M1-01- Camps Bay,M1-10- Rygersdal,23/08/26,Sun,09:30,Camps Bay,Maidens Cove,,,,,,
43256915,CTTLFA 2026,M1 - Under 14 Premier One,,,M1-02- Cape Town Spurs,M1-05- FN Rangers,23/08/26,Sun,09:30,Cape Town Spurs,Ikamva A,,,,,,
43256916,CTTLFA 2026,M1 - Under 14 Premier One,,,M1-03- De Beers,M1-06- Hanover Park,23/08/26,Sun,09:30,De Beers,Somerset West A,,,,,,
43256917,CTTLFA 2026,M1 - Under 14 Premier One,,,M1-07- Hellenic,M1-12- CR Vasco Da Gama,23/08/26,Sun,09:30,Hellenic,Tygerhof Sports Complex A,,,,,,
43256918,CTTLFA 2026,M1 - Under 14 Premier One,,,M1-09- Norway Parks,M1-11- Table View,23/08/26,Sun,09:30,Norway Parks,Royal Road A,,,,,,
43256919,CTTLFA 2026,M1 - Under 14 Premier One,,,M1-13- Wynberg St Johns,M1-08- Northpine United,23/08/26,Sun,09:30,Wynberg st Johns,Wynberg A,,,,,,
43257346,CTTLFA 2026,M2 - Under 14 Premier Two,,,M2-06- Kuilsriver,M2-02- Durbanville,23/08/26,Sun,09:30,Serepta Sports Ground,Serepta Sports Ground A,,,,,,
43257460,CTTLFA 2026,O2 - Under 12 Premier Two,,,O2-12- Young Bafana,O2-11- Sunningdale City,23/08/26,Sun,09:30,Young Bafana,YB Arena A,,,,,,
43806109,CTTLFA 2026,O8- Under 12 Division Seven,,,O8-03- Mutual B,O8-09- Lansdowne,23/08/26,Sun,10:00,Mutual FC,Pinelands Oval B,,,,,,
43274351,CTTLFA 2026,O5 - Under 12 Division Five,,,O5-08- Kuilsriver B.,O5-11- Sunningdale City B,23/08/26,Sun,10:15,Serepta Sports Ground,Serepta Sports Ground B,,,,,,
43256758,CTTLFA 2026,K1 - Under 16 Premier One,,,K1-01- Camps Bay,K1-10- Rygersdal,23/08/26,Sun,10:50,Camps Bay,Maidens Cove,,,,,,
43256759,CTTLFA 2026,K1 - Under 16 Premier One,,,K1-02- Cape Town Spurs,K1-05- FN Rangers,23/08/26,Sun,10:50,Cape Town Spurs,Ikamva A,,,,,,
43256760,CTTLFA 2026,K1 - Under 16 Premier One,,,K1-03- De Beers,K1-06- Hanover Park,23/08/26,Sun,10:50,De Beers,Somerset West A,,,,,,
43256761,CTTLFA 2026,K1 - Under 16 Premier One,,,K1-07- Hellenic,K1-12- CR Vasco Da Gama,23/08/26,Sun,10:50,Hellenic,Tygerhof Sports Complex A,,,,,,
43256762,CTTLFA 2026,K1 - Under 16 Premier One,,,K1-09- Norway Parks,K1-11- Table View,23/08/26,Sun,10:50,Norway Parks,Royal Road A,,,,,,
43256763,CTTLFA 2026,K1 - Under 16 Premier One,,,K1-13- Wynberg St Johns,K1-08- Northpine United,23/08/26,Sun,10:50,Wynberg st Johns,Wynberg A,,,,,,
43257213,CTTLFA 2026,K2 - Under 16 Premier Two,,,K2-06- Kuilsriver,K2-02- Durbanville,23/08/26,Sun,10:50,Serepta Sports Ground,Serepta Sports Ground A,,,,,,
43257195,CTTLFA 2026,K2 - Under 16 Premier Two,,,K2-12- Young Bafana,K2-11- Sunningdale City,23/08/26,Sun,10:50,Young Bafana,YB Arena A,,,,,,
43274235,CTTLFA 2026,O4 - Under 12 Division Four,,,O4-01- Camps Bay B.,O4-06- Norway Parks B,23/08/26,Sun,10:50,Camps Bay,Camps Bay A,,,,,,
43279548,CTTLFA 2026,M5 - Under 14 Division Five,,,M5-08- Kuilsriver B.,M5-11- Sunningdale City B,23/08/26,Sun,11:30,Serepta Sports Ground,Serepta Sports Ground B,,,,,,
43806916,CTTLFA 2026,K7 - Under 16 Girls Premier One,,,K7-03- Bothasig,K7-10- Rygersdal,23/08/26,Sun,12:00,Bothasig,Abe Sher C,,,,,,
42989914,CTTLFA 2026,I1 - Under 18 Premier One,,,I1-01- Camps Bay,I1-10- Rygersdal,23/08/26,Sun,12:30,Camps Bay,Maidens Cove,,,,,,
42989917,CTTLFA 2026,I1 - Under 18 Premier One,,,I1-02- Cape Town Spurs,I1-05- FN Rangers,23/08/26,Sun,12:30,Cape Town Spurs,Ikamva A,,,,,,
42989913,CTTLFA 2026,I1 - Under 18 Premier One,,,I1-03- De Beers,I1-06- Hanover Park,23/08/26,Sun,12:30,De Beers,Somerset West A,,,Postponed,,,
42989915,CTTLFA 2026,I1 - Under 18 Premier One,,,I1-07- Hellenic,I1-12- CR Vasco Da Gama,23/08/26,Sun,12:30,Hellenic,Tygerhof Sports Complex A,,,Postponed,,,
42989912,CTTLFA 2026,I1 - Under 18 Premier One,,,I1-09- Norway Parks,I1-11- Table View,23/08/26,Sun,12:30,Norway Parks,Royal Road A,,,,,,
42989916,CTTLFA 2026,I1 - Under 18 Premier One,,,I1-13- Wynberg St Johns,I1-08- Northpine United,23/08/26,Sun,12:30,Wynberg st Johns,Wynberg A,,,,,,
42990087,CTTLFA 2026,I2 - Under 18 Premier Two,,,I2-06- Kuilsriver,I2-02- Durbanville,23/08/26,Sun,12:30,Serepta Sports Ground,Serepta Sports Ground A,,,,,,
42990082,CTTLFA 2026,I2 - Under 18 Premier Two,,,I2-12- Young Bafana,I2-08- Saxon Rovers,23/08/26,Sun,12:30,Young Bafana,YB Arena A,,,,,,
43279438,CTTLFA 2026,K5 - Under 16 Division Five,,,K5-08- Kuilsriver B.,K5-11- Sunningdale City B,23/08/26,Sun,12:50,Serepta Sports Ground,Serepta Sports Ground B,,,,,,
43806584,CTTLFA 2026,H1 - Womens Premier League,,,H1-08- Magic Ladies,H1-12- Bye.,23/08/26,Sun,13:00,Avenue De Mist,Ave De Mist - A,0,0,,Y,,
43575538,CTTLFA 2026,D4 - 6th Division,,,D4-01- Garlandale FC,D4-12- Lansdowne,23/08/26,Sun,14:00,Garlandale,Garlandale A,,,,,,
43256284,CTTLFA 2026,B2 - First Reserve,,,FR-03- Brooklyn Superstars,FR-12- Sunningdale City,23/08/26,Sun,14:00,Bayview Sports Complex,Brooklyn Bayview Sports Complex A,,,,,,
43256283,CTTLFA 2026,B2 - First Reserve,,,FR-07- Kuilsriver,FR-08- Meadowridge,23/08/26,Sun,14:00,Serepta Sports Ground,Serepta Sports Ground A,,,,,,
43256575,CTTLFA 2026,C2 - Second Reserve,,,SR-01- Avendale Athletico,SR-16- YSD Macassar,23/08/26,Sun,14:00,Avendale Athletico,Field Crescent A,,,,,,
43256581,CTTLFA 2026,C2 - Second Reserve,,,SR-04- Chelsea Bridgetown,SR-12- Queens Park,23/08/26,Sun,14:00,Chelsea,Hickory Road A,,,,,,
43256577,CTTLFA 2026,C2 - Second Reserve,,,SR-06- De Beers,SR-05- Clyde Pinelands,23/08/26,Sun,14:00,De Beers,Somerset West A,,,,,,
43256578,CTTLFA 2026,C2 - Second Reserve,,,SR-09- Goodwood United,SR-08- Bye,23/08/26,Sun,14:00,Goodwood,Hamilton Road A,,,,,,
43256579,CTTLFA 2026,C2 - Second Reserve,,,SR-10- Hellenic,SR-13- Varsity College,23/08/26,Sun,14:00,Hellenic,Tygerhof Sports Complex A,,,,,,
43256580,CTTLFA 2026,C2 - Second Reserve,,,SR-11- Mutual FC,SR-15- Young Bafana,23/08/26,Sun,14:00,Mutual FC,Pinelands Oval A,,,,,,
43256582,CTTLFA 2026,C2 - Second Reserve,,,SR-14- West End United,SR-07- FC Kapstadt,23/08/26,Sun,14:00,West End United,West End Park A,,,,,,
42990203,CTTLFA 2026,B1 - First Division,,,FD-03- Brooklyn Superstars,FD-12- Sunningdale City,23/08/26,Sun,15:45,Bayview Sports Complex,Brooklyn Bayview Sports Complex A,,,,,,
42990201,CTTLFA 2026,B1 - First Division,,,FD-07- Kuilsriver,FD-08- Meadowridge,23/08/26,Sun,15:45,Serepta Sports Ground,Serepta Sports Ground A,,,,,,
43206636,CTTLFA 2026,C1 - Second Division,,,SD-01- Avendale Athletico,SD-16- YSD Macassar,23/08/26,Sun,15:45,Avendale Athletico,Field Crescent A,,,,,,
43206637,CTTLFA 2026,C1 - Second Division,,,SD-04- Chelsea Bridgetown,SD-12- Queens Park,23/08/26,Sun,15:45,Chelsea,Hickory Road A,,,,,,
43206639,CTTLFA 2026,C1 - Second Division,,,SD-06- De Beers,SD-05- Clyde Pinelands,23/08/26,Sun,15:45,De Beers,Somerset West A,,,,,,
43206640,CTTLFA 2026,C1 - Second Division,,,SD-09- Goodwood United,SD-08- Bye,23/08/26,Sun,15:45,Goodwood,Hamilton Road A,,,,,,
43206641,CTTLFA 2026,C1 - Second Division,,,SD-10- Hellenic,SD-13- Varsity College,23/08/26,Sun,15:45,Hellenic,Tygerhof Sports Complex A,,,,,,
43206642,CTTLFA 2026,C1 - Second Division,,,SD-11- Mutual FC,SD-15- Young Bafana,23/08/26,Sun,15:45,Mutual FC,Pinelands Oval A,,,,,,
43206643,CTTLFA 2026,C1 - Second Division,,,SD-14- West End United,SD-07- FC Kapstadt,23/08/26,Sun,15:45,West End United,West End Park A,,,,,,
43806582,CTTLFA 2026,H1 - Womens Premier League,,,H1-06- Green Point Salesians,H1-04- Fish Hoek,24/08/26,Mon,19:00,Green Point,Green Point A,,,,,,
43806446,CTTLFA 2026,G1 - Vets 045 A,,,G1-02-Edgemead G/W,G1-11- Lansdowne,25/08/26,Tue,19:00,Edgemead G/W,Edgemead C,,,,,,
43256178,CTTLFA 2026,A2 - Premier Reserve,,,PR-02- Edgemead G/W,PR-06- Hanover Park,25/08/26,Tue,19:00,Edgemead G/W,Edgemead A,,,,,,
43256193,CTTLFA 2026,A2 - Premier Reserve,,,PR-05- Green Point Salesians,PR-12- UCT,25/08/26,Tue,19:00,Green Point,Green Point A,,,,,,
43575560,CTTLFA 2026,D4 - 6th Division,,,D4-03- De Beers,D4-01- Garlandale FC,25/08/26,Tue,20:00,De Beers,Somerset West B,,,,,,
43575933,CTTLFA 2026,E1- Vets 035,,,E1-02- Camps Bay,E1-07- Kensington,25/08/26,Tue,20:00,Camps Bay,Camps Bay A,,,,,,
43806370,CTTLFA 2026,G1 - Vets 045 A,,,G1-06- Saxon Rovers,G1-13- Stephanian Ottery,25/08/26,Tue,20:00,Saxon Rovers,Maitland A,,,,,,
43575671,CTTLFA 2026,F2 - Vets 040 B,,,F2-01- Avendale Athletico,F2-11- Saxon Rovers,25/08/26,Tue,20:30,Chelsea,Hickory Road A,,,,,,
42996993,CTTLFA 2026,A1 - Premier Division,,,PD-02- Edgemead G/W,PD-06- Hanover Park,25/08/26,Tue,20:30,Edgemead G/W,Edgemead A,,,,,,
42996975,CTTLFA 2026,A1 - Premier Division,,,PD-05- Green Point Salesians,PD-12- UCT,25/08/26,Tue,20:30,Green Point,Green Point A,,,,,,
43317274,CTTLFA 2026,H2 - Womens First Division,,,H2-07- Norway Parks,H2-13- Hout Bay,26/08/26,Wed,19:00,Norway Parks,Royal Road A,,,,,,
43317276,CTTLFA 2026,H2 - Womens First Division,,,H2-08- Saxon Rovers,H2-03- Green Point Salesians B,26/08/26,Wed,19:00,Saxon Rovers,Maitland A,,,,,,
43806922,CTTLFA 2026,K7 - Under 16 Girls Premier One,,,K7-05- Clyde Pinelands,K7-04- Camps Bay,26/08/26,Wed,19:00,Clyde Pinelands,Ringwood Drive A,,,,,,
43806841,CTTLFA 2026,K7 - Under 16 Girls Premier One,,,K7-10- Rygersdal,K7-03- Bothasig,26/08/26,Wed,19:00,Rygersdal,Rygersdal B,,,,,,
43575983,CTTLFA 2026,E1- Vets 035,,,E1-11- C.R. Vasco Da Gama,E1-09- Bye,26/08/26,Wed,19:30,Vasco da Gama,Da Gama Park A,,,,,,
43575760,CTTLFA 2026,F2 - Vets 040 B,,,F2-10- Jamestown United,F2-03- Garlandale,26/08/26,Wed,19:45,Garlandale,Garlandale B,,,,,,
43575148,CTTLFA 2026,G6 - Vets O50 C,,,G6-06- Tramway B,G6-02- Hanover Park C,26/08/26,Wed,20:00,Tramway,Groenewald Park A,,,,,,
43575489,CTTLFA 2026,D2 - 4th Division,,,D2-07- Rygersdal,D2-08- Table View,27/08/26,Thu,19:00,U C T,U C T,,,,,,
43806442,CTTLFA 2026,G1 - Vets 045 A,,,G1-02-Edgemead G/W,G1-12- Table View,27/08/26,Thu,19:30,Edgemead G/W,Edgemead C,,,,,,
43262887,CTTLFA 2026,G5 - Vets 050 B,,,G5-04- Edgemead G/W,G5-07- Hanover Park B,27/08/26,Thu,19:30,Edgemead G/W,Edgemead C,,,,,,
43575873,CTTLFA 2026,E2- Vets 035 B,,,E2-01- Bellville City,E2-07- Meadowridge,27/08/26,Thu,20:00,Bellville City,PP Smit Stadium C,,,,,,
43575762,CTTLFA 2026,F2 - Vets 040 B,,,F2-05- Green Point Salesians,F2-07- Bye,27/08/26,Thu,20:15,Green Point,Green Point A,,,,,,
43575876,CTTLFA 2026,E2- Vets 035 B,,,E2-03- Green Point Salesians,E2-08- Everton United,27/08/26,Thu,20:30,Green Point,Green Point A,,,,,,
43262570,CTTLFA 2026,F1 - Vets 040 A,,,F1-07- Rygersdal,F1-05- Hanover Park,27/08/26,Thu,20:30,U C T,U C T,,,,,,
43574649,CTTLFA 2026,M8 - Under 14 Girls Premier One,,,M8-05- Meadowridge,M8-02- Bothasig,28/08/26,Fri,18:30,Meadowridge,Meadowridge A,,,,,,
43574536,CTTLFA 2026,O7 - Under 12 Girls Premier One (9v9),,,O7-05- Meadowridge A,O7-03- Fish Hoek.,28/08/26,Fri,18:30,Meadowridge,Meadowridge B,,,,,,
43575758,CTTLFA 2026,F2 - Vets 040 B,,,F2-02- Bothasig,F2-12- Sunningdale City B,28/08/26,Fri,19:00,Bothasig,Abe Sher B,,,,,,
43575696,CTTLFA 2026,F2 - Vets 040 B,,,F2-06- Kuilsriver,F2-08- Kensington,28/08/26,Fri,19:00,Serepta Sports Ground,Serepta Sports Ground A,,,,,,
43575147,CTTLFA 2026,G6 - Vets O50 C,,,G6-11- Bye,G6-03- West End United C,28/08/26,Fri,19:00,Bye,#1,,,,,,
43806587,CTTLFA 2026,H1 - Womens Premier League,,,H1-03- Clyde Pinelands,H1-05- FN Rangers,28/08/26,Fri,19:00,Clyde Pinelands,Ringwood Drive B,,,,,,
43806591,CTTLFA 2026,H1 - Womens Premier League,,,H1-04- Fish Hoek,H1-12- Bye.,28/08/26,Fri,19:00,Fish Hoek,Fish Hoek A,0,0,,Y,,
43806589,CTTLFA 2026,H1 - Womens Premier League,,,H1-09- Northpine United,H1-08- Magic Ladies,28/08/26,Fri,19:00,Northpine United,Central Park A,,,,,,
43317367,CTTLFA 2026,H2 - Womens First Division,,,H2-03- Green Point Salesians B,H2-06- Meadowridge,28/08/26,Fri,19:00,Green Point,Green Point A,,,,,,
43317366,CTTLFA 2026,H2 - Womens First Division,,,H2-10- UCT B,H2-08- Saxon Rovers,28/08/26,Fri,19:00,U C T,U C T,,,,,,
43256197,CTTLFA 2026,A2 - Premier Reserve,,,PR-06- Hanover Park,PR-13- C.R. Vasco Da Gama,28/08/26,Fri,19:00,Hanover Park,Hanover Park A,,,,,,
43256584,CTTLFA 2026,C2 - Second Reserve,,,SR-04- Chelsea Bridgetown,SR-03- Camps Bay,28/08/26,Fri,19:00,Chelsea,Hickory Road A,,,,,,
43262566,CTTLFA 2026,F1 - Vets 040 A,,,F1-10- C.R. Vasco Da Gama,F1-06- Norway Parks,28/08/26,Fri,19:30,Vasco da Gama,Da Gama Park A,,,,,,
43262960,CTTLFA 2026,G4 - Vets 050 A,,,G4-08- Tramway,G4-09- West End United A,28/08/26,Fri,19:30,Tramway,Groenewald Park A,,,,,,
43262881,CTTLFA 2026,G5 - Vets 050 B,,,G5-03- Durbanville,G5-05- Everton United,28/08/26,Fri,19:30,Durbanville,Klazinga Park B,,,,,,
43317365,CTTLFA 2026,H2 - Womens First Division,,,H2-02- Bothasig,H2-13- Hout Bay,28/08/26,Fri,19:30,Bothasig,Abe Sher A,,,,,,
43806118,CTTLFA 2026,O8- Under 12 Division Seven,,,O8-06- Rygersdal C,O8-04- Meadowridge D,28/08/26,Fri,19:30,Meadowridge,Meadowridge B,,,,,,
43806455,CTTLFA 2026,G1 - Vets 045 A,,,G1-10- Holy Cross,G1-03- FN Rangers,28/08/26,Fri,20:00,Holy Cross,Voortrekker Road,,,,,,
43575347,CTTLFA 2026,D3 - 5th Division,,,D3-07- Northpine United,D3-09- Tramway,28/08/26,Fri,20:30,Northpine United,Central Park A,,,,,,
43575627,CTTLFA 2026,D4 - 6th Division,,,D4-10- Sunningdale City,D4-04- Holy Cross,28/08/26,Fri,20:30,Sunningdale City,Sunningdale B,,,,,,
43575987,CTTLFA 2026,E1- Vets 035,,,E1-07- Kensington,E1-01- Avendale Athletico,28/08/26,Fri,20:30,Kensington,14 Avenue A,,,,,,
43262568,CTTLFA 2026,F1 - Vets 040 A,,,F1-08- Stephanian Ottery,F1-03- Fish Hoek,28/08/26,Fri,20:30,Stephanian Ottery,Stephanian Ottery A,,,,,,
43575759,CTTLFA 2026,F2 - Vets 040 B,,,F2-09- Wynberg St Johns,F2-11- Saxon Rovers,28/08/26,Fri,20:30,Wynberg st Johns,Wynberg B,,,,,,
43262922,CTTLFA 2026,G4 - Vets 050 A,,,G4-06- Rygersdal,G4-01- Clyde Pinelands,28/08/26,Fri,20:30,U C T,U C T,,,,,,
43806588,CTTLFA 2026,H1 - Womens Premier League,,,H1-06- Green Point Salesians,H1-11- UCT,28/08/26,Fri,20:30,Green Point,Green Point A,,,,,,
42997005,CTTLFA 2026,A1 - Premier Division,,,PD-06- Hanover Park,PD-13- C.R. Vasco Da Gama,28/08/26,Fri,20:30,Hanover Park,Hanover Park A,,,,,,
43206649,CTTLFA 2026,C1 - Second Division,,,SD-04- Chelsea Bridgetown,SD-03- Camps Bay,28/08/26,Fri,20:30,Chelsea,Hickory Road A,,,,,,
43257076,CTTLFA 2026,O1 - Under 12 Premier One,,,O1-04- FC Kapstadt,O1-03- De Beers,29/08/26,Sat,08:15,FC Kapstadt,Hartleyvale D,,,,,,
43257077,CTTLFA 2026,O1 - Under 12 Premier One,,,O1-05- FN Rangers,O1-07- Hellenic,29/08/26,Sat,08:15,FN Rangers,FNB Stadium A,,,,,,
43257078,CTTLFA 2026,O1 - Under 12 Premier One,,,O1-06- Hanover Park,O1-13- Wynberg St Johns,29/08/26,Sat,08:15,Hanover Park,Hanover Park A,,,,,,
43257079,CTTLFA 2026,O1 - Under 12 Premier One,,,O1-08- Northpine United,O1-02- Cape Town Spurs,29/08/26,Sat,08:15,Northpine United,Central Park A,,,,,,
43257080,CTTLFA 2026,O1 - Under 12 Premier One,,,O1-10- Rygersdal,O1-09- Norway Parks,29/08/26,Sat,08:15,Rygersdal,Zwaanswyk High School,,,,,,
43257081,CTTLFA 2026,O1 - Under 12 Premier One,,,O1-12- CR Vasco Da Gama,O1-01- Camps Bay,29/08/26,Sat,08:15,Vasco da Gama,Da Gama Park B,,,,,,
43257415,CTTLFA 2026,O2 - Under 12 Premier Two,,,O2-04- Fish Hoek,O2-02- Durbanville,29/08/26,Sat,08:15,Fish Hoek,Fish Hoek A,,,,,,
43257480,CTTLFA 2026,O2 - Under 12 Premier Two,,,O2-06- Kuilsriver,O2-11- Sunningdale City,29/08/26,Sat,08:15,Serepta Sports Ground,Serepta Sports Ground A,,,,,,
43257481,CTTLFA 2026,O2 - Under 12 Premier Two,,,O2-07- Meadowridge,O2-01- Clyde Pinelands,29/08/26,Sat,08:15,Meadowridge,Meadowridge A,,,,,,
43257482,CTTLFA 2026,O2 - Under 12 Premier Two,,,O2-09- Shosholoza,O2-08- Saxon Rovers,29/08/26,Sat,08:15,Pelican Heights Sports Ground,Pelican A,,,,,,
43257483,CTTLFA 2026,O2 - Under 12 Premier Two,,,O2-10- Stephanian Ottery,O2-03- Edgemead G/W,29/08/26,Sat,08:15,Stephanian Ottery,Stephanian Ottery A,,,,,,
43257484,CTTLFA 2026,O2 - Under 12 Premier Two,,,O2-12- Young Bafana,O2-05- Kensington,29/08/26,Sat,08:15,Young Bafana,YB Arena A,,,,,,
44523780,CTTLFA 2026,O3G - Under 12 Premier 3 A&B,,,O3G-02- Bellville City,O3G-12- Queens Park,29/08/26,Sat,08:15,Bellville City,PP Smit Stadium C,,,,,,
44523781,CTTLFA 2026,O3G - Under 12 Premier 3 A&B,,,O3G-05- Garden Village,O3G-14- West End United,29/08/26,Sat,08:15,Garden Village,Alexander Road,,,,,,
44523782,CTTLFA 2026,O3G - Under 12 Premier 3 A&B,,,O3G-06- Garlandale FC,O3G-11- Mutual FC,29/08/26,Sat,08:15,Garlandale,Garlandale A,,,,,,
44523783,CTTLFA 2026,O3G - Under 12 Premier 3 A&B,,,O3G-07- Goodwood United,O3G-01- Avendale Athletico,29/08/26,Sat,08:15,Goodwood,Hamilton Road A,,,,,,
44523785,CTTLFA 2026,O3G - Under 12 Premier 3 A&B,,,O3G-13- Ruyterwacht,O3G-03- Bothasig,29/08/26,Sat,08:15,Ruyterwacht,Stan Abbott,,,,,,
44523786,CTTLFA 2026,O3G - Under 12 Premier 3 A&B,,,O3G-15- YSD Macassar,O3G-09- Green Point Salesians,29/08/26,Sat,08:15,YSD Macassar,YSD Macassar A,,,,,,
43274360,CTTLFA 2026,O4 - Under 12 Division Four,,,O4-01- Camps Bay B.,O4-09- Table View B,29/08/26,Sat,08:15,Camps Bay,Camps Bay A,,,,,,
43274362,CTTLFA 2026,O4 - Under 12 Division Four,,,O4-02- Cape Town Spurs B,O4-04- FN Rangers B,29/08/26,Sat,08:15,Cape Town Spurs,Ikamva D,,,,,,
43274364,CTTLFA 2026,O4 - Under 12 Division Four,,,O4-07- Rygersdal B,O4-08- Saxon Rovers B,29/08/26,Sat,08:15,Rygersdal,Rygersdal B,,,,,,
43274359,CTTLFA 2026,O4 - Under 12 Division Four,,,O4-10- CR Vasco Da Gama B,O4-03- De Beers B.,29/08/26,Sat,08:15,Vasco da Gama,Da Gama Park C,,,,,,
43274357,CTTLFA 2026,O4 - Under 12 Division Four,,,O4-11- Wynberg St Johns B.,O4-06- Norway Parks B,29/08/26,Sat,08:15,Wynberg st Johns,Wynberg B,,,,,,
43274355,CTTLFA 2026,O5 - Under 12 Division Five,,,O5-02- Bothasig B,O5-01- Bellville City B.,29/08/26,Sat,08:15,Bothasig,Abe Sher A,,,,,,
43274358,CTTLFA 2026,O5 - Under 12 Division Five,,,O5-07- Goodwood United B,O5-09- Meadowridge B.,29/08/26,Sat,08:15,Goodwood,Hamilton Road B,,,,,,
43274361,CTTLFA 2026,O5 - Under 12 Division Five,,,O5-10- Stephanian Ottery B,O5-04- Durbanville B.,29/08/26,Sat,08:15,Stephanian Ottery,Stephanian Ottery B,,,,,,
43274363,CTTLFA 2026,O5 - Under 12 Division Five,,,O5-11- Sunningdale City B,O5-05- Edgemead G/W B.,29/08/26,Sat,08:15,Sunningdale City,Sunningdale A,,,,,,
43331149,CTTLFA 2026,O6 - Under 12 Division Six,,,O6-02- Brooklyn Superstars,O6-03- Kensington B,29/08/26,Sat,08:15,Bayview Sports Complex,Brooklyn Bayview Sports Complex A,,,,,,
43331152,CTTLFA 2026,O6 - Under 12 Division Six,,,O6-07- Meadowridge C,O6-06- Grass Boots B,29/08/26,Sat,08:15,Meadowridge,Meadowridge B,,,,,,
43331150,CTTLFA 2026,O6 - Under 12 Division Six,,,O6-08- Stephanian Ottery C,O6-05- Fish Hoek C,29/08/26,Sat,08:15,Stephanian Ottery,Stephanian Ottery C,,,,,,
43331151,CTTLFA 2026,O6 - Under 12 Division Six,,,O6-09- Holy Cross B,O6-01- Bothasig C,29/08/26,Sat,08:15,Holy Cross,Holy Cross School A,,,,,,
43574538,CTTLFA 2026,O7 - Under 12 Girls Premier One (9v9),,,O7-04- Bye,O7-09- Hout Bay,29/08/26,Sat,08:15,Bye,#1,,,,,,
43574537,CTTLFA 2026,O7 - Under 12 Girls Premier One (9v9),,,O7-08- Wynberg St Johns,O7-02- Bothasig,29/08/26,Sat,08:15,Wynberg st Johns,Wynberg C,,,,,,
43806116,CTTLFA 2026,O8- Under 12 Division Seven,,,O8-02- Durbanville C,O8-09- Lansdowne,29/08/26,Sat,08:15,Durbanville,Klazinga Park C,,,,,,
43806119,CTTLFA 2026,O8- Under 12 Division Seven,,,O8-05- Norway Parks C,O8-01- Tramway,29/08/26,Sat,08:15,Norway Parks,Royal Road D,,,,,,
43806120,CTTLFA 2026,O8- Under 12 Division Seven,,,O8-07- Tramway B,O8-03- Mutual B,29/08/26,Sat,08:15,Tramway,Groenewald Park B,,,,,,
43806117,CTTLFA 2026,O8- Under 12 Division Seven,,,O8-08- Wynberg St Johns C,O8-10- Garlandale B,29/08/26,Sat,08:15,Wynberg st Johns,Wynberg A,,,,,,
43256920,CTTLFA 2026,M1 - Under 14 Premier One,,,M1-04- FC Kapstadt,M1-03- De Beers,29/08/26,Sat,09:30,FC Kapstadt,Hartleyvale D,,,,,,
43256921,CTTLFA 2026,M1 - Under 14 Premier One,,,M1-05- FN Rangers,M1-07- Hellenic,29/08/26,Sat,09:30,FN Rangers,FNB Stadium A,,,,,,
43256922,CTTLFA 2026,M1 - Under 14 Premier One,,,M1-06- Hanover Park,M1-13- Wynberg St Johns,29/08/26,Sat,09:30,Hanover Park,Hanover Park A,,,,,,
43256923,CTTLFA 2026,M1 - Under 14 Premier One,,,M1-08- Northpine United,M1-02- Cape Town Spurs,29/08/26,Sat,09:30,Northpine United,Central Park A,,,,,,
43256924,CTTLFA 2026,M1 - Under 14 Premier One,,,M1-10- Rygersdal,M1-09- Norway Parks,29/08/26,Sat,09:30,Rygersdal,Zwaanswyk High School,,,,,,
43256925,CTTLFA 2026,M1 - Under 14 Premier One,,,M1-12- CR Vasco Da Gama,M1-01- Camps Bay,29/08/26,Sat,09:30,Vasco da Gama,Da Gama Park B,,,,,,
43257283,CTTLFA 2026,M2 - Under 14 Premier Two,,,M2-04- Fish Hoek,M2-02- Durbanville,29/08/26,Sat,09:30,Fish Hoek,Fish Hoek A,,,,,,
43257348,CTTLFA 2026,M2 - Under 14 Premier Two,,,M2-06- Kuilsriver,M2-11- Sunningdale City,29/08/26,Sat,09:30,Serepta Sports Ground,Serepta Sports Ground A,,,,,,
43257349,CTTLFA 2026,M2 - Under 14 Premier Two,,,M2-07- Meadowridge,M2-01- Clyde Pinelands,29/08/26,Sat,09:30,Meadowridge,Meadowridge A,,,,,,
43257350,CTTLFA 2026,M2 - Under 14 Premier Two,,,M2-09- Shosholoza,M2-08- Saxon Rovers,29/08/26,Sat,09:30,Pelican Heights Sports Ground,Pelican A,,,,,,
43257351,CTTLFA 2026,M2 - Under 14 Premier Two,,,M2-10- Stephanian Ottery,M2-03- Edgemead G/W,29/08/26,Sat,09:30,Stephanian Ottery,Stephanian Ottery A,,,,,,
43257352,CTTLFA 2026,M2 - Under 14 Premier Two,,,M2-12- Young Bafana,M2-05- Kensington,29/08/26,Sat,09:30,Young Bafana,YB Arena A,,,,,,
44524180,CTTLFA 2026,M3G - Under 14 Premier 3 A&B,,,M3G-02- Bellville City,M3G-12- Queens Park,29/08/26,Sat,09:30,Bellville City,PP Smit Stadium A,,,,,,
44524181,CTTLFA 2026,M3G - Under 14 Premier 3 A&B,,,M3G-05- Garden Village,M3G-14- West End United,29/08/26,Sat,09:30,Garden Village,Alexander Road,,,,,,
44524182,CTTLFA 2026,M3G - Under 14 Premier 3 A&B,,,M3G-06- Garlandale FC,M3G-11- Mutual FC,29/08/26,Sat,09:30,Garlandale,Garlandale A,,,,,,
44524183,CTTLFA 2026,M3G - Under 14 Premier 3 A&B,,,M3G-07- Goodwood United,M3G-01- Avendale Athletico,29/08/26,Sat,09:30,Goodwood,Hamilton Road A,,,,,,
44524185,CTTLFA 2026,M3G - Under 14 Premier 3 A&B,,,M3G-13- Ruyterwacht,M3G-03- Bothasig,29/08/26,Sat,09:30,Ruyterwacht,Stan Abbott,,,,,,
44524186,CTTLFA 2026,M3G - Under 14 Premier 3 A&B,,,M3G-15- YSD Macassar,M3G-09- Green Point Salesians,29/08/26,Sat,09:30,YSD Macassar,YSD Macassar A,,,,,,
43279214,CTTLFA 2026,M4 - Under 14 Division Four,,,M4-01- Camps Bay B.,M4-09- Table View B,29/08/26,Sat,09:30,Camps Bay,Camps Bay A,,,,,,
43279215,CTTLFA 2026,M4 - Under 14 Division Four,,,M4-02- Cape Town Spurs B,M4-04- FN Rangers B,29/08/26,Sat,09:30,Cape Town Spurs,Ikamva C,,,,,,
43279216,CTTLFA 2026,M4 - Under 14 Division Four,,,M4-07- Rygersdal B,M4-08- Saxon Rovers B.,29/08/26,Sat,09:30,Rygersdal,Rygersdal B,,,,,,
43279218,CTTLFA 2026,M4 - Under 14 Division Four,,,M4-10- CR Vasco Da Gama B,M4-03- De Beers B.,29/08/26,Sat,09:30,Vasco da Gama,Da Gama Park C,,,,,,
43279219,CTTLFA 2026,M4 - Under 14 Division Four,,,M4-11- Wynberg St Johns B.,M4-06- Norway Parks B,29/08/26,Sat,09:30,Wynberg st Johns,Wynberg B,,,,,,
43279550,CTTLFA 2026,M5 - Under 14 Division Five,,,M5-02- Bothasig B,M5-01- Bellville City B.,29/08/26,Sat,09:30,Bothasig,Abe Sher A,,,,,,
43279552,CTTLFA 2026,M5 - Under 14 Division Five,,,M5-07- Goodwood United B,M5-09- Meadowridge B.,29/08/26,Sat,09:30,Goodwood,Hamilton Road B,,,,,,
43279553,CTTLFA 2026,M5 - Under 14 Division Five,,,M5-10- Stephanian Ottery B,M5-04- Durbanville B.,29/08/26,Sat,09:30,Stephanian Ottery,Stephanian Ottery B,,,,,,
43279554,CTTLFA 2026,M5 - Under 14 Division Five,,,M5-11- Sunningdale City B,M5-05- Edgemead G/W B.,29/08/26,Sat,09:30,Sunningdale City,Sunningdale A,,,,,,
43272906,CTTLFA 2026,M6 - Under 14 Division Six,,,M6-04- Kensington B,M6-07- Hellenic B,29/08/26,Sat,09:30,Kensington,14 Avenue B,,,,,,
43272904,CTTLFA 2026,M6 - Under 14 Division Six,,,M6-05- Edgemead G/W C,M6-01- Shosholoza B,29/08/26,Sat,09:30,Edgemead G/W,Edgemead C,,,,,,
43806260,CTTLFA 2026,M7 - Under 14 Division Seven,,,M7-01- Bothasig C,M7-04- Northpine United C,29/08/26,Sat,09:30,Bothasig,Abe Sher B,,,,,,
43806259,CTTLFA 2026,M7 - Under 14 Division Seven,,,M7-06- Sunningdale City C.,M7-03- Meadowridge C,29/08/26,Sat,09:30,Sunningdale City,Sunningdale B,,,,,,
43806257,CTTLFA 2026,M7 - Under 14 Division Seven,,,M7-08- Wynberg St Johns C,M7-10- Lansdowne,29/08/26,Sat,09:30,Wynberg st Johns,Wynberg A,,,,,,
43806261,CTTLFA 2026,M7 - Under 14 Division Seven,,,M7-09- Durbanville C,M7-05- Rygersdal C,29/08/26,Sat,09:30,Durbanville,Klazinga Park C,,,,,,
43574650,CTTLFA 2026,M8 - Under 14 Girls Premier One,,,M8-04- Fish Hoek,M8-12- Hout Bay,29/08/26,Sat,09:30,Fish Hoek,Fish Hoek C,,,,,,
43574652,CTTLFA 2026,M8 - Under 14 Girls Premier One,,,M8-06- Norway Parks,M8-11- Wynberg St Johns,29/08/26,Sat,09:30,Norway Parks,Royal Road D,,,,,,
43806254,CTTLFA 2026,M9- Under 14 Division Eight,,,M9-02- Bothasig D,M9-08- Table View D,29/08/26,Sat,09:30,Bothasig,Abe Sher C,,,,,,
43806256,CTTLFA 2026,M9- Under 14 Division Eight,,,M9-05- Meadowridge D,M9-07- Bye,29/08/26,Sat,09:30,Meadowridge,Meadowridge B,,,,,,
43806255,CTTLFA 2026,M9- Under 14 Division Eight,,,M9-06- Northpine United D,M9-01- Bellville City C,29/08/26,Sat,09:30,Northpine United,Central Park B,,,,,,
43806258,CTTLFA 2026,M9- Under 14 Division Eight,,,M9-09- Garlandale B,M9-03- Edgemead G/W D,29/08/26,Sat,09:30,Garlandale,Garlandale B,,,,,,
44523784,CTTLFA 2026,O3G - Under 12 Premier 3 A&B,,,O3G-10- Holy Cross,O3G-04- Chelsea Bridgetown,29/08/26,Sat,09:30,Holy Cross,Holy Cross School A,,,,,,
43574539,CTTLFA 2026,O7 - Under 12 Girls Premier One (9v9),,,O7-01- Bellville City,O7-06- Meadowridge B,29/08/26,Sat,09:30,Bellville City,PP Smit Stadium C,,,,,,
43256764,CTTLFA 2026,K1 - Under 16 Premier One,,,K1-04- FC Kapstadt,K1-03- De Beers,29/08/26,Sat,10:50,FC Kapstadt,Hartleyvale D,,,,,,
43256765,CTTLFA 2026,K1 - Under 16 Premier One,,,K1-05- FN Rangers,K1-07- Hellenic,29/08/26,Sat,10:50,FN Rangers,FNB Stadium A,,,,,,
43256766,CTTLFA 2026,K1 - Under 16 Premier One,,,K1-06- Hanover Park,K1-13- Wynberg St Johns,29/08/26,Sat,10:50,Hanover Park,Hanover Park A,,,,,,
43256767,CTTLFA 2026,K1 - Under 16 Premier One,,,K1-08- Northpine United,K1-02- Cape Town Spurs,29/08/26,Sat,10:50,Northpine United,Central Park A,,,,,,
43256768,CTTLFA 2026,K1 - Under 16 Premier One,,,K1-10- Rygersdal,K1-09- Norway Parks,29/08/26,Sat,10:50,Rygersdal,Zwaanswyk High School,,,,,,
43256769,CTTLFA 2026,K1 - Under 16 Premier One,,,K1-12- CR Vasco Da Gama,K1-01- Camps Bay,29/08/26,Sat,10:50,Vasco da Gama,Da Gama Park B,,,,,,
43257150,CTTLFA 2026,K2 - Under 16 Premier Two,,,K2-04- Fish Hoek,K2-02- Durbanville,29/08/26,Sat,10:50,Fish Hoek,Fish Hoek A,,,,,,
43257215,CTTLFA 2026,K2 - Under 16 Premier Two,,,K2-06- Kuilsriver,K2-11- Sunningdale City,29/08/26,Sat,10:50,Serepta Sports Ground,Serepta Sports Ground A,,,,,,
43257216,CTTLFA 2026,K2 - Under 16 Premier Two,,,K2-07- Meadowridge,K2-01- Clyde Pinelands,29/08/26,Sat,10:50,Meadowridge,Meadowridge A,,,,,,
43257217,CTTLFA 2026,K2 - Under 16 Premier Two,,,K2-09- Shosholoza,K2-08- Saxon Rovers,29/08/26,Sat,10:50,Pelican Heights Sports Ground,Pelican A,,,,,,
43257218,CTTLFA 2026,K2 - Under 16 Premier Two,,,K2-10- Stephanian Ottery,K2-03- Edgemead G/W,29/08/26,Sat,10:50,Stephanian Ottery,Stephanian Ottery A,,,,,,
43257219,CTTLFA 2026,K2 - Under 16 Premier Two,,,K2-12- Young Bafana,K2-05- Kensington,29/08/26,Sat,10:50,Young Bafana,YB Arena A,,,,,,
44524449,CTTLFA 2026,K3G - Under 16 Premier 3 A&B,,,K3G-02- Bellville City,K3G-12- Queens Park,29/08/26,Sat,10:50,Bellville City,PP Smit Stadium A,,,,,,
44524450,CTTLFA 2026,K3G - Under 16 Premier 3 A&B,,,K3G-05- Garden Village,K3G-14- West End United,29/08/26,Sat,10:50,Garden Village,Alexander Road,,,,,,
44524451,CTTLFA 2026,K3G - Under 16 Premier 3 A&B,,,K3G-06- Garlandale FC,K3G-11- Mutual FC,29/08/26,Sat,10:50,Garlandale,Garlandale A,,,,,,
44524452,CTTLFA 2026,K3G - Under 16 Premier 3 A&B,,,K3G-07- Goodwood United,K3G-01- Avendale Athletico,29/08/26,Sat,10:50,Goodwood,Hamilton Road A,,,,,,
44524453,CTTLFA 2026,K3G - Under 16 Premier 3 A&B,,,K3G-10- Holy Cross,K3G-04- Chelsea Bridgetown,29/08/26,Sat,10:50,Holy Cross,Voortrekker Road,,,,,,
44524454,CTTLFA 2026,K3G - Under 16 Premier 3 A&B,,,K3G-13- Ruyterwacht,K3G-03- Bothasig,29/08/26,Sat,10:50,Ruyterwacht,Stan Abbott,,,,,,
44524455,CTTLFA 2026,K3G - Under 16 Premier 3 A&B,,,K3G-15- YSD Macassar,K3G-09- Green Point Salesians,29/08/26,Sat,10:50,YSD Macassar,YSD Macassar A,,,,,,
43279325,CTTLFA 2026,K4 - Under 16 Division Four,,,K4-01- Bye,K4-09- Table View B.,29/08/26,Sat,10:50,Bye,#1,,,,,,
43279326,CTTLFA 2026,K4 - Under 16 Division Four,,,K4-02- Cape Town Spurs B,K4-04- FN Rangers B,29/08/26,Sat,10:50,Cape Town Spurs,Ikamva C,,,,,,
43279328,CTTLFA 2026,K4 - Under 16 Division Four,,,K4-10- CR Vasco Da Gama B,K4-03- De Beers B.,29/08/26,Sat,10:50,Vasco da Gama,Da Gama Park C,,,,,,
43279329,CTTLFA 2026,K4 - Under 16 Division Four,,,K4-11- Wynberg St Johns B.,K4-06- Norway Parks B,29/08/26,Sat,10:50,Wynberg st Johns,Wynberg B,,,,,,
43279440,CTTLFA 2026,K5 - Under 16 Division Five,,,K5-02- Bothasig B,K5-01- Bellville City B.,29/08/26,Sat,10:50,Bothasig,Abe Sher A,,,,,,
43279442,CTTLFA 2026,K5 - Under 16 Division Five,,,K5-07- Goodwood United B,K5-09- Meadowridge B.,29/08/26,Sat,10:50,Goodwood,Hamilton Road B,,,,,,
43279443,CTTLFA 2026,K5 - Under 16 Division Five,,,K5-10- Stephanian Ottery B,K5-04- Durbanville B.,29/08/26,Sat,10:50,Stephanian Ottery,Stephanian Ottery B,,,,,,
43279444,CTTLFA 2026,K5 - Under 16 Division Five,,,K5-11- Sunningdale City B,K5-05- Edgemead G/W B.,29/08/26,Sat,10:50,Sunningdale City,Sunningdale A,,,,,,
43805874,CTTLFA 2026,K6 - Under 16 Division Six,,,K6-02- Bothasig C,K6-10- Shosholoza B,29/08/26,Sat,10:50,Bothasig,Abe Sher B,,,,,,
43805873,CTTLFA 2026,K6 - Under 16 Division Six,,,K6-05- JMI,K6-09- Table View C,29/08/26,Sat,10:50,Norway Parks,Royal Road E,,,,,,
43805870,CTTLFA 2026,K6 - Under 16 Division Six,,,K6-07- Ruyterwacht B,K6-11- Kensington B,29/08/26,Sat,10:50,Ruyterwacht,Stan Abbot B,,,,,,
43805872,CTTLFA 2026,K6 - Under 16 Division Six,,,K6-08- Sunningdale City C,K6-03- Brooklyn Superstars,29/08/26,Sat,10:50,Sunningdale City,Sunningdale B,,,,,,
43806937,CTTLFA 2026,K7 - Under 16 Girls Premier One,,,K7-05- Clyde Pinelands,K7-03- Bothasig,29/08/26,Sat,10:50,Clyde Pinelands,Ringwood Drive A,,,,,,
43806935,CTTLFA 2026,K7 - Under 16 Girls Premier One,,,K7-06- Fish Hoek,K7-14- Nova Generation,29/08/26,Sat,10:50,Fish Hoek,Fish Hoek B,,,,,,
43806933,CTTLFA 2026,K7 - Under 16 Girls Premier One,,,K7-08- Meadowridge,K7-02- Bellville City,29/08/26,Sat,10:50,Meadowridge,Meadowridge B,,,,,,
43806936,CTTLFA 2026,K7 - Under 16 Girls Premier One,,,K7-09- Bye.,K7-13- Wynberg St Johns,29/08/26,Sat,10:50,Bye,#1,,,,,,
43805868,CTTLFA 2026,K8- Under 16 Division Seven,,,K8-01- Bothasig D,K8-04- Fish Hoek C.,29/08/26,Sat,10:50,Bothasig,Abe Sher C,,,,,,
43805866,CTTLFA 2026,K8- Under 16 Division Seven,,,K8-03- Edgemead G/W C,K8-09- YMO FC,29/08/26,Sat,10:50,Edgemead G/W,Edgemead A,,,,,,
43805869,CTTLFA 2026,K8- Under 16 Division Seven,,,K8-06- Northpine United C,K8-07- Rygersdal C,29/08/26,Sat,10:50,Northpine United,Central Park B,,,,,,
43805865,CTTLFA 2026,K8- Under 16 Division Seven,,,K8-08- Table View D,K8-02- Durbanville C,29/08/26,Sat,10:50,Table View,Table View A,,,,,,
43805823,CTTLFA 2026,K8- Under 16 Division Seven,,,K8-10- Lansdowne,K8-05- Meadowridge D,29/08/26,Sat,10:50,Lansdowne,Chukker Road A,,,,,,
43805871,CTTLFA 2026,K8- Under 16 Division Seven,,,K8-11- Bye,K8-10- Lansdowne,29/08/26,Sat,10:50,Bye,#1,,,,,,
44524184,CTTLFA 2026,M3G - Under 14 Premier 3 A&B,,,M3G-10- Holy Cross,M3G-04- Chelsea Bridgetown,29/08/26,Sat,10:50,Holy Cross,Holy Cross School A,,,,,,
43574651,CTTLFA 2026,M8 - Under 14 Girls Premier One,,,M8-03- Camps Bay,M8-09- Stephanian Ottery,29/08/26,Sat,10:50,Camps Bay,Camps Bay A,,,,,,
43574653,CTTLFA 2026,M8 - Under 14 Girls Premier One,,,M8-07- Rygersdal,M8-01- Bellville City,29/08/26,Sat,10:50,Rygersdal,Rygersdal B,,,,,,
43317363,CTTLFA 2026,H2 - Womens First Division,,,H2-01- Badgers B.,H2-09- Stephanian Ottery,29/08/26,Sat,12:00,Badgers FC,Oranjezicht A,,,,,,
42989923,CTTLFA 2026,I1 - Under 18 Premier One,,,I1-04- FC Kapstadt,I1-03- De Beers,29/08/26,Sat,12:30,FC Kapstadt,Hartleyvale D,,,,,,
42989920,CTTLFA 2026,I1 - Under 18 Premier One,,,I1-05- FN Rangers,I1-07- Hellenic,29/08/26,Sat,12:30,FN Rangers,FNB Stadium A,,,,,,
42989919,CTTLFA 2026,I1 - Under 18 Premier One,,,I1-06- Hanover Park,I1-13- Wynberg St Johns,29/08/26,Sat,12:30,Hanover Park,Hanover Park A,,,,,,
42989922,CTTLFA 2026,I1 - Under 18 Premier One,,,I1-08- Northpine United,I1-02- Cape Town Spurs,29/08/26,Sat,12:30,Northpine United,Central Park A,,,,,,
42989918,CTTLFA 2026,I1 - Under 18 Premier One,,,I1-10- Rygersdal,I1-09- Norway Parks,29/08/26,Sat,12:30,Rygersdal,Zwaanswyk High School,,,,,,
42989921,CTTLFA 2026,I1 - Under 18 Premier One,,,I1-12- CR Vasco Da Gama,I1-01- Camps Bay,29/08/26,Sat,12:30,Vasco da Gama,Da Gama Park B,,,,,,
42990027,CTTLFA 2026,I2 - Under 18 Premier Two,,,I2-04- Fish Hoek,I2-02- Durbanville,29/08/26,Sat,12:30,Fish Hoek,Fish Hoek A,,,,,,
42990095,CTTLFA 2026,I2 - Under 18 Premier Two,,,I2-06- Kuilsriver,I2-11- Sunningdale City,29/08/26,Sat,12:30,Serepta Sports Ground,Serepta Sports Ground A,,,,,,
42990097,CTTLFA 2026,I2 - Under 18 Premier Two,,,I2-07- Meadowridge,I2-01- Clyde Pinelands,29/08/26,Sat,12:30,Meadowridge,Meadowridge A,,,,,,
42990094,CTTLFA 2026,I2 - Under 18 Premier Two,,,I2-09- Shosholoza,I2-08- Saxon Rovers,29/08/26,Sat,12:30,Pelican Heights Sports Ground,Pelican A,,,,,,
42990093,CTTLFA 2026,I2 - Under 18 Premier Two,,,I2-10- Stephanian Ottery,I2-03- Edgemead G/W,29/08/26,Sat,12:30,Stephanian Ottery,Stephanian Ottery A,,,,,,
42990098,CTTLFA 2026,I2 - Under 18 Premier Two,,,I2-12- Young Bafana,I2-05- Kensington,29/08/26,Sat,12:30,Young Bafana,YB Arena A,,,,,,
44510019,CTTLFA 2026,I3G - Under 18 Premier 3 A&B,,,I3G-02- Bellville City,I3G-12- Queens Park,29/08/26,Sat,12:30,Bellville City,PP Smit Stadium A,,,,,,
44510017,CTTLFA 2026,I3G - Under 18 Premier 3 A&B,,,I3G-05- Garden Village,I3G-14- West End United,29/08/26,Sat,12:30,Garden Village,Alexander Road,,,,,,
44510016,CTTLFA 2026,I3G - Under 18 Premier 3 A&B,,,I3G-06- Garlandale FC,I3G-11- Mutual FC,29/08/26,Sat,12:30,Garlandale,Garlandale A,,,,,,
44510014,CTTLFA 2026,I3G - Under 18 Premier 3 A&B,,,I3G-07- Goodwood United,I3G-01- Avendale Athletico,29/08/26,Sat,12:30,Goodwood,Hamilton Road A,,,,,,
44510015,CTTLFA 2026,I3G - Under 18 Premier 3 A&B,,,I3G-10- Holy Cross,I3G-04- Chelsea Bridgetown,29/08/26,Sat,12:30,Holy Cross,Voortrekker Road,,,,,,
44510020,CTTLFA 2026,I3G - Under 18 Premier 3 A&B,,,I3G-13- Ruyterwacht,I3G-03- Bothasig,29/08/26,Sat,12:30,Ruyterwacht,Stan Abbott,,,,,,
44510018,CTTLFA 2026,I3G - Under 18 Premier 3 A&B,,,I3G-15- YSD Macassar,I3G-09- Green Point Salesians,29/08/26,Sat,12:30,YSD Macassar,YSD Macassar A,,,,,,
43275140,CTTLFA 2026,I4 - Under 18 Division Four,,,I4-04- Northpine United B,I4-09- CR Vasco Da Gama B,29/08/26,Sat,12:30,Northpine United,Central Park B,,,,,,
43805572,CTTLFA 2026,I5 - Under 18 Division Five,,,I5-04- Edgemead G/W B.,I5-02- Clyde Pinelands B,29/08/26,Sat,12:30,Edgemead G/W,Edgemead B,,,,,,
43805570,CTTLFA 2026,I5 - Under 18 Division Five,,,I5-05- Fish Hoek B.,I5-11- Tramway,29/08/26,Sat,12:30,Fish Hoek,Fish Hoek B,,,,,,
43805573,CTTLFA 2026,I5 - Under 18 Division Five,,,I5-06- JMI,I5-03- Durbanville B.,29/08/26,Sat,12:30,Norway Parks,Royal Road E,,,,,,
43805571,CTTLFA 2026,I5 - Under 18 Division Five,,,I5-08- Ruyterwacht B,I5-07- Meadowridge B.,29/08/26,Sat,12:30,Ruyterwacht,Stan Abbot B,,,,,,
43805569,CTTLFA 2026,I5 - Under 18 Division Five,,,I5-10- Bellville City B,I5-01- Bothasig C,29/08/26,Sat,12:30,Bellville City,PP Smit Stadium B,,,,,,
43279327,CTTLFA 2026,K4 - Under 16 Division Four,,,K4-07- Rygersdal B,K4-08- Saxon Rovers B,29/08/26,Sat,12:30,Rygersdal,Rygersdal B,,,,,,
43805831,CTTLFA 2026,K6 - Under 16 Division Six,,,K6-06- Meadowridge C,K6-04- Holy Cross B,29/08/26,Sat,12:30,Meadowridge,Meadowridge A,,,,,,
43806934,CTTLFA 2026,K7 - Under 16 Girls Premier One,,,K7-04- Camps Bay,K7-15- Norway Parks,29/08/26,Sat,12:30,Camps Bay,Camps Bay A,,,,,,
43272905,CTTLFA 2026,M6 - Under 14 Division Six,,,M6-08- Holy Cross B.,M6-02- Brooklyn Superstars,29/08/26,Sat,12:30,Holy Cross,Holy Cross School A,,,,,,
43575497,CTTLFA 2026,D2 - 4th Division,,,D2-02- Bothasig,D2-04- Fish Hoek,29/08/26,Sat,14:00,Bothasig,Abe Sher B,,,,,,
43575493,CTTLFA 2026,D2 - 4th Division,,,D2-05- Norway Parks,D2-03- Edgemead G/W,29/08/26,Sat,14:00,Norway Parks,Royal Road D,,,,,,
43575498,CTTLFA 2026,D2 - 4th Division,,,D2-11- Shosholoza FC,D2-06- Ruyterwacht,29/08/26,Sat,14:00,Pelican Heights Sports Ground,Pelican A,,,,,,
43575495,CTTLFA 2026,D2 - 4th Division,,,D2-12- Kensington,D2-09- C.R. Vasco Da Gama,29/08/26,Sat,14:00,Kensington,14 Avenue B,,,,,,
43575341,CTTLFA 2026,D3 - 5th Division,,,D3-03- Durbanville,D3-05-Bellville City,29/08/26,Sat,14:00,Durbanville,Klazinga Park B,,,,,,
43575340,CTTLFA 2026,D3 - 5th Division,,,D3-04- Edgemead G/W,D3-06- Mutual FC,29/08/26,Sat,14:00,Edgemead G/W,Edgemead C,,,,,,
43575628,CTTLFA 2026,D4 - 6th Division,,,D4-02- Clyde Pinelands,D4-05- Kuilsriver,29/08/26,Sat,14:00,Clyde Pinelands,Ringwood Drive B,,,,,,
43262573,CTTLFA 2026,F1 - Vets 040 A,,,F1-02- Edgemead G/W,F1-09- Sunningdale City,29/08/26,Sat,14:00,Edgemead G/W,Edgemead B,,,,,,
43256367,CTTLFA 2026,B2 - First Reserve,,,FR-02- Bothasig,FR-12- Sunningdale City,29/08/26,Sat,14:00,Bothasig,Abe Sher A,,,,,,
43256368,CTTLFA 2026,B2 - First Reserve,,,FR-03- Brooklyn Superstars,FR-11- Stephanian Ottery,29/08/26,Sat,14:00,Bayview Sports Complex,Brooklyn Bayview Sports Complex A,,,,,,
43256369,CTTLFA 2026,B2 - First Reserve,,,FR-06- Kensington,FR-08- Meadowridge,29/08/26,Sat,14:00,Kensington,14 Avenue A,,,,,,
43256370,CTTLFA 2026,B2 - First Reserve,,,FR-07- Kuilsriver,FR-01- Bellville City FC,29/08/26,Sat,14:00,Serepta Sports Ground,Serepta Sports Ground A,,,,,,
43256371,CTTLFA 2026,B2 - First Reserve,,,FR-10- Ruyterwacht,FR-05- JMI,29/08/26,Sat,14:00,Ruyterwacht,Stan Abbott,,,,,,
43256372,CTTLFA 2026,B2 - First Reserve,,,FR-13- Tramway,FR-04- Garden Village,29/08/26,Sat,14:00,Tramway,Groenewald Park A,,,,,,
43806456,CTTLFA 2026,G1 - Vets 045 A,,,G1-05- Meadowridge,G1-04- Hanover Park,29/08/26,Sat,14:00,Meadowridge,Meadowridge A,,,,,,
43806459,CTTLFA 2026,G1 - Vets 045 A,,,G1-06- Saxon Rovers,G1-01- De Beers,29/08/26,Sat,14:00,Saxon Rovers,Maitland B,,,,,,
43806457,CTTLFA 2026,G1 - Vets 045 A,,,G1-07- Tramway,G1-08- Bothasig,29/08/26,Sat,14:00,Tramway,Groenewald Park A,,,,,,
43806460,CTTLFA 2026,G1 - Vets 045 A,,,G1-09- Garden Village,G1-12- Table View,29/08/26,Sat,14:00,Garden Village,Alexander Road,,,,,,
43806458,CTTLFA 2026,G1 - Vets 045 A,,,G1-13- Stephanian Ottery,G1-11- Lansdowne,29/08/26,Sat,14:00,Stephanian Ottery,Stephanian Ottery A,,,,,,
43262959,CTTLFA 2026,G4 - Vets 050 A,,,G4-03- FN Rangers,G4-07- Stephanian Ottery,29/08/26,Sat,14:00,FN Rangers,FNB Stadium B,,,,,,
43262957,CTTLFA 2026,G4 - Vets 050 A,,,G4-04- Hanover Park,G4-05- Holy Cross,29/08/26,Sat,14:00,Hanover Park,Hanover Park A,,,,,,
43262879,CTTLFA 2026,G5 - Vets 050 B,,,G5-02- Bye.,G5-06- Green Point Salesians,29/08/26,Sat,14:00,Bye,#1,,,,,,
43262884,CTTLFA 2026,G5 - Vets 050 B,,,G5-09- Meadowridge,G5-08- Lansdowne,29/08/26,Sat,14:00,Meadowridge,Meadowridge B,,,,,,
43262883,CTTLFA 2026,G5 - Vets 050 B,,,G5-10- West End United B,G5-01- Bothasig,29/08/26,Sat,14:00,West End United,West End Park A,,,,,,
43575146,CTTLFA 2026,G6 - Vets O50 C,,,G6-01- Avendale Athletico,G6-10- Saxon Rovers,29/08/26,Sat,14:00,Avendale Athletico,Field Crescent A,,,,,,
43575145,CTTLFA 2026,G6 - Vets O50 C,,,G6-05- Table View,G6-08- Wynberg St Johns,29/08/26,Sat,14:00,Table View,Table View C,,,,,,
43575144,CTTLFA 2026,G6 - Vets O50 C,,,G6-09- YMO FC,G6-04- Stephanian Ottery B,29/08/26,Sat,14:00,YMO FC,Upper Cambridge A,,,,,,
43806590,CTTLFA 2026,H1 - Womens Premier League,,,H1-01- Badgers,H1-02- Bellville City,29/08/26,Sat,14:00,Badgers FC,Oranjezicht A,,,,,,
43317368,CTTLFA 2026,H2 - Womens First Division,,,H2-05- Kuilsriver,H2-04- Kensington,29/08/26,Sat,14:00,Serepta Sports Ground,Serepta Sports Ground A,,,,,,
43806938,CTTLFA 2026,K7 - Under 16 Girls Premier One,,,K7-10- Rygersdal,K7-11- Bye.,29/08/26,Sat,14:00,Rygersdal,Rygersdal B,,,,,,
43256194,CTTLFA 2026,A2 - Premier Reserve,,,PR-02- Edgemead G/W,PR-11- Table View,29/08/26,Sat,14:00,Edgemead G/W,Edgemead A,,,,,,
43256195,CTTLFA 2026,A2 - Premier Reserve,,,PR-03- Fish Hoek,PR-05- Green Point Salesians,29/08/26,Sat,14:00,Fish Hoek,Fish Hoek A,,,,,,
43256196,CTTLFA 2026,A2 - Premier Reserve,,,PR-04- FN Rangers,PR-14- Wynberg St Johns,29/08/26,Sat,14:00,FN Rangers,FNB Stadium A,,,,,,
43256198,CTTLFA 2026,A2 - Premier Reserve,,,PR-07- Holy Cross,PR-01- Durbanville,29/08/26,Sat,14:00,Holy Cross,Voortrekker Road,,,,,,
43256199,CTTLFA 2026,A2 - Premier Reserve,,,PR-08- Norway Parks,PR-09- Rygersdal,29/08/26,Sat,14:00,Norway Parks,Royal Road A,,,,,,
43256200,CTTLFA 2026,A2 - Premier Reserve,,,PR-10- Saxon Rovers,PR-12- UCT,29/08/26,Sat,14:00,Saxon Rovers,Maitland A,,,,,,
43256583,CTTLFA 2026,C2 - Second Reserve,,,SR-02- Barmsley Spurs,SR-14- West End United,29/08/26,Sat,14:00,Chelsea,Hickory Road A,,,,,,
43256585,CTTLFA 2026,C2 - Second Reserve,,,SR-05- Clyde Pinelands,SR-12- Queens Park,29/08/26,Sat,14:00,Clyde Pinelands,Ringwood Drive A,,,,,,
43256586,CTTLFA 2026,C2 - Second Reserve,,,SR-07- FC Kapstadt,SR-10- Hellenic,29/08/26,Sat,14:00,FC Kapstadt,Hartleyvale D,,,,,,
43256587,CTTLFA 2026,C2 - Second Reserve,,,SR-08- Bye,SR-11- Mutual FC,29/08/26,Sat,14:00,Bye,#1,,,,,,
43256588,CTTLFA 2026,C2 - Second Reserve,,,SR-13- Varsity College,SR-01- Avendale Athletico,29/08/26,Sat,14:00,Avenue De Mist,Ave De Mist - A,,,,,,
43256589,CTTLFA 2026,C2 - Second Reserve,,,SR-15- Young Bafana,SR-06- De Beers,29/08/26,Sat,14:00,Young Bafana,YB Arena A,,,,,,
43256590,CTTLFA 2026,C2 - Second Reserve,,,SR-16- YSD Macassar,SR-09- Goodwood United,29/08/26,Sat,14:00,YSD Macassar,YSD Macassar A,,,,,,
43575626,CTTLFA 2026,D4 - 6th Division,,,D4-07- Rygersdal,D4-08- Bothasig,29/08/26,Sat,15:30,U C T,U C T,,,,,,
43575630,CTTLFA 2026,D4 - 6th Division,,,D4-12- Lansdowne,D4-06- Bye,29/08/26,Sat,15:30,Lansdowne,Chukker Road B,,,,,,
43575345,CTTLFA 2026,D1 - 3rd Division,,,D1-02- Bothasig,D1-05- Garden Village,29/08/26,Sat,15:45,Bothasig,Abe Sher B,,,,,,
43575346,CTTLFA 2026,D1 - 3rd Division,,,D1-03- Durbanville,D1-06- Green Point Salesians,29/08/26,Sat,15:45,Durbanville,Klazinga Park B,,,,,,
43575344,CTTLFA 2026,D1 - 3rd Division,,,D1-04- Edgemead G/W,D1-07- Saxon Rovers,29/08/26,Sat,15:45,Edgemead G/W,Edgemead A,,,,,,
43575342,CTTLFA 2026,D1 - 3rd Division,,,D1-09- C.R. Vasco Da Gama,D1-01- Bellville City FC,29/08/26,Sat,15:45,Vasco da Gama,Da Gama Park B,,,,,,
43575343,CTTLFA 2026,D1 - 3rd Division,,,D1-10- Wynberg St Johns,D1-11- Shosholoza FC,29/08/26,Sat,15:45,Wynberg st Johns,Wynberg B,,,,,,
43575494,CTTLFA 2026,D2 - 4th Division,,,D2-08- Table View,D2-01- Avendale Athletico,29/08/26,Sat,15:45,Table View,Table View A,,,,,,
43575348,CTTLFA 2026,D3 - 5th Division,,,D3-02- Clyde Pinelands,D3-10- C.R. Vasco Da Gama,29/08/26,Sat,15:45,Clyde Pinelands,Ringwood Drive B,,,,,,
43575339,CTTLFA 2026,D3 - 5th Division,,,D3-11- Hanover Park,D3-08- Table View,29/08/26,Sat,15:45,Hanover Park,Hanover Park B,,,,,,
43575989,CTTLFA 2026,E1- Vets 035,,,E1-04-FN Rangers,E1-03- Clyde Pinelands,29/08/26,Sat,15:45,FN Rangers,FNB Stadium B,,,,,,
43575985,CTTLFA 2026,E1- Vets 035,,,E1-06- Hanover Park,E1-05- Goodwood United,29/08/26,Sat,15:45,Hanover Park,Hanover Park A,,,,,,
43575988,CTTLFA 2026,E1- Vets 035,,,E1-08- Ruyterwacht,E1-09- Bye,29/08/26,Sat,15:45,Ruyterwacht,Stan Abbot B,,,,,,
43575877,CTTLFA 2026,E2- Vets 035 B,,,E2-06- FN Rangers B,E2-02- Durbanville,29/08/26,Sat,15:45,FN Rangers,FNB Stadium C,,,,,,
43575875,CTTLFA 2026,E2- Vets 035 B,,,E2-09- Tramway,E2-10- Wynberg St Johns,29/08/26,Sat,15:45,Tramway,Groenewald Park B,,,,,,
43575819,CTTLFA 2026,E2- Vets 035 B,,,E2-12- Clyde Pinelands B,E2-13- Cape Town Spurs,29/08/26,Sat,15:45,Clyde Pinelands,Ringwood Drive C,,,,,,
43262571,CTTLFA 2026,F1 - Vets 040 A,,,F1-01- Bellville City,F1-04- FN Rangers,29/08/26,Sat,15:45,Bellville City,PP Smit Stadium B,,,,,,
43575763,CTTLFA 2026,F2 - Vets 040 B,,,F2-04- Goodwood United,F2-01- Avendale Athletico,29/08/26,Sat,15:45,Goodwood,Hamilton Road B,,,,,,
42990290,CTTLFA 2026,B1 - First Division,,,FD-02- Bothasig,FD-12- Sunningdale City,29/08/26,Sat,15:45,Bothasig,Abe Sher A,,,,,,
42990288,CTTLFA 2026,B1 - First Division,,,FD-03- Brooklyn Superstars,FD-11- Stephanian Ottery,29/08/26,Sat,15:45,Bayview Sports Complex,Brooklyn Bayview Sports Complex A,,,,,,
42990285,CTTLFA 2026,B1 - First Division,,,FD-06- Kensington,FD-08- Meadowridge,29/08/26,Sat,15:45,Kensington,14 Avenue A,,,,,,
42990286,CTTLFA 2026,B1 - First Division,,,FD-07- Kuilsriver,FD-01- Bellville City FC,29/08/26,Sat,15:45,Serepta Sports Ground,Serepta Sports Ground A,,,,,,
42990289,CTTLFA 2026,B1 - First Division,,,FD-10- Ruyterwacht,FD-05- JMI,29/08/26,Sat,15:45,Ruyterwacht,Stan Abbott,,,,,,
42990287,CTTLFA 2026,B1 - First Division,,,FD-13- Tramway,FD-04- Garden Village,29/08/26,Sat,15:45,Tramway,Groenewald Park A,,,,,,
42997009,CTTLFA 2026,A1 - Premier Division,,,PD-02- Edgemead G/W,PD-11- Table View,29/08/26,Sat,15:45,Edgemead G/W,Edgemead A,,,,,,
42997006,CTTLFA 2026,A1 - Premier Division,,,PD-03- Fish Hoek,PD-05- Green Point Salesians,29/08/26,Sat,15:45,Fish Hoek,Fish Hoek A,,,,,,
42997011,CTTLFA 2026,A1 - Premier Division,,,PD-04- FN Rangers,PD-14- Wynberg St Johns,29/08/26,Sat,15:45,FN Rangers,FNB Stadium A,,,,,,
42997007,CTTLFA 2026,A1 - Premier Division,,,PD-07- Holy Cross,PD-01- Durbanville,29/08/26,Sat,15:45,Holy Cross,Voortrekker Road,,,,,,
42997008,CTTLFA 2026,A1 - Premier Division,,,PD-08- Norway Parks,PD-09- Rygersdal,29/08/26,Sat,15:45,Norway Parks,Royal Road A,,,,,,
42997010,CTTLFA 2026,A1 - Premier Division,,,PD-10- Saxon Rovers,PD-12- UCT,29/08/26,Sat,15:45,Saxon Rovers,Maitland A,,,,,,
43206647,CTTLFA 2026,C1 - Second Division,,,SD-02- Barmsley Spurs,SD-14- West End United,29/08/26,Sat,15:45,Chelsea,Hickory Road A,,,,,,
43206651,CTTLFA 2026,C1 - Second Division,,,SD-05- Clyde Pinelands,SD-12- Queens Park,29/08/26,Sat,15:45,Clyde Pinelands,Ringwood Drive A,,,,,,
43206648,CTTLFA 2026,C1 - Second Division,,,SD-07- FC Kapstadt,SD-10- Hellenic,29/08/26,Sat,15:45,FC Kapstadt,Hartleyvale D,,,,,,
43206645,CTTLFA 2026,C1 - Second Division,,,SD-08- Bye,SD-11- Mutual FC,29/08/26,Sat,15:45,Bye,#1,,,,,,
43206650,CTTLFA 2026,C1 - Second Division,,,SD-13- Varsity College,SD-01- Avendale Athletico,29/08/26,Sat,15:45,Avenue De Mist,Ave De Mist - A,,,,,,
43206646,CTTLFA 2026,C1 - Second Division,,,SD-15- Young Bafana,SD-06- De Beers,29/08/26,Sat,15:45,Young Bafana,YB Arena A,,,,,,
43206644,CTTLFA 2026,C1 - Second Division,,,SD-16- YSD Macassar,SD-09- Goodwood United,29/08/26,Sat,15:45,YSD Macassar,YSD Macassar A,,,,,,
43274356,CTTLFA 2026,O5 - Under 12 Division Five,,,O5-03- Clyde Pinelands B,O5-08- Kuilsriver B.,30/08/26,Sun,09:00,Clyde Pinelands,Ringwood Drive B,,,,,,
43256951,CTTLFA 2026,O1 - Under 12 Premier One,,,O1-04- FC Kapstadt,O1-09- Norway Parks,30/08/26,Sun,09:30,FC Kapstadt,Hartleyvale D,,,,,,
43257028,CTTLFA 2026,O1 - Under 12 Premier One,,,O1-13- Wynberg St Johns,O1-02- Cape Town Spurs,30/08/26,Sun,09:30,Wynberg st Johns,Wynberg A,,,,,,
43274333,CTTLFA 2026,O4 - Under 12 Division Four,,,O4-06- Norway Parks B,O4-09- Table View B,30/08/26,Sun,09:30,Norway Parks,Royal Road D,,,,,,
43274206,CTTLFA 2026,O4 - Under 12 Division Four,,,O4-11- Wynberg St Johns B.,O4-10- CR Vasco Da Gama B,30/08/26,Sun,09:30,Wynberg st Johns,Wynberg B,,,,,,
43574511,CTTLFA 2026,O7 - Under 12 Girls Premier One (9v9),,,O7-08- Wynberg St Johns,O7-09- Hout Bay,30/08/26,Sun,09:30,Wynberg st Johns,Wynberg C,,,,,,
43279551,CTTLFA 2026,M5 - Under 14 Division Five,,,M5-03- Clyde Pinelands B,M5-08- Kuilsriver B.,30/08/26,Sun,10:15,Clyde Pinelands,Ringwood Drive B,,,,,,
43257378,CTTLFA 2026,O2 - Under 12 Premier Two,,,O2-06- Kuilsriver,O2-04- Fish Hoek,30/08/26,Sun,10:15,Serepta Sports Ground,Serepta Sports Ground A,,,,,,
43806888,CTTLFA 2026,K7 - Under 16 Girls Premier One,,,K7-04- Camps Bay,K7-13- Wynberg St Johns,30/08/26,Sun,10:50,Camps Bay,"Symmonds Field, Camps Bay Drive",,,,,,
43256795,CTTLFA 2026,M1 - Under 14 Premier One,,,M1-04- FC Kapstadt,M1-09- Norway Parks,30/08/26,Sun,10:50,FC Kapstadt,Hartleyvale D,,,,,,
43256872,CTTLFA 2026,M1 - Under 14 Premier One,,,M1-13- Wynberg St Johns,M1-02- Cape Town Spurs,30/08/26,Sun,10:50,Wynberg st Johns,Wynberg A,,,,,,
43574575,CTTLFA 2026,M8 - Under 14 Girls Premier One,,,M8-11- Wynberg St Johns,M8-12- Hout Bay,30/08/26,Sun,10:50,Wynberg st Johns,Wynberg C,,,,,,
43806098,CTTLFA 2026,O8- Under 12 Division Seven,,,O8-08- Wynberg St Johns C,O8-02- Durbanville C,30/08/26,Sun,10:50,Wynberg st Johns,Wynberg B,,,,,,
43279441,CTTLFA 2026,K5 - Under 16 Division Five,,,K5-03- Clyde Pinelands B,K5-08- Kuilsriver B.,30/08/26,Sun,12:00,Clyde Pinelands,Ringwood Drive B,,,,,,
42989986,CTTLFA 2026,I2 - Under 18 Premier Two,,,I2-12- Young Bafana,I2-09- Shosholoza,30/08/26,Sun,12:30,Young Bafana,YB Arena A,,,,,,
43275127,CTTLFA 2026,I4 - Under 18 Division Four,,,I4-10- Wynberg St Johns B.,I4-09- CR Vasco Da Gama B,30/08/26,Sun,12:30,Wynberg st Johns,Wynberg B,,,,,,
43256639,CTTLFA 2026,K1 - Under 16 Premier One,,,K1-04- FC Kapstadt,K1-09- Norway Parks,30/08/26,Sun,12:30,FC Kapstadt,Hartleyvale D,,,,,,
43256716,CTTLFA 2026,K1 - Under 16 Premier One,,,K1-13- Wynberg St Johns,K1-02- Cape Town Spurs,30/08/26,Sun,12:30,Wynberg st Johns,Wynberg A,,,,,,
43317364,CTTLFA 2026,H2 - Womens First Division,,,H2-11- Magic Ladies B,H2-12- Hanover Park,30/08/26,Sun,13:00,Avenue De Mist,Ave De Mist - A,,,,,,
43256359,CTTLFA 2026,B2 - First Reserve,,,FR-10- Ruyterwacht,FR-12- Sunningdale City,30/08/26,Sun,14:00,Ruyterwacht,Stan Abbott,,,,,,
43317329,CTTLFA 2026,H2 - Womens First Division,,,H2-05- Kuilsriver,H2-10- UCT B,30/08/26,Sun,14:00,Serepta Sports Ground,Serepta Sports Ground A,,,,,,
42989792,CTTLFA 2026,I1 - Under 18 Premier One,,,I1-04- FC Kapstadt,I1-09- Norway Parks,30/08/26,Sun,14:00,FC Kapstadt,Hartleyvale D,,,,,,
42989866,CTTLFA 2026,I1 - Under 18 Premier One,,,I1-13- Wynberg St Johns,I1-02- Cape Town Spurs,30/08/26,Sun,14:00,Wynberg st Johns,Wynberg A,,,,,,
43256170,CTTLFA 2026,A2 - Premier Reserve,,,PR-11- Table View,PR-12- UCT,30/08/26,Sun,14:00,Table View,Table View A,,,,,,
43256452,CTTLFA 2026,C2 - Second Reserve,,,SR-11- Mutual FC,SR-05- Clyde Pinelands,30/08/26,Sun,14:00,Mutual FC,Pinelands Oval A,,,,,,
42990278,CTTLFA 2026,B1 - First Division,,,FD-10- Ruyterwacht,FD-12- Sunningdale City,30/08/26,Sun,15:45,Ruyterwacht,Stan Abbott,,,,,,
42996957,CTTLFA 2026,A1 - Premier Division,,,PD-11- Table View,PD-12- UCT,30/08/26,Sun,15:45,Table View,Table View A,,,,,,
43206511,CTTLFA 2026,C1 - Second Division,,,SD-10- Hellenic,SD-16- YSD Macassar,30/08/26,Sun,15:45,Hellenic,Tygerhof Sports Complex A,,,,,,
43206509,CTTLFA 2026,C1 - Second Division,,,SD-11- Mutual FC,SD-05- Clyde Pinelands,30/08/26,Sun,15:45,Mutual FC,Pinelands Oval A,,,,,,
43206462,CTTLFA 2026,C1 - Second Division,,,SD-13- Varsity College,SD-15- Young Bafana,30/08/26,Sun,15:45,Avenue De Mist,Ave De Mist - A,,,,,,
43575496,CTTLFA 2026,D2 - 4th Division,,,D2-07- Rygersdal,D2-10- Wynberg St Johns,31/08/26,Mon,19:30,Rygersdal,Rygersdal B,,,,,,
43575631,CTTLFA 2026,D4 - 6th Division,,,D4-09- Stephanian Ottery,D4-11- Edgemead G/W,31/08/26,Mon,19:30,Stephanian Ottery,Stephanian Ottery A,,,,,,
43256962,CTTLFA 2026,O1 - Under 12 Premier One,,,O1-02- Cape Town Spurs,O1-01- Camps Bay,01/09/26,Tue,18:30,Cape Town Spurs,Ikamva C,,,,,,
43806061,CTTLFA 2026,O8- Under 12 Division Seven,,,O8-04- Meadowridge D,O8-07- Tramway B,01/09/26,Tue,18:30,Meadowridge,Meadowridge A,,,,,,
43256228,CTTLFA 2026,A2 - Premier Reserve,,,PR-13- C.R. Vasco Da Gama,PR-05- Green Point Salesians,01/09/26,Tue,19:00,Vasco da Gama,Da Gama Park A,,,,,,
42989814,CTTLFA 2026,I1 - Under 18 Premier One,,,I1-11- Table View,I1-13- Wynberg St Johns,01/09/26,Tue,19:30,Table View,Table View A,,,,,,
43575543,CTTLFA 2026,D4 - 6th Division,,,D4-02- Clyde Pinelands,D4-01- Garlandale FC,01/09/26,Tue,20:00,Clyde Pinelands,Ringwood Drive B,,,,,,
42990271,CTTLFA 2026,B1 - First Division,,,FD-04- Garden Village,FD-09- Northpine United,01/09/26,Tue,20:00,Garden Village,Alexander Road,,,,,,
42997038,CTTLFA 2026,A1 - Premier Division,,,PD-13- C.R. Vasco Da Gama,PD-05- Green Point Salesians,01/09/26,Tue,20:30,Vasco da Gama,Da Gama Park A,,,,,,
43806906,CTTLFA 2026,K7 - Under 16 Girls Premier One,,,K7-04- Camps Bay,K7-10- Rygersdal,02/09/26,Wed,18:30,Camps Bay,Camps Bay A,,,,,,
43317314,CTTLFA 2026,H2 - Womens First Division,,,H2-10- UCT B,H2-13- Hout Bay,02/09/26,Wed,19:00,U C T,U C T,,,,,,
43575986,CTTLFA 2026,E1- Vets 035,,,E1-11- C.R. Vasco Da Gama,E1-02- Camps Bay,02/09/26,Wed,19:30,Vasco da Gama,Da Gama Park A,,,,,,
43806461,CTTLFA 2026,G1 - Vets 045 A,,,G1-02-Edgemead G/W,G1-04- Hanover Park,02/09/26,Wed,19:30,Edgemead G/W,Edgemead A,,,,,,
44350520,CTTLFA 2026,,CTTLFA Second Division Knock Out 2026,,SD-05- Clyde Pinelands,SD-07- FC Kapstadt,02/09/26,Wed,19:30,Kensington,14 Avenue A,,,,,,
43806420,CTTLFA 2026,G1 - Vets 045 A,,,G1-13- Stephanian Ottery,G1-10- Holy Cross,02/09/26,Wed,20:00,Stephanian Ottery,Stephanian Ottery B,,,,,,
43575878,CTTLFA 2026,E2- Vets 035 B,,,E2-12- Clyde Pinelands B,E2-01- Bellville City,02/09/26,Wed,20:30,Clyde Pinelands,Ringwood Drive B,,,,,,
43806595,CTTLFA 2026,H1 - Womens Premier League,,,H1-02- Bellville City,H1-03- Clyde Pinelands,03/09/26,Thu,19:00,Bellville City,PP Smit Stadium C,,,,,,
43317369,CTTLFA 2026,H2 - Womens First Division,,,H2-09- Stephanian Ottery,H2-03- Green Point Salesians B,03/09/26,Thu,19:00,Stephanian Ottery,Stephanian Ottery A,,,,,,
43317372,CTTLFA 2026,H2 - Womens First Division,,,H2-12- Hanover Park,H2-10- UCT B,03/09/26,Thu,19:00,Hanover Park,Hanover Park A,,,,,,
42989802,CTTLFA 2026,I1 - Under 18 Premier One,,,I1-10- Rygersdal,I1-06- Hanover Park,03/09/26,Thu,19:00,Rygersdal,Rygersdal B,,,,,,
43575635,CTTLFA 2026,D4 - 6th Division,,,D4-03- De Beers,D4-07- Rygersdal,03/09/26,Thu,20:00,De Beers,Somerset West B,,,,,,
43262559,CTTLFA 2026,F1 - Vets 040 A,,,F1-07- Rygersdal,F1-09- Sunningdale City,03/09/26,Thu,20:30,Rygersdal,Rygersdal A,,,,,,
43574540,CTTLFA 2026,O7 - Under 12 Girls Premier One (9v9),,,O7-05- Meadowridge A,O7-08- Wynberg St Johns,04/09/26,Fri,18:30,Meadowridge,Meadowridge B,,,,,,
43575766,CTTLFA 2026,F2 - Vets 040 B,,,F2-01- Avendale Athletico,F2-10- Jamestown United,04/09/26,Fri,19:00,Chelsea,Hickory Road A,,,,,,
43806463,CTTLFA 2026,G1 - Vets 045 A,,,G1-09- Garden Village,G1-11- Lansdowne,04/09/26,Fri,19:00,Garden Village,Alexander Road,,,,,,
43262907,CTTLFA 2026,G4 - Vets 050 A,,,G4-05- Holy Cross,G4-02- Fish Hoek,04/09/26,Fri,19:00,Holy Cross,Voortrekker Road,,,,,,
43262816,CTTLFA 2026,G5 - Vets 050 B,,,G5-06- Green Point Salesians,G5-07- Hanover Park B,04/09/26,Fri,19:00,Green Point,Green Point A,,,,,,
43806596,CTTLFA 2026,H1 - Womens Premier League,,,H1-05- FN Rangers,H1-06- Green Point Salesians,04/09/26,Fri,19:00,FN Rangers,FNB Stadium A,,,,,,
43806593,CTTLFA 2026,H1 - Womens Premier League,,,H1-11- UCT,H1-04- Fish Hoek,04/09/26,Fri,19:00,U C T,U C T,,,,,,
43806592,CTTLFA 2026,H1 - Womens Premier League,,,H1-12- Bye.,H1-09- Northpine United,04/09/26,Fri,19:00,Bye,#1,0,0,,Y,,
43317371,CTTLFA 2026,H2 - Womens First Division,,,H2-04- Kensington,H2-02- Bothasig,04/09/26,Fri,19:00,Kensington,14 Avenue A,,,,,,
43317370,CTTLFA 2026,H2 - Womens First Division,,,H2-06- Meadowridge,H2-11- Magic Ladies B,04/09/26,Fri,19:00,Meadowridge,Meadowridge A,,,,,,
43317374,CTTLFA 2026,H2 - Womens First Division,,,H2-13- Hout Bay,H2-01- Badgers B.,04/09/26,Fri,19:00,Hout Bay Stadium,Hout Bay Stadium,,,,,,
43256204,CTTLFA 2026,A2 - Premier Reserve,,,PR-06- Hanover Park,PR-11- Table View,04/09/26,Fri,19:00,Hanover Park,Hanover Park A,,,,,,
43575882,CTTLFA 2026,E2- Vets 035 B,,,E2-02- Durbanville,E2-13- Cape Town Spurs,04/09/26,Fri,19:30,Durbanville,Klazinga Park A,,,,,,
43575769,CTTLFA 2026,F2 - Vets 040 B,,,F2-11- Saxon Rovers,F2-05- Green Point Salesians,04/09/26,Fri,19:30,Saxon Rovers,Maitland A,,,,,,
43262547,CTTLFA 2026,F1 - Vets 040 A,,,F1-08- Stephanian Ottery,F1-05- Hanover Park,04/09/26,Fri,20:00,Stephanian Ottery,Stephanian Ottery B,,,,,,
43575353,CTTLFA 2026,D1 - 3rd Division,,,D1-05- Garden Village,D1-09- C.R. Vasco Da Gama,04/09/26,Fri,20:30,Garden Village,Alexander Road,,,,,,
43575357,CTTLFA 2026,D1 - 3rd Division,,,D1-06- Green Point Salesians,D1-04- Edgemead G/W,04/09/26,Fri,20:30,Green Point,Green Point A,,,,,,
43575500,CTTLFA 2026,D2 - 4th Division,,,D2-01- Avendale Athletico,D2-12- Kensington,04/09/26,Fri,20:30,Chelsea,Hickory Road A,,,,,,
43575356,CTTLFA 2026,D3 - 5th Division,,,D3-09- Tramway,D3-02- Clyde Pinelands,04/09/26,Fri,20:30,Tramway,Groenewald Park A,,,,,,
43575636,CTTLFA 2026,D4 - 6th Division,,,D4-04- Holy Cross,D4-12- Lansdowne,04/09/26,Fri,20:30,Holy Cross,Voortrekker Road,,,,,,
43575637,CTTLFA 2026,D4 - 6th Division,,,D4-06- Bye,D4-02- Clyde Pinelands,04/09/26,Fri,20:30,Bye,#1,,,,,,
43575764,CTTLFA 2026,F2 - Vets 040 B,,,F2-02- Bothasig,F2-08- Kensington,04/09/26,Fri,20:30,Bothasig,Abe Sher A,,,,,,
43575768,CTTLFA 2026,F2 - Vets 040 B,,,F2-06- Kuilsriver,F2-04- Goodwood United,04/09/26,Fri,20:30,Serepta Sports Ground,Serepta Sports Ground A,,,,,,
42997013,CTTLFA 2026,A1 - Premier Division,,,PD-06- Hanover Park,PD-11- Table View,04/09/26,Fri,20:30,Hanover Park,Hanover Park A,,,,,,
43806217,CTTLFA 2026,M7 - Under 14 Division Seven,,,M7-05- Rygersdal C,M7-03- Meadowridge C,05/09/26,Sat,08:15,Rygersdal,Rygersdal B,,,,,,
43257082,CTTLFA 2026,O1 - Under 12 Premier One,,,O1-01- Camps Bay,O1-05- FN Rangers,05/09/26,Sat,08:15,Camps Bay,Maidens Cove,,,,,,
43257083,CTTLFA 2026,O1 - Under 12 Premier One,,,O1-02- Cape Town Spurs,O1-06- Hanover Park,05/09/26,Sat,08:15,Cape Town Spurs,Ikamva A,,,,,,
43257084,CTTLFA 2026,O1 - Under 12 Premier One,,,O1-07- Hellenic,O1-08- Northpine United,05/09/26,Sat,08:15,Hellenic,Tygerhof Sports Complex A,,,,,,
43257085,CTTLFA 2026,O1 - Under 12 Premier One,,,O1-09- Norway Parks,O1-12- CR Vasco Da Gama,05/09/26,Sat,08:15,Norway Parks,Royal Road A,,,,,,
43257086,CTTLFA 2026,O1 - Under 12 Premier One,,,O1-11- Table View,O1-10- Rygersdal,05/09/26,Sat,08:15,Table View,Table View A,,,,,,
43257087,CTTLFA 2026,O1 - Under 12 Premier One,,,O1-13- Wynberg St Johns,O1-04- FC Kapstadt,05/09/26,Sat,08:15,Wynberg st Johns,Wynberg A,,,,,,
43257485,CTTLFA 2026,O2 - Under 12 Premier Two,,,O2-01- Clyde Pinelands,O2-09- Shosholoza,05/09/26,Sat,08:15,Clyde Pinelands,Ringwood Drive A,,,,,,
43257486,CTTLFA 2026,O2 - Under 12 Premier Two,,,O2-03- Edgemead G/W,O2-06- Kuilsriver,05/09/26,Sat,08:15,Edgemead G/W,Edgemead A,,,,,,
43257487,CTTLFA 2026,O2 - Under 12 Premier Two,,,O2-04- Fish Hoek,O2-12- Young Bafana,05/09/26,Sat,08:15,Fish Hoek,Fish Hoek A,,,,,,
43257488,CTTLFA 2026,O2 - Under 12 Premier Two,,,O2-05- Kensington,O2-07- Meadowridge,05/09/26,Sat,08:15,Kensington,14 Avenue A,,,,,,
43257489,CTTLFA 2026,O2 - Under 12 Premier Two,,,O2-08- Saxon Rovers,O2-10- Stephanian Ottery,05/09/26,Sat,08:15,Saxon Rovers,Maitland A,,,,,,
43257490,CTTLFA 2026,O2 - Under 12 Premier Two,,,O2-11- Sunningdale City,O2-02- Durbanville,05/09/26,Sat,08:15,Sunningdale City,Sunningdale A,,,,,,
43805255,CTTLFA 2026,O3 - Under 12 Premier Three,,,O3-08- Green Point Salesians,O3-04- Chelsea Bridgetown,05/09/26,Sat,08:15,Green Point,Green Point A,,,,,,
44523787,CTTLFA 2026,O3G - Under 12 Premier 3 A&B,,,O3G-01- Avendale Athletico,O3G-02- Bellville City,05/09/26,Sat,08:15,Avendale Athletico,Field Crescent A,,,,,,
44523788,CTTLFA 2026,O3G - Under 12 Premier 3 A&B,,,O3G-05- Garden Village,O3G-13- Ruyterwacht,05/09/26,Sat,08:15,Garden Village,Alexander Road,,,,,,
44523789,CTTLFA 2026,O3G - Under 12 Premier 3 A&B,,,O3G-06- Garlandale FC,O3G-10- Holy Cross,05/09/26,Sat,08:15,Garlandale,Garlandale A,,,,,,
44523790,CTTLFA 2026,O3G - Under 12 Premier 3 A&B,,,O3G-07- Goodwood United,O3G-11- Mutual FC,05/09/26,Sat,08:15,Goodwood,Hamilton Road A,,,,,,
44523791,CTTLFA 2026,O3G - Under 12 Premier 3 A&B,,,O3G-14- West End United,O3G-08- Grass Boots,05/09/26,Sat,08:15,West End United,West End Park A,,,,,,
44523792,CTTLFA 2026,O3G - Under 12 Premier 3 A&B,,,O3G-15- YSD Macassar,O3G-12- Queens Park,05/09/26,Sat,08:15,YSD Macassar,YSD Macassar A,,,,,,
43274368,CTTLFA 2026,O4 - Under 12 Division Four,,,O4-04- FN Rangers B,O4-10- CR Vasco Da Gama B,05/09/26,Sat,08:15,FN Rangers,FNB Stadium A,,,,,,
43274367,CTTLFA 2026,O4 - Under 12 Division Four,,,O4-05- Northpine United B,O4-01- Camps Bay B.,05/09/26,Sat,08:15,Northpine United,Central Park A,,,,,,
43274374,CTTLFA 2026,O4 - Under 12 Division Four,,,O4-06- Norway Parks B,O4-07- Rygersdal B,05/09/26,Sat,08:15,Norway Parks,Royal Road D,,,,,,
43274372,CTTLFA 2026,O4 - Under 12 Division Four,,,O4-08- Saxon Rovers B,O4-02- Cape Town Spurs B,05/09/26,Sat,08:15,Saxon Rovers,Maitland B,,,,,,
43274370,CTTLFA 2026,O4 - Under 12 Division Four,,,O4-09- Table View B,O4-11- Wynberg St Johns B.,05/09/26,Sat,08:15,Table View,Table View B,,,,,,
43274373,CTTLFA 2026,O5 - Under 12 Division Five,,,O5-01- Bellville City B.,O5-07- Goodwood United B,05/09/26,Sat,08:15,Bellville City,PP Smit Stadium B,,,,,,
43274257,CTTLFA 2026,O5 - Under 12 Division Five,,,O5-02- Bothasig B,O5-08- Kuilsriver B.,05/09/26,Sat,08:15,Bothasig,Abe Sher B,,,,,,
43274365,CTTLFA 2026,O5 - Under 12 Division Five,,,O5-05- Edgemead G/W B.,O5-03- Clyde Pinelands B,05/09/26,Sat,08:15,Edgemead G/W,Edgemead B,,,,,,
43274371,CTTLFA 2026,O5 - Under 12 Division Five,,,O5-06- Fish Hoek B.,O5-11- Sunningdale City B,05/09/26,Sat,08:15,Fish Hoek,Fish Hoek B,,,,,,
43274369,CTTLFA 2026,O5 - Under 12 Division Five,,,O5-09- Meadowridge B.,O5-10- Stephanian Ottery B,05/09/26,Sat,08:15,Meadowridge,Meadowridge A,,,,,,
43331124,CTTLFA 2026,O6 - Under 12 Division Six,,,O6-08- Stephanian Ottery C,O6-03- Kensington B,05/09/26,Sat,08:15,Stephanian Ottery,Stephanian Ottery A,,,,,,
43574542,CTTLFA 2026,O7 - Under 12 Girls Premier One (9v9),,,O7-02- Bothasig,O7-04- Bye,05/09/26,Sat,08:15,Bothasig,Abe Sher D,,,,,,
43574543,CTTLFA 2026,O7 - Under 12 Girls Premier One (9v9),,,O7-03- Fish Hoek.,O7-06- Meadowridge B,05/09/26,Sat,08:15,Fish Hoek,Fish Hoek C,,,,,,
43574541,CTTLFA 2026,O7 - Under 12 Girls Premier One (9v9),,,O7-09- Hout Bay,O7-01- Bellville City,05/09/26,Sat,08:15,Chukker Sports Complex,#1,,,,,,
43806124,CTTLFA 2026,O8- Under 12 Division Seven,,,O8-04- Meadowridge D,O8-01- Tramway,05/09/26,Sat,08:15,Meadowridge,Meadowridge B,,,,,,
43806122,CTTLFA 2026,O8- Under 12 Division Seven,,,O8-07- Tramway B,O8-08- Wynberg St Johns C,05/09/26,Sat,08:15,Tramway,Groenewald Park B,,,,,,
43806123,CTTLFA 2026,O8- Under 12 Division Seven,,,O8-09- Lansdowne,O8-05- Norway Parks C,05/09/26,Sat,08:15,Lansdowne,Chukker Road A,,,,,,
43806125,CTTLFA 2026,O8- Under 12 Division Seven,,,O8-10- Garlandale B,O8-02- Durbanville C,05/09/26,Sat,08:15,Garlandale,Garlandale B,,,,,,
43806121,CTTLFA 2026,O8- Under 12 Division Seven,,,O8-03- Mutual B,O8-06- Rygersdal C,05/09/26,Sat,09:00,Mutual FC,Pinelands Oval B,,,,,,
43256926,CTTLFA 2026,M1 - Under 14 Premier One,,,M1-01- Camps Bay,M1-05- FN Rangers,05/09/26,Sat,09:30,Camps Bay,Maidens Cove,,,,,,
43256927,CTTLFA 2026,M1 - Under 14 Premier One,,,M1-02- Cape Town Spurs,M1-06- Hanover Park,05/09/26,Sat,09:30,Cape Town Spurs,Ikamva A,,,,,,
43256928,CTTLFA 2026,M1 - Under 14 Premier One,,,M1-07- Hellenic,M1-08- Northpine United,05/09/26,Sat,09:30,Hellenic,Tygerhof Sports Complex A,,,,,,
43256929,CTTLFA 2026,M1 - Under 14 Premier One,,,M1-09- Norway Parks,M1-12- CR Vasco Da Gama,05/09/26,Sat,09:30,Norway Parks,Royal Road A,,,,,,
43256930,CTTLFA 2026,M1 - Under 14 Premier One,,,M1-11- Table View,M1-10- Rygersdal,05/09/26,Sat,09:30,Table View,Table View A,,,,,,
43256931,CTTLFA 2026,M1 - Under 14 Premier One,,,M1-13- Wynberg St Johns,M1-04- FC Kapstadt,05/09/26,Sat,09:30,Wynberg st Johns,Wynberg A,,,,,,
43257353,CTTLFA 2026,M2 - Under 14 Premier Two,,,M2-01- Clyde Pinelands,M2-09- Shosholoza,05/09/26,Sat,09:30,Clyde Pinelands,Ringwood Drive A,,,,,,
43257354,CTTLFA 2026,M2 - Under 14 Premier Two,,,M2-03- Edgemead G/W,M2-06- Kuilsriver,05/09/26,Sat,09:30,Edgemead G/W,Edgemead A,,,,,,
43257355,CTTLFA 2026,M2 - Under 14 Premier Two,,,M2-04- Fish Hoek,M2-12- Young Bafana,05/09/26,Sat,09:30,Fish Hoek,Fish Hoek A,,,,,,
43257356,CTTLFA 2026,M2 - Under 14 Premier Two,,,M2-05- Kensington,M2-07- Meadowridge,05/09/26,Sat,09:30,Kensington,14 Avenue A,,,,,,
43257357,CTTLFA 2026,M2 - Under 14 Premier Two,,,M2-08- Saxon Rovers,M2-10- Stephanian Ottery,05/09/26,Sat,09:30,Saxon Rovers,Maitland A,,,,,,
43257358,CTTLFA 2026,M2 - Under 14 Premier Two,,,M2-11- Sunningdale City,M2-02- Durbanville,05/09/26,Sat,09:30,Sunningdale City,Sunningdale A,,,,,,
43805595,CTTLFA 2026,M3 - Under 14 Premier Three,,,M3-08- Green Point Salesians,M3-04- Chelsea Bridgetown,05/09/26,Sat,09:30,Green Point,Green Point A,,,,,,
44524187,CTTLFA 2026,M3G - Under 14 Premier 3 A&B,,,M3G-01- Avendale Athletico,M3G-02- Bellville City,05/09/26,Sat,09:30,Avendale Athletico,Field Crescent A,,,,,,
44524188,CTTLFA 2026,M3G - Under 14 Premier 3 A&B,,,M3G-05- Garden Village,M3G-13- Ruyterwacht,05/09/26,Sat,09:30,Garden Village,Alexander Road,,,,,,
44524189,CTTLFA 2026,M3G - Under 14 Premier 3 A&B,,,M3G-06- Garlandale FC,M3G-10- Holy Cross,05/09/26,Sat,09:30,Garlandale,Garlandale A,,,,,,
44524190,CTTLFA 2026,M3G - Under 14 Premier 3 A&B,,,M3G-07- Goodwood United,M3G-11- Mutual FC,05/09/26,Sat,09:30,Goodwood,Hamilton Road A,,,,,,
44524191,CTTLFA 2026,M3G - Under 14 Premier 3 A&B,,,M3G-14- West End United,M3G-08- Grass Boots,05/09/26,Sat,09:30,West End United,West End Park A,,,,,,
44524192,CTTLFA 2026,M3G - Under 14 Premier 3 A&B,,,M3G-15- YSD Macassar,M3G-12- Queens Park,05/09/26,Sat,09:30,YSD Macassar,YSD Macassar A,,,,,,
43279220,CTTLFA 2026,M4 - Under 14 Division Four,,,M4-04- FN Rangers B,M4-10- CR Vasco Da Gama B,05/09/26,Sat,09:30,FN Rangers,FNB Stadium A,,,,,,
43279221,CTTLFA 2026,M4 - Under 14 Division Four,,,M4-05- Northpine United B,M4-01- Camps Bay B.,05/09/26,Sat,09:30,Northpine United,Central Park A,,,,,,
43279222,CTTLFA 2026,M4 - Under 14 Division Four,,,M4-06- Norway Parks B,M4-07- Rygersdal B,05/09/26,Sat,09:30,Norway Parks,Royal Road D,,,,,,
43279223,CTTLFA 2026,M4 - Under 14 Division Four,,,M4-08- Saxon Rovers B.,M4-02- Cape Town Spurs B,05/09/26,Sat,09:30,Saxon Rovers,Maitland B,,,,,,
43279224,CTTLFA 2026,M4 - Under 14 Division Four,,,M4-09- Table View B,M4-11- Wynberg St Johns B.,05/09/26,Sat,09:30,Table View,Table View B,,,,,,
43279555,CTTLFA 2026,M5 - Under 14 Division Five,,,M5-01- Bellville City B.,M5-07- Goodwood United B,05/09/26,Sat,09:30,Bellville City,PP Smit Stadium B,,,,,,
43279500,CTTLFA 2026,M5 - Under 14 Division Five,,,M5-02- Bothasig B,M5-08- Kuilsriver B.,05/09/26,Sat,09:30,Bothasig,Abe Sher B,,,,,,
43279556,CTTLFA 2026,M5 - Under 14 Division Five,,,M5-05- Edgemead G/W B.,M5-03- Clyde Pinelands B,05/09/26,Sat,09:30,Edgemead G/W,Edgemead B,,,,,,
43279557,CTTLFA 2026,M5 - Under 14 Division Five,,,M5-06- Fish Hoek B.,M5-11- Sunningdale City B,05/09/26,Sat,09:30,Fish Hoek,Fish Hoek B,,,,,,
43279559,CTTLFA 2026,M5 - Under 14 Division Five,,,M5-09- Meadowridge B.,M5-10- Stephanian Ottery B,05/09/26,Sat,09:30,Meadowridge,Meadowridge A,,,,,,
43272842,CTTLFA 2026,M6 - Under 14 Division Six,,,M6-01- Shosholoza B,M6-08- Holy Cross B.,05/09/26,Sat,09:30,Pelican Heights Sports Ground,Shosholoza B,,,,,,
43806150,CTTLFA 2026,M7 - Under 14 Division Seven,,,M7-10- Lansdowne,M7-07- Table View C,05/09/26,Sat,09:30,Lansdowne,Chukker Road A,,,,,,
43574600,CTTLFA 2026,M8 - Under 14 Girls Premier One,,,M8-06- Norway Parks,M8-02- Bothasig,05/09/26,Sat,09:30,Norway Parks,Royal Road B,,,,,,
43806267,CTTLFA 2026,M9- Under 14 Division Eight,,,M9-01- Bellville City C,M9-09- Garlandale B,05/09/26,Sat,09:30,Bellville City,PP Smit Stadium C,,,,,,
43806263,CTTLFA 2026,M9- Under 14 Division Eight,,,M9-03- Edgemead G/W D,M9-05- Meadowridge D,05/09/26,Sat,09:30,Edgemead G/W,Edgemead C,,,,,,
43806262,CTTLFA 2026,M9- Under 14 Division Eight,,,M9-04- Tramway,M9-02- Bothasig D,05/09/26,Sat,09:30,Tramway,Groenewald Park A,,,,,,
43806269,CTTLFA 2026,M9- Under 14 Division Eight,,,M9-08- Table View D,M9-06- Northpine United D,05/09/26,Sat,09:30,Table View,Table View C,,,,,,
43806942,CTTLFA 2026,K7 - Under 16 Girls Premier One,,,K7-01- Badgers,K7-09- Bye.,05/09/26,Sat,10:00,Badgers FC,Oranjezicht A,,,,,,
43331102,CTTLFA 2026,O6 - Under 12 Division Six,,,O6-04- FC Kapstadt B,O6-05- Fish Hoek C,05/09/26,Sat,10:00,FC Kapstadt,Hartleyvale D,,,,,,
43256770,CTTLFA 2026,K1 - Under 16 Premier One,,,K1-01- Camps Bay,K1-05- FN Rangers,05/09/26,Sat,10:50,Camps Bay,Maidens Cove,,,,,,
43256771,CTTLFA 2026,K1 - Under 16 Premier One,,,K1-02- Cape Town Spurs,K1-06- Hanover Park,05/09/26,Sat,10:50,Cape Town Spurs,Ikamva A,,,,,,
43256772,CTTLFA 2026,K1 - Under 16 Premier One,,,K1-07- Hellenic,K1-08- Northpine United,05/09/26,Sat,10:50,Hellenic,Tygerhof Sports Complex A,,,,,,
43256773,CTTLFA 2026,K1 - Under 16 Premier One,,,K1-09- Norway Parks,K1-12- CR Vasco Da Gama,05/09/26,Sat,10:50,Norway Parks,Royal Road A,,,,,,
43256774,CTTLFA 2026,K1 - Under 16 Premier One,,,K1-11- Table View,K1-10- Rygersdal,05/09/26,Sat,10:50,Table View,Table View A,,,,,,
43256775,CTTLFA 2026,K1 - Under 16 Premier One,,,K1-13- Wynberg St Johns,K1-04- FC Kapstadt,05/09/26,Sat,10:50,Wynberg st Johns,Wynberg A,,,,,,
43257220,CTTLFA 2026,K2 - Under 16 Premier Two,,,K2-01- Clyde Pinelands,K2-09- Shosholoza,05/09/26,Sat,10:50,Clyde Pinelands,Ringwood Drive A,,,,,,
43257221,CTTLFA 2026,K2 - Under 16 Premier Two,,,K2-03- Edgemead G/W,K2-06- Kuilsriver,05/09/26,Sat,10:50,Edgemead G/W,Edgemead A,,,,,,
43257222,CTTLFA 2026,K2 - Under 16 Premier Two,,,K2-04- Fish Hoek,K2-12- Young Bafana,05/09/26,Sat,10:50,Fish Hoek,Fish Hoek A,,,,,,
43257223,CTTLFA 2026,K2 - Under 16 Premier Two,,,K2-05- Kensington,K2-07- Meadowridge,05/09/26,Sat,10:50,Kensington,14 Avenue A,,,,,,
43257224,CTTLFA 2026,K2 - Under 16 Premier Two,,,K2-08- Saxon Rovers,K2-10- Stephanian Ottery,05/09/26,Sat,10:50,Saxon Rovers,Maitland A,,,,,,
43257225,CTTLFA 2026,K2 - Under 16 Premier Two,,,K2-11- Sunningdale City,K2-02- Durbanville,05/09/26,Sat,10:50,Sunningdale City,Sunningdale A,,,,,,
43805269,CTTLFA 2026,K3 - Under 16 Premier Three,,,K3-08- Green Point Salesians,K3-04- Chelsea Bridgetown,05/09/26,Sat,10:50,Green Point,Green Point A,,,,,,
44524456,CTTLFA 2026,K3G - Under 16 Premier 3 A&B,,,K3G-01- Avendale Athletico,K3G-02- Bellville City,05/09/26,Sat,10:50,Avendale Athletico,Field Crescent A,,,,,,
44524457,CTTLFA 2026,K3G - Under 16 Premier 3 A&B,,,K3G-05- Garden Village,K3G-13- Ruyterwacht,05/09/26,Sat,10:50,Garden Village,Alexander Road,,,,,,
44524458,CTTLFA 2026,K3G - Under 16 Premier 3 A&B,,,K3G-06- Garlandale FC,K3G-10- Holy Cross,05/09/26,Sat,10:50,Garlandale,Garlandale A,,,,,,
44524459,CTTLFA 2026,K3G - Under 16 Premier 3 A&B,,,K3G-07- Goodwood United,K3G-11- Mutual FC,05/09/26,Sat,10:50,Goodwood,Hamilton Road A,,,,,,
44524460,CTTLFA 2026,K3G - Under 16 Premier 3 A&B,,,K3G-14- West End United,K3G-08- Grass Boots,05/09/26,Sat,10:50,West End United,West End Park A,,,,,,
44524461,CTTLFA 2026,K3G - Under 16 Premier 3 A&B,,,K3G-15- YSD Macassar,K3G-12- Queens Park,05/09/26,Sat,10:50,YSD Macassar,YSD Macassar A,,,,,,
43279330,CTTLFA 2026,K4 - Under 16 Division Four,,,K4-04- FN Rangers B,K4-10- CR Vasco Da Gama B,05/09/26,Sat,10:50,FN Rangers,FNB Stadium A,,,,,,
43279331,CTTLFA 2026,K4 - Under 16 Division Four,,,K4-05- Northpine United B,K4-01- Bye,05/09/26,Sat,10:50,Northpine United,Central Park A,,,,,,
43279332,CTTLFA 2026,K4 - Under 16 Division Four,,,K4-06- Norway Parks B,K4-07- Rygersdal B,05/09/26,Sat,10:50,Norway Parks,Royal Road D,,,,,,
43279333,CTTLFA 2026,K4 - Under 16 Division Four,,,K4-08- Saxon Rovers B,K4-02- Cape Town Spurs B,05/09/26,Sat,10:50,Saxon Rovers,Maitland B,,,,,,
43279334,CTTLFA 2026,K4 - Under 16 Division Four,,,K4-09- Table View B.,K4-11- Wynberg St Johns B.,05/09/26,Sat,10:50,Table View,Table View B,,,,,,
43279445,CTTLFA 2026,K5 - Under 16 Division Five,,,K5-01- Bellville City B.,K5-07- Goodwood United B,05/09/26,Sat,10:50,Bellville City,PP Smit Stadium B,,,,,,
43279390,CTTLFA 2026,K5 - Under 16 Division Five,,,K5-02- Bothasig B,K5-08- Kuilsriver B.,05/09/26,Sat,10:50,Bothasig,Abe Sher B,,,,,,
43279446,CTTLFA 2026,K5 - Under 16 Division Five,,,K5-05- Edgemead G/W B.,K5-03- Clyde Pinelands B,05/09/26,Sat,10:50,Edgemead G/W,Edgemead B,,,,,,
43279447,CTTLFA 2026,K5 - Under 16 Division Five,,,K5-06- Fish Hoek B.,K5-11- Sunningdale City B,05/09/26,Sat,10:50,Fish Hoek,Fish Hoek B,,,,,,
43279449,CTTLFA 2026,K5 - Under 16 Division Five,,,K5-09- Meadowridge B.,K5-10- Stephanian Ottery B,05/09/26,Sat,10:50,Meadowridge,Meadowridge A,,,,,,
43805875,CTTLFA 2026,K6 - Under 16 Division Six,,,K6-04- Holy Cross B,K6-08- Sunningdale City C,05/09/26,Sat,10:50,Holy Cross,Voortrekker Road,,,,,,
43805878,CTTLFA 2026,K6 - Under 16 Division Six,,,K6-06- Meadowridge C,K6-07- Ruyterwacht B,05/09/26,Sat,10:50,Meadowridge,Meadowridge B,,,,,,
43805876,CTTLFA 2026,K6 - Under 16 Division Six,,,K6-09- Table View C,K6-01- Bye.,05/09/26,Sat,10:50,Table View,Table View C,,,,,,
43805880,CTTLFA 2026,K6 - Under 16 Division Six,,,K6-10- Shosholoza B,K6-05- JMI,05/09/26,Sat,10:50,Pelican Heights Sports Ground,Shosholoza B,,,,,,
43805883,CTTLFA 2026,K6 - Under 16 Division Six,,,K6-11- Kensington B,K6-02- Bothasig C,05/09/26,Sat,10:50,Kensington,14 Avenue B,,,,,,
43806939,CTTLFA 2026,K7 - Under 16 Girls Premier One,,,K7-02- Bellville City,K7-05- Clyde Pinelands,05/09/26,Sat,10:50,Bellville City,PP Smit Stadium A,,,,,,
43806940,CTTLFA 2026,K7 - Under 16 Girls Premier One,,,K7-03- Bothasig,K7-04- Camps Bay,05/09/26,Sat,10:50,Bothasig,Abe Sher C,,,,,,
43806941,CTTLFA 2026,K7 - Under 16 Girls Premier One,,,K7-11- Bye.,K7-06- Fish Hoek,05/09/26,Sat,10:50,Bye,#1,,,,,,
43806944,CTTLFA 2026,K7 - Under 16 Girls Premier One,,,K7-13- Wynberg St Johns,K7-10- Rygersdal,05/09/26,Sat,10:50,Wynberg st Johns,Wynberg B,,,,,,
43806943,CTTLFA 2026,K7 - Under 16 Girls Premier One,,,K7-14- Nova Generation,K7-08- Meadowridge,05/09/26,Sat,10:50,Nova Generations,Generations Sandown Institute,,,,,,
43805877,CTTLFA 2026,K8- Under 16 Division Seven,,,K8-02- Durbanville C,K8-03- Edgemead G/W C,05/09/26,Sat,10:50,Durbanville,Klazinga Park C,,,,,,
43805884,CTTLFA 2026,K8- Under 16 Division Seven,,,K8-04- Fish Hoek C.,K8-08- Table View D,05/09/26,Sat,10:50,Fish Hoek,Fish Hoek C,,,,,,
43805879,CTTLFA 2026,K8- Under 16 Division Seven,,,K8-07- Rygersdal C,K8-11- Bye,05/09/26,Sat,10:50,Rygersdal,Rygersdal B,,,,,,
43805882,CTTLFA 2026,K8- Under 16 Division Seven,,,K8-09- YMO FC,K8-06- Northpine United C,05/09/26,Sat,10:50,YMO FC,Upper Cambridge A,,,,,,
43272843,CTTLFA 2026,M6 - Under 14 Division Six,,,M6-02- Brooklyn Superstars,M6-07- Hellenic B,05/09/26,Sat,10:50,Bayview Sports Complex,Brooklyn Bayview Sports Complex A,,,,,,
43806209,CTTLFA 2026,M7 - Under 14 Division Seven,,,M7-09- Durbanville C,M7-01- Bothasig C,05/09/26,Sat,10:50,Durbanville,Klazinga Park B,,,,,,
44284939,CTTLFA 2026,,U/14 Girls Premier Knockout 2026,,M8-03- Camps Bay,M8-04- Fish Hoek,05/09/26,Sat,10:50,Bellville City,PP Smit Stadium C,,,,,,
43574573,CTTLFA 2026,M8 - Under 14 Girls Premier One,,,M8-12- Hout Bay,M8-07- Rygersdal,05/09/26,Sat,10:50,Chukker Sports Complex,#1,,,,,,
43331125,CTTLFA 2026,O6 - Under 12 Division Six,,,O6-06- Grass Boots B,O6-01- Bothasig C,05/09/26,Sat,10:50,Grass Boots,"Van Riebeeck Park, Sidmouth Road B",,,,,,
42989926,CTTLFA 2026,I1 - Under 18 Premier One,,,I1-01- Camps Bay,I1-05- FN Rangers,05/09/26,Sat,12:30,Camps Bay,Maidens Cove,,,,,,
42989927,CTTLFA 2026,I1 - Under 18 Premier One,,,I1-02- Cape Town Spurs,I1-06- Hanover Park,05/09/26,Sat,12:30,Cape Town Spurs,Ikamva A,,,,,,
42989925,CTTLFA 2026,I1 - Under 18 Premier One,,,I1-07- Hellenic,I1-08- Northpine United,05/09/26,Sat,12:30,Hellenic,Tygerhof Sports Complex A,,,,,,
42989924,CTTLFA 2026,I1 - Under 18 Premier One,,,I1-09- Norway Parks,I1-12- CR Vasco Da Gama,05/09/26,Sat,12:30,Norway Parks,Royal Road A,,,,,,
42989928,CTTLFA 2026,I1 - Under 18 Premier One,,,I1-11- Table View,I1-10- Rygersdal,05/09/26,Sat,12:30,Table View,Table View A,,,,,,
42989929,CTTLFA 2026,I1 - Under 18 Premier One,,,I1-13- Wynberg St Johns,I1-04- FC Kapstadt,05/09/26,Sat,12:30,Wynberg st Johns,Wynberg A,,,,,,
42990100,CTTLFA 2026,I2 - Under 18 Premier Two,,,I2-01- Clyde Pinelands,I2-09- Shosholoza,05/09/26,Sat,12:30,Clyde Pinelands,Ringwood Drive A,,,,,,
42990101,CTTLFA 2026,I2 - Under 18 Premier Two,,,I2-03- Edgemead G/W,I2-06- Kuilsriver,05/09/26,Sat,12:30,Edgemead G/W,Edgemead A,,,,,,
42990099,CTTLFA 2026,I2 - Under 18 Premier Two,,,I2-04- Fish Hoek,I2-12- Young Bafana,05/09/26,Sat,12:30,Fish Hoek,Fish Hoek A,,,,,,
42990102,CTTLFA 2026,I2 - Under 18 Premier Two,,,I2-05- Kensington,I2-07- Meadowridge,05/09/26,Sat,12:30,Kensington,14 Avenue A,,,,,,
42990103,CTTLFA 2026,I2 - Under 18 Premier Two,,,I2-08- Saxon Rovers,I2-10- Stephanian Ottery,05/09/26,Sat,12:30,Saxon Rovers,Maitland A,,,,,,
42990104,CTTLFA 2026,I2 - Under 18 Premier Two,,,I2-11- Sunningdale City,I2-02- Durbanville,05/09/26,Sat,12:30,Sunningdale City,Sunningdale A,,,,,,
43804791,CTTLFA 2026,I3 - Under 18 Premier Three,,,I3-08- Green Point Salesians,I3-04- Chelsea Bridgetown,05/09/26,Sat,12:30,Green Point,Green Point A,,,,,,
44510022,CTTLFA 2026,I3G - Under 18 Premier 3 A&B,,,I3G-01- Avendale Athletico,I3G-02- Bellville City,05/09/26,Sat,12:30,Avendale Athletico,Field Crescent A,,,,,,
44510021,CTTLFA 2026,I3G - Under 18 Premier 3 A&B,,,I3G-05- Garden Village,I3G-13- Ruyterwacht,05/09/26,Sat,12:30,Garden Village,Alexander Road,,,,,,
44510023,CTTLFA 2026,I3G - Under 18 Premier 3 A&B,,,I3G-06- Garlandale FC,I3G-10- Holy Cross,05/09/26,Sat,12:30,Garlandale,Garlandale A,,,,,,
44510024,CTTLFA 2026,I3G - Under 18 Premier 3 A&B,,,I3G-07- Goodwood United,I3G-11- Mutual FC,05/09/26,Sat,12:30,Goodwood,Hamilton Road A,,,,,,
44510025,CTTLFA 2026,I3G - Under 18 Premier 3 A&B,,,I3G-14- West End United,I3G-08- Grass Boots,05/09/26,Sat,12:30,West End United,West End Park A,,,,,,
44510026,CTTLFA 2026,I3G - Under 18 Premier 3 A&B,,,I3G-15- YSD Macassar,I3G-12- Queens Park,05/09/26,Sat,12:30,YSD Macassar,YSD Macassar A,,,,,,
43275090,CTTLFA 2026,I4 - Under 18 Division Four,,,I4-03- FN Rangers B,I4-09- CR Vasco Da Gama B,05/09/26,Sat,12:30,FN Rangers,FNB Stadium B,,,,,,
43275093,CTTLFA 2026,I4 - Under 18 Division Four,,,I4-05- Norway Parks B,I4-06- Rygersdal B.,05/09/26,Sat,12:30,Norway Parks,Royal Road D,,,,,,
43275092,CTTLFA 2026,I4 - Under 18 Division Four,,,I4-07- Saxon Rovers B,I4-02- Cape Town Spurs B,05/09/26,Sat,12:30,Saxon Rovers,Maitland B,,,,,,
43275091,CTTLFA 2026,I4 - Under 18 Division Four,,,I4-10- Wynberg St Johns B.,I4-08- Table View B,05/09/26,Sat,12:30,Wynberg st Johns,Wynberg B,,,,,,
43805577,CTTLFA 2026,I5 - Under 18 Division Five,,,I5-01- Bothasig C,I5-06- JMI,05/09/26,Sat,12:30,Bothasig,Abe Sher C,,,,,,
43805575,CTTLFA 2026,I5 - Under 18 Division Five,,,I5-03- Durbanville B.,I5-08- Ruyterwacht B,05/09/26,Sat,12:30,Durbanville,Klazinga Park B,,,,,,
43805578,CTTLFA 2026,I5 - Under 18 Division Five,,,I5-05- Fish Hoek B.,I5-02- Clyde Pinelands B,05/09/26,Sat,12:30,Fish Hoek,Fish Hoek B,,,,,,
43805574,CTTLFA 2026,I5 - Under 18 Division Five,,,I5-07- Meadowridge B.,I5-04- Edgemead G/W B.,05/09/26,Sat,12:30,Meadowridge,Meadowridge A,,,,,,
43805576,CTTLFA 2026,I5 - Under 18 Division Five,,,I5-11- Tramway,I5-10- Bellville City B,05/09/26,Sat,12:30,Tramway,Groenewald Park A,,,,,,
43805881,CTTLFA 2026,K8- Under 16 Division Seven,,,K8-05- Meadowridge D,K8-01- Bothasig D,05/09/26,Sat,12:30,Meadowridge,Meadowridge B,,,,,,
43575499,CTTLFA 2026,D2 - 4th Division,,,D2-03- Edgemead G/W,D2-11- Shosholoza FC,05/09/26,Sat,14:00,Edgemead G/W,Edgemead A,,,,,,
43575502,CTTLFA 2026,D2 - 4th Division,,,D2-06- Ruyterwacht,D2-02- Bothasig,05/09/26,Sat,14:00,Ruyterwacht,Stan Abbot B,,,,,,
43575504,CTTLFA 2026,D2 - 4th Division,,,D2-09- C.R. Vasco Da Gama,D2-05- Norway Parks,05/09/26,Sat,14:00,Vasco da Gama,Da Gama Park B,,,,,,
43575501,CTTLFA 2026,D2 - 4th Division,,,D2-10- Wynberg St Johns,D2-08- Table View,05/09/26,Sat,14:00,Wynberg st Johns,Wynberg B,,,,,,
43575354,CTTLFA 2026,D3 - 5th Division,,,D3-08- Table View,D3-07- Northpine United,05/09/26,Sat,14:00,Table View,Table View B,,,,,,
43575632,CTTLFA 2026,D4 - 6th Division,,,D4-05- Kuilsriver,D4-09- Stephanian Ottery,05/09/26,Sat,14:00,Serepta Sports Ground,Serepta Sports Ground B,,,,,,
43575634,CTTLFA 2026,D4 - 6th Division,,,D4-11- Edgemead G/W,D4-01- Garlandale FC,05/09/26,Sat,14:00,Edgemead G/W,Edgemead D,,,,,,
43575879,CTTLFA 2026,E2- Vets 035 B,,,E2-08- Everton United,E2-09- Tramway,05/09/26,Sat,14:00,Heideveld Sports Complex,#1,,,,,,
43256373,CTTLFA 2026,B2 - First Reserve,,,FR-01- Bellville City FC,FR-06- Kensington,05/09/26,Sat,14:00,Bellville City,PP Smit Stadium A,,,,,,
43256374,CTTLFA 2026,B2 - First Reserve,,,FR-04- Garden Village,FR-10- Ruyterwacht,05/09/26,Sat,14:00,Garden Village,Alexander Road,,,,,,
43256375,CTTLFA 2026,B2 - First Reserve,,,FR-05- JMI,FR-03- Brooklyn Superstars,05/09/26,Sat,14:00,Norway Parks,Royal Road E,,,,,,
43256376,CTTLFA 2026,B2 - First Reserve,,,FR-08- Meadowridge,FR-13- Tramway,05/09/26,Sat,14:00,Meadowridge,Meadowridge A,,,,,,
43256377,CTTLFA 2026,B2 - First Reserve,,,FR-09- Northpine United,FR-07- Kuilsriver,05/09/26,Sat,14:00,Northpine United,Central Park A,,,,,,
43256378,CTTLFA 2026,B2 - First Reserve,,,FR-11- Stephanian Ottery,FR-02- Bothasig,05/09/26,Sat,14:00,Stephanian Ottery,Stephanian Ottery A,,,,,,
43806466,CTTLFA 2026,G1 - Vets 045 A,,,G1-03- FN Rangers,G1-07- Tramway,05/09/26,Sat,14:00,FN Rangers,FNB Stadium A,,,,,,
43806464,CTTLFA 2026,G1 - Vets 045 A,,,G1-05- Meadowridge,G1-13- Stephanian Ottery,05/09/26,Sat,14:00,Meadowridge,Meadowridge B,,,,,,
43806462,CTTLFA 2026,G1 - Vets 045 A,,,G1-12- Table View,G1-01- De Beers,05/09/26,Sat,14:00,Table View,Table View A,,,,,,
43262905,CTTLFA 2026,G4 - Vets 050 A,,,G4-03- FN Rangers,G4-01- Clyde Pinelands,05/09/26,Sat,14:00,FN Rangers,FNB Stadium B,,,,,,
43262902,CTTLFA 2026,G4 - Vets 050 A,,,G4-06- Rygersdal,G4-07- Stephanian Ottery,05/09/26,Sat,14:00,Stephanian Ottery,Stephanian Ottery B,,,,,,
43262753,CTTLFA 2026,G5 - Vets 050 B,,,G5-05- Everton United,G5-01- Bothasig,05/09/26,Sat,14:00,Heideveld Sports Complex,#1,,,,,,
43317292,CTTLFA 2026,H2 - Womens First Division,,,H2-05- Kuilsriver,H2-07- Norway Parks,05/09/26,Sat,14:00,Serepta Sports Ground,Serepta Sports Ground A,,,,,,
43256201,CTTLFA 2026,A2 - Premier Reserve,,,PR-01- Durbanville,PR-10- Saxon Rovers,05/09/26,Sat,14:00,Durbanville,Klazinga Park A,,,,,,
43256202,CTTLFA 2026,A2 - Premier Reserve,,,PR-05- Green Point Salesians,PR-08- Norway Parks,05/09/26,Sat,14:00,Green Point,Green Point A,,,,,,
43256203,CTTLFA 2026,A2 - Premier Reserve,,,PR-09- Rygersdal,PR-02- Edgemead G/W,05/09/26,Sat,14:00,Rygersdal,Rygersdal A,,,,,,
43256205,CTTLFA 2026,A2 - Premier Reserve,,,PR-12- UCT,PR-03- Fish Hoek,05/09/26,Sat,14:00,U C T,U C T,,,,,,
43256206,CTTLFA 2026,A2 - Premier Reserve,,,PR-13- C.R. Vasco Da Gama,PR-04- FN Rangers,05/09/26,Sat,14:00,Vasco da Gama,Da Gama Park A,,,,,,
43256207,CTTLFA 2026,A2 - Premier Reserve,,,PR-14- Wynberg St Johns,PR-07- Holy Cross,05/09/26,Sat,14:00,Wynberg st Johns,Wynberg A,,,,,,
43256591,CTTLFA 2026,C2 - Second Reserve,,,SR-01- Avendale Athletico,SR-07- FC Kapstadt,05/09/26,Sat,14:00,Avendale Athletico,Field Crescent A,,,,,,
43256595,CTTLFA 2026,C2 - Second Reserve,,,SR-02- Barmsley Spurs,SR-10- Hellenic,05/09/26,Sat,14:00,Chelsea,Hickory Road A,,,,,,
43256592,CTTLFA 2026,C2 - Second Reserve,,,SR-03- Camps Bay,SR-05- Clyde Pinelands,05/09/26,Sat,14:00,Camps Bay,Camps Bay A,,,,,,
43256593,CTTLFA 2026,C2 - Second Reserve,,,SR-06- De Beers,SR-08- Bye,05/09/26,Sat,14:00,De Beers,Somerset West A,,,,,,
43256594,CTTLFA 2026,C2 - Second Reserve,,,SR-09- Goodwood United,SR-11- Mutual FC,05/09/26,Sat,14:00,Goodwood,Hamilton Road A,,,,,,
43256596,CTTLFA 2026,C2 - Second Reserve,,,SR-12- Queens Park,SR-15- Young Bafana,05/09/26,Sat,14:00,Paddock Road A,Queens Park Paddock A,,,,,,
43256597,CTTLFA 2026,C2 - Second Reserve,,,SR-14- West End United,SR-04- Chelsea Bridgetown,05/09/26,Sat,14:00,West End United,West End Park A,,,,,,
43256598,CTTLFA 2026,C2 - Second Reserve,,,SR-16- YSD Macassar,SR-13- Varsity College,05/09/26,Sat,14:00,YSD Macassar,YSD Macassar A,,,,,,
43575633,CTTLFA 2026,D4 - 6th Division,,,D4-08- Bothasig,D4-10- Sunningdale City,05/09/26,Sat,15:30,Bothasig,Abe Sher D,,,,,,
43575349,CTTLFA 2026,D1 - 3rd Division,,,D1-01- Bellville City FC,D1-03- Durbanville,05/09/26,Sat,15:45,Bellville City,PP Smit Stadium B,,,,,,
43575350,CTTLFA 2026,D1 - 3rd Division,,,D1-07- Saxon Rovers,D1-10- Wynberg St Johns,05/09/26,Sat,15:45,Saxon Rovers,Maitland A,,,,,,
43575355,CTTLFA 2026,D1 - 3rd Division,,,D1-08- Table View,D1-02- Bothasig,05/09/26,Sat,15:45,Table View,Table View A,,,,,,
43575503,CTTLFA 2026,D2 - 4th Division,,,D2-04- Fish Hoek,D2-07- Rygersdal,05/09/26,Sat,15:45,Fish Hoek,Fish Hoek A,,,,,,
43575352,CTTLFA 2026,D3 - 5th Division,,,D3-01- Bothasig,D3-04- Edgemead G/W,05/09/26,Sat,15:45,Bothasig,Abe Sher C,,,,,,
43575358,CTTLFA 2026,D3 - 5th Division,,,D3-06- Mutual FC,D3-11- Hanover Park,05/09/26,Sat,15:45,Mutual FC,Pinelands Oval A,,,,,,
43575351,CTTLFA 2026,D3 - 5th Division,,,D3-10- C.R. Vasco Da Gama,D3-03- Durbanville,05/09/26,Sat,15:45,Vasco da Gama,Da Gama Park B,,,,,,
43575880,CTTLFA 2026,E2- Vets 035 B,,,E2-07- Meadowridge,E2-03- Green Point Salesians,05/09/26,Sat,15:45,Meadowridge,Meadowridge B,,,,,,
43575881,CTTLFA 2026,E2- Vets 035 B,,,E2-11- Turfhall,E2-06- FN Rangers B,05/09/26,Sat,15:45,FN Rangers,FNB Stadium B,,,,,,
43575767,CTTLFA 2026,F2 - Vets 040 B,,,F2-03- Garlandale,F2-09- Wynberg St Johns,05/09/26,Sat,15:45,Garlandale,Garlandale B,,,,,,
43575765,CTTLFA 2026,F2 - Vets 040 B,,,F2-07- Bye,F2-12- Sunningdale City B,05/09/26,Sat,15:45,Bye,#1,,,,,,
42990293,CTTLFA 2026,B1 - First Division,,,FD-01- Bellville City FC,FD-06- Kensington,05/09/26,Sat,15:45,Bellville City,PP Smit Stadium A,,,,,,
42990296,CTTLFA 2026,B1 - First Division,,,FD-04- Garden Village,FD-10- Ruyterwacht,05/09/26,Sat,15:45,Garden Village,Alexander Road,,,,,,
42990291,CTTLFA 2026,B1 - First Division,,,FD-05- JMI,FD-03- Brooklyn Superstars,05/09/26,Sat,15:45,Norway Parks,Royal Road E,,,,,,
42990295,CTTLFA 2026,B1 - First Division,,,FD-08- Meadowridge,FD-13- Tramway,05/09/26,Sat,15:45,Meadowridge,Meadowridge A,,,,,,
42990294,CTTLFA 2026,B1 - First Division,,,FD-09- Northpine United,FD-07- Kuilsriver,05/09/26,Sat,15:45,Northpine United,Central Park A,,,,,,
42990292,CTTLFA 2026,B1 - First Division,,,FD-11- Stephanian Ottery,FD-02- Bothasig,05/09/26,Sat,15:45,Stephanian Ottery,Stephanian Ottery A,,,,,,
42997015,CTTLFA 2026,A1 - Premier Division,,,PD-01- Durbanville,PD-10- Saxon Rovers,05/09/26,Sat,15:45,Durbanville,Klazinga Park A,,,,,,
42997016,CTTLFA 2026,A1 - Premier Division,,,PD-05- Green Point Salesians,PD-08- Norway Parks,05/09/26,Sat,15:45,Green Point,Green Point A,,,,,,
42997018,CTTLFA 2026,A1 - Premier Division,,,PD-09- Rygersdal,PD-02- Edgemead G/W,05/09/26,Sat,15:45,Rygersdal,Rygersdal A,,,,,,
42997012,CTTLFA 2026,A1 - Premier Division,,,PD-12- UCT,PD-03- Fish Hoek,05/09/26,Sat,15:45,U C T,U C T,,,,,,
42997017,CTTLFA 2026,A1 - Premier Division,,,PD-13- C.R. Vasco Da Gama,PD-04- FN Rangers,05/09/26,Sat,15:45,Vasco da Gama,Da Gama Park A,,,,,,
42997014,CTTLFA 2026,A1 - Premier Division,,,PD-14- Wynberg St Johns,PD-07- Holy Cross,05/09/26,Sat,15:45,Wynberg st Johns,Wynberg A,,,,,,
43206654,CTTLFA 2026,C1 - Second Division,,,SD-01- Avendale Athletico,SD-07- FC Kapstadt,05/09/26,Sat,15:45,Avendale Athletico,Field Crescent A,,,,,,
43206655,CTTLFA 2026,C1 - Second Division,,,SD-02- Barmsley Spurs,SD-10- Hellenic,05/09/26,Sat,15:45,Chelsea,Hickory Road A,,,,,,
43206652,CTTLFA 2026,C1 - Second Division,,,SD-03- Camps Bay,SD-05- Clyde Pinelands,05/09/26,Sat,15:45,Camps Bay,Camps Bay A,,,,,,
43206653,CTTLFA 2026,C1 - Second Division,,,SD-06- De Beers,SD-08- Bye,05/09/26,Sat,15:45,De Beers,Somerset West A,,,,,,
43206658,CTTLFA 2026,C1 - Second Division,,,SD-09- Goodwood United,SD-11- Mutual FC,05/09/26,Sat,15:45,Goodwood,Hamilton Road A,,,,,,
43206656,CTTLFA 2026,C1 - Second Division,,,SD-12- Queens Park,SD-15- Young Bafana,05/09/26,Sat,15:45,Paddock Road A,Queens Park Paddock A,,,,,,
43206657,CTTLFA 2026,C1 - Second Division,,,SD-14- West End United,SD-04- Chelsea Bridgetown,05/09/26,Sat,15:45,West End United,West End Park A,,,,,,
43206659,CTTLFA 2026,C1 - Second Division,,,SD-16- YSD Macassar,SD-13- Varsity College,05/09/26,Sat,15:45,YSD Macassar,YSD Macassar A,,,,,,
43574479,CTTLFA 2026,O7 - Under 12 Girls Premier One (9v9),,,O7-09- Hout Bay,O7-08- Wynberg St Johns,06/09/26,Sun,09:30,Chukker Sports Complex,#1,,,,,,
43805890,CTTLFA 2026,K6 - Under 16 Division Six,,,K6-01- Bye.,K6-10- Shosholoza B,06/09/26,Sun,10:50,Bye,#1,,,,,,
43805893,CTTLFA 2026,K6 - Under 16 Division Six,,,K6-02- Bothasig C,K6-06- Meadowridge C,06/09/26,Sun,10:50,Bothasig,Abe Sher B,,,,,,
43805891,CTTLFA 2026,K6 - Under 16 Division Six,,,K6-03- Brooklyn Superstars,K6-04- Holy Cross B,06/09/26,Sun,10:50,Bayview Sports Complex,Brooklyn Bayview Sports Complex A,,,,,,
43805885,CTTLFA 2026,K6 - Under 16 Division Six,,,K6-05- JMI,K6-11- Kensington B,06/09/26,Sun,10:50,Norway Parks,Royal Road E,,,,,,
43805887,CTTLFA 2026,K6 - Under 16 Division Six,,,K6-08- Sunningdale City C,K6-09- Table View C,06/09/26,Sun,10:50,Sunningdale City,Sunningdale B,,,,,,
43805892,CTTLFA 2026,K8- Under 16 Division Seven,,,K8-06- Northpine United C,K8-02- Durbanville C,06/09/26,Sun,10:50,Northpine United,Central Park A,,,,,,
43805886,CTTLFA 2026,K8- Under 16 Division Seven,,,K8-08- Table View D,K8-05- Meadowridge D,06/09/26,Sun,10:50,Table View,Table View A,,,,,,
43805889,CTTLFA 2026,K8- Under 16 Division Seven,,,K8-10- Lansdowne,K8-07- Rygersdal C,06/09/26,Sun,10:50,Lansdowne,Chukker Road A,,,,,,
43805894,CTTLFA 2026,K8- Under 16 Division Seven,,,K8-11- Bye,K8-09- YMO FC,06/09/26,Sun,10:50,Bye,#1,,,,,,
43317351,CTTLFA 2026,H2 - Womens First Division,,,H2-11- Magic Ladies B,H2-10- UCT B,06/09/26,Sun,12:00,Avenue De Mist,Ave De Mist - A,,,,,,
43806594,CTTLFA 2026,H1 - Womens Premier League,,,H1-08- Magic Ladies,H1-01- Badgers,06/09/26,Sun,14:00,Avenue De Mist,Ave De Mist - A,,,,,,
43317352,CTTLFA 2026,H2 - Womens First Division,,,H2-05- Kuilsriver,H2-09- Stephanian Ottery,06/09/26,Sun,14:00,Serepta Sports Ground,Serepta Sports Ground A,,,,,,
43317355,CTTLFA 2026,H2 - Womens First Division,,,H2-13- Hout Bay,H2-07- Norway Parks,06/09/26,Sun,14:00,Hout Bay Stadium,Hout Bay Stadium,,,,,,
43256539,CTTLFA 2026,C2 - Second Reserve,,,SR-10- Hellenic,SR-03- Camps Bay,06/09/26,Sun,14:00,Hellenic,Tygerhof Sports Complex A,,,,,,
43256563,CTTLFA 2026,C2 - Second Reserve,,,SR-11- Mutual FC,SR-04- Chelsea Bridgetown,06/09/26,Sun,14:00,Mutual FC,Pinelands Oval A,,,,,,
43206597,CTTLFA 2026,C1 - Second Division,,,SD-10- Hellenic,SD-03- Camps Bay,06/09/26,Sun,15:45,Hellenic,Tygerhof Sports Complex A,,,,,,
43206621,CTTLFA 2026,C1 - Second Division,,,SD-11- Mutual FC,SD-04- Chelsea Bridgetown,06/09/26,Sun,15:45,Mutual FC,Pinelands Oval A,,,,,,
43256406,CTTLFA 2026,C2 - Second Reserve,,,SR-13- Varsity College,SR-15- Young Bafana,06/09/26,Sun,16:00,Avenue De Mist,Ave De Mist - A,,,,,,
43806097,CTTLFA 2026,O8- Under 12 Division Seven,,,O8-10- Garlandale B,O8-04- Meadowridge D,08/09/26,Tue,18:30,Garlandale,Garlandale A,,,,,,
43806470,CTTLFA 2026,G1 - Vets 045 A,,,G1-01- De Beers,G1-11- Lansdowne,08/09/26,Tue,19:00,De Beers,Somerset West A,,,,,,
43806471,CTTLFA 2026,G1 - Vets 045 A,,,G1-08- Bothasig,G1-03- FN Rangers,08/09/26,Tue,19:00,Bothasig,Abe Sher C,,,,,,
43806468,CTTLFA 2026,G1 - Vets 045 A,,,G1-09- Garden Village,G1-05- Meadowridge,08/09/26,Tue,19:00,Garden Village,Alexander Road,,,,,,
43806469,CTTLFA 2026,G1 - Vets 045 A,,,G1-13- Stephanian Ottery,G1-02-Edgemead G/W,08/09/26,Tue,19:00,Stephanian Ottery,Stephanian Ottery A,,,,,,
43805841,CTTLFA 2026,K6 - Under 16 Division Six,,,K6-04- Holy Cross B,K6-07- Ruyterwacht B,08/09/26,Tue,19:00,Holy Cross,Voortrekker Road,,,,,,
43806056,CTTLFA 2026,O8- Under 12 Division Seven,,,O8-01- Tramway,O8-03- Mutual B,08/09/26,Tue,19:00,Tramway,Groenewald Park B,,,,,,
43575606,CTTLFA 2026,D4 - 6th Division,,,D4-12- Lansdowne,D4-01- Garlandale FC,08/09/26,Tue,20:00,Lansdowne,Chukker Road A,,,,,,
43806472,CTTLFA 2026,G1 - Vets 045 A,,,G1-07- Tramway,G1-06- Saxon Rovers,08/09/26,Tue,20:20,Tramway,Groenewald Park A,,,,,,
43806467,CTTLFA 2026,G1 - Vets 045 A,,,G1-10- Holy Cross,G1-12- Table View,08/09/26,Tue,20:30,Holy Cross,Voortrekker Road,,,,,,
43317284,CTTLFA 2026,H2 - Womens First Division,,,H2-05- Kuilsriver,H2-13- Hout Bay,09/09/26,Wed,19:00,Serepta Sports Ground,Serepta Sports Ground B,,,,,,
43317336,CTTLFA 2026,H2 - Womens First Division,,,H2-10- UCT B,H2-02- Bothasig,09/09/26,Wed,19:00,U C T,U C T,,,,,,
43575954,CTTLFA 2026,E1- Vets 035,,,E1-11- C.R. Vasco Da Gama,E1-01- Avendale Athletico,09/09/26,Wed,19:30,Vasco da Gama,Da Gama Park A,,,,,,
43806477,CTTLFA 2026,G1 - Vets 045 A,,,G1-02-Edgemead G/W,G1-09- Garden Village,09/09/26,Wed,19:30,Edgemead G/W,Edgemead A,,,,,,
43575952,CTTLFA 2026,E1- Vets 035,,,E1-02- Camps Bay,E1-03- Clyde Pinelands,09/09/26,Wed,20:30,Camps Bay,Camps Bay A,,,,,,
43806945,CTTLFA 2026,K7 - Under 16 Girls Premier One,,,K7-08- Meadowridge,K7-11- Bye.,10/09/26,Thu,18:30,Meadowridge,Meadowridge A,,,,,,
43575639,CTTLFA 2026,D4 - 6th Division,,,D4-03- De Beers,D4-11- Edgemead G/W,10/09/26,Thu,20:00,De Beers,Somerset West B,,,,,,
43575887,CTTLFA 2026,E2- Vets 035 B,,,E2-01- Bellville City,E2-02- Durbanville,10/09/26,Thu,20:00,Bellville City,PP Smit Stadium C,,,,,,
43262878,CTTLFA 2026,G5 - Vets 050 B,,,G5-06- Green Point Salesians,G5-04- Edgemead G/W,10/09/26,Thu,20:15,Green Point,Green Point B,,,,,,
43574547,CTTLFA 2026,O7 - Under 12 Girls Premier One (9v9),,,O7-06- Meadowridge B,O7-09- Hout Bay,11/09/26,Fri,18:30,Meadowridge,Meadowridge B,,,,,,
43575772,CTTLFA 2026,F2 - Vets 040 B,,,F2-12- Sunningdale City B,F2-11- Saxon Rovers,11/09/26,Fri,19:00,Sunningdale City,Sunningdale B,,,,,,
43806601,CTTLFA 2026,H1 - Womens Premier League,,,H1-03- Clyde Pinelands,H1-08- Magic Ladies,11/09/26,Fri,19:00,Clyde Pinelands,Ringwood Drive A,,,,,,
43806597,CTTLFA 2026,H1 - Womens Premier League,,,H1-04- Fish Hoek,H1-09- Northpine United,11/09/26,Fri,19:00,Fish Hoek,Fish Hoek A,,,,,,
43806599,CTTLFA 2026,H1 - Womens Premier League,,,H1-06- Green Point Salesians,H1-02- Bellville City,11/09/26,Fri,19:00,Green Point,Green Point A,,,,,,
43317378,CTTLFA 2026,H2 - Womens First Division,,,H2-08- Saxon Rovers,H2-12- Hanover Park,11/09/26,Fri,19:00,Saxon Rovers,Maitland A,,,,,,
43317375,CTTLFA 2026,H2 - Womens First Division,,,H2-10- UCT B,H2-06- Meadowridge,11/09/26,Fri,19:00,U C T,U C T,,,,,,
43317379,CTTLFA 2026,H2 - Womens First Division,,,H2-13- Hout Bay,H2-03- Green Point Salesians B,11/09/26,Fri,19:00,Hout Bay Stadium,Hout Bay Stadium,,,,,,
43256479,CTTLFA 2026,C2 - Second Reserve,,,SR-02- Barmsley Spurs,SR-01- Avendale Athletico,11/09/26,Fri,19:00,Chelsea,Hickory Road A,,,,,,
43262551,CTTLFA 2026,F1 - Vets 040 A,,,F1-07- Rygersdal,F1-10- C.R. Vasco Da Gama,11/09/26,Fri,19:30,Rygersdal,Rygersdal B,,,,,,
43575771,CTTLFA 2026,F2 - Vets 040 B,,,F2-08- Kensington,F2-07- Bye,11/09/26,Fri,19:30,Kensington,14 Avenue A,,,,,,
43317376,CTTLFA 2026,H2 - Womens First Division,,,H2-02- Bothasig,H2-07- Norway Parks,11/09/26,Fri,19:30,Bothasig,Abe Sher A,,,,,,
43575362,CTTLFA 2026,D3 - 5th Division,,,D3-07- Northpine United,D3-06- Mutual FC,11/09/26,Fri,20:30,Northpine United,Central Park A,,,,,,
43575884,CTTLFA 2026,E2- Vets 035 B,,,E2-10- Wynberg St Johns,E2-08- Everton United,11/09/26,Fri,20:30,Wynberg st Johns,Wynberg A,,,,,,
43575828,CTTLFA 2026,E2- Vets 035 B,,,E2-12- Clyde Pinelands B,E2-03- Green Point Salesians,11/09/26,Fri,20:30,Clyde Pinelands,Ringwood Drive B,,,,,,
43575774,CTTLFA 2026,F2 - Vets 040 B,,,F2-09- Wynberg St Johns,F2-05- Green Point Salesians,11/09/26,Fri,20:30,Wynberg st Johns,Wynberg B,,,,,,
43575770,CTTLFA 2026,F2 - Vets 040 B,,,F2-10- Jamestown United,F2-06- Kuilsriver,11/09/26,Fri,20:30,Serepta Sports Ground,Serepta Sports Ground A,,,,,,
43806598,CTTLFA 2026,H1 - Womens Premier League,,,H1-11- UCT,H1-05- FN Rangers,11/09/26,Fri,20:30,U C T,U C T,,,,,,
43206666,CTTLFA 2026,C1 - Second Division,,,SD-02- Barmsley Spurs,SD-01- Avendale Athletico,11/09/26,Fri,20:30,Chelsea,Hickory Road A,,,,,,
43257088,CTTLFA 2026,O1 - Under 12 Premier One,,,O1-03- De Beers,O1-13- Wynberg St Johns,12/09/26,Sat,08:15,De Beers,Somerset West A,,,,,,
43257089,CTTLFA 2026,O1 - Under 12 Premier One,,,O1-04- FC Kapstadt,O1-02- Cape Town Spurs,12/09/26,Sat,08:15,FC Kapstadt,Hartleyvale D,,,,,,
43257090,CTTLFA 2026,O1 - Under 12 Premier One,,,O1-05- FN Rangers,O1-09- Norway Parks,12/09/26,Sat,08:15,FN Rangers,FNB Stadium A,,,,,,
43257091,CTTLFA 2026,O1 - Under 12 Premier One,,,O1-06- Hanover Park,O1-07- Hellenic,12/09/26,Sat,08:15,Hanover Park,Hanover Park A,,,,,,
43257092,CTTLFA 2026,O1 - Under 12 Premier One,,,O1-08- Northpine United,O1-01- Camps Bay,12/09/26,Sat,08:15,Northpine United,Central Park A,,,,,,
43257093,CTTLFA 2026,O1 - Under 12 Premier One,,,O1-12- CR Vasco Da Gama,O1-11- Table View,12/09/26,Sat,08:15,Vasco da Gama,Da Gama Park B,,,,,,
43257492,CTTLFA 2026,O2 - Under 12 Premier Two,,,O2-07- Meadowridge,O2-04- Fish Hoek,12/09/26,Sat,08:15,Meadowridge,Meadowridge A,,,,,,
43257493,CTTLFA 2026,O2 - Under 12 Premier Two,,,O2-09- Shosholoza,O2-05- Kensington,12/09/26,Sat,08:15,Pelican Heights Sports Ground,Pelican A,,,,,,
43257494,CTTLFA 2026,O2 - Under 12 Premier Two,,,O2-10- Stephanian Ottery,O2-01- Clyde Pinelands,12/09/26,Sat,08:15,Stephanian Ottery,Stephanian Ottery A,,,,,,
43257495,CTTLFA 2026,O2 - Under 12 Premier Two,,,O2-11- Sunningdale City,O2-03- Edgemead G/W,12/09/26,Sat,08:15,Sunningdale City,Sunningdale A,,,,,,
43257496,CTTLFA 2026,O2 - Under 12 Premier Two,,,O2-12- Young Bafana,O2-02- Durbanville,12/09/26,Sat,08:15,Young Bafana,YB Arena A,,,,,,
44523798,CTTLFA 2026,O3G - Under 12 Premier 3 A&B,,,O3G-03- Bothasig,O3G-01- Avendale Athletico,12/09/26,Sat,08:15,Bothasig,Abe Sher A,,,,,,
44523799,CTTLFA 2026,O3G - Under 12 Premier 3 A&B,,,O3G-04- Chelsea Bridgetown,O3G-05- Garden Village,12/09/26,Sat,08:15,Chelsea,Hickory Road A,,,,,,
44523800,CTTLFA 2026,O3G - Under 12 Premier 3 A&B,,,O3G-06- Garlandale FC,O3G-07- Goodwood United,12/09/26,Sat,08:15,Garlandale,Garlandale A,,,,,,
44523801,CTTLFA 2026,O3G - Under 12 Premier 3 A&B,,,O3G-10- Holy Cross,O3G-08- Grass Boots,12/09/26,Sat,08:15,Holy Cross,Holy Cross School A,,,,,,
44523803,CTTLFA 2026,O3G - Under 12 Premier 3 A&B,,,O3G-12- Queens Park,O3G-14- West End United,12/09/26,Sat,08:15,Paddock Road A,Queens Park Paddock A,,,,,,
44523804,CTTLFA 2026,O3G - Under 12 Premier 3 A&B,,,O3G-13- Ruyterwacht,O3G-15- YSD Macassar,12/09/26,Sat,08:15,Ruyterwacht,Stan Abbott,,,,,,
43274383,CTTLFA 2026,O4 - Under 12 Division Four,,,O4-02- Cape Town Spurs B,O4-06- Norway Parks B,12/09/26,Sat,08:15,Cape Town Spurs,Ikamva D,,,,,,
43274379,CTTLFA 2026,O4 - Under 12 Division Four,,,O4-03- De Beers B.,O4-04- FN Rangers B,12/09/26,Sat,08:15,De Beers,Somerset West B,,,,,,
43274375,CTTLFA 2026,O4 - Under 12 Division Four,,,O4-07- Rygersdal B,O4-09- Table View B,12/09/26,Sat,08:15,Rygersdal,Rygersdal B,,,,,,
43274384,CTTLFA 2026,O4 - Under 12 Division Four,,,O4-10- CR Vasco Da Gama B,O4-08- Saxon Rovers B,12/09/26,Sat,08:15,Vasco da Gama,Da Gama Park C,,,,,,
43274382,CTTLFA 2026,O4 - Under 12 Division Four,,,O4-11- Wynberg St Johns B.,O4-05- Northpine United B,12/09/26,Sat,08:15,Wynberg st Johns,Wynberg B,,,,,,
43274380,CTTLFA 2026,O5 - Under 12 Division Five,,,O5-02- Bothasig B,O5-05- Edgemead G/W B.,12/09/26,Sat,08:15,Bothasig,Abe Sher B,,,,,,
43274376,CTTLFA 2026,O5 - Under 12 Division Five,,,O5-03- Clyde Pinelands B,O5-06- Fish Hoek B.,12/09/26,Sat,08:15,Clyde Pinelands,Ringwood Drive B,,,,,,
43274378,CTTLFA 2026,O5 - Under 12 Division Five,,,O5-04- Durbanville B.,O5-09- Meadowridge B.,12/09/26,Sat,08:15,Durbanville,Klazinga Park B,,,,,,
43274381,CTTLFA 2026,O5 - Under 12 Division Five,,,O5-07- Goodwood United B,O5-08- Kuilsriver B.,12/09/26,Sat,08:15,Goodwood,Hamilton Road B,,,,,,
43274377,CTTLFA 2026,O5 - Under 12 Division Five,,,O5-10- Stephanian Ottery B,O5-01- Bellville City B.,12/09/26,Sat,08:15,Stephanian Ottery,Stephanian Ottery B,,,,,,
43574545,CTTLFA 2026,O7 - Under 12 Girls Premier One (9v9),,,O7-01- Bellville City,O7-02- Bothasig,12/09/26,Sat,08:15,Bellville City,PP Smit Stadium C,,,,,,
43574544,CTTLFA 2026,O7 - Under 12 Girls Premier One (9v9),,,O7-04- Bye,O7-05- Meadowridge A,12/09/26,Sat,08:15,Bye,#1,,,,,,
43574546,CTTLFA 2026,O7 - Under 12 Girls Premier One (9v9),,,O7-08- Wynberg St Johns,O7-03- Fish Hoek.,12/09/26,Sat,08:15,Wynberg st Johns,Wynberg C,,,,,,
43806126,CTTLFA 2026,O8- Under 12 Division Seven,,,O8-01- Tramway,O8-09- Lansdowne,12/09/26,Sat,08:15,Tramway,Groenewald Park A,,,,,,
43806130,CTTLFA 2026,O8- Under 12 Division Seven,,,O8-02- Durbanville C,O8-07- Tramway B,12/09/26,Sat,08:15,Durbanville,Klazinga Park C,,,,,,
43806128,CTTLFA 2026,O8- Under 12 Division Seven,,,O8-05- Norway Parks C,O8-10- Garlandale B,12/09/26,Sat,08:15,Norway Parks,Royal Road D,,,,,,
43806129,CTTLFA 2026,O8- Under 12 Division Seven,,,O8-08- Wynberg St Johns C,O8-06- Rygersdal C,12/09/26,Sat,08:15,Wynberg st Johns,Wynberg A,,,,,,
44523802,CTTLFA 2026,O3G - Under 12 Premier 3 A&B,,,O3G-11- Mutual FC,O3G-09- Green Point Salesians,12/09/26,Sat,09:00,Mutual FC,Pinelands Oval C,,,,,,
43256932,CTTLFA 2026,M1 - Under 14 Premier One,,,M1-03- De Beers,M1-13- Wynberg St Johns,12/09/26,Sat,09:30,De Beers,Somerset West A,,,,,,
43256933,CTTLFA 2026,M1 - Under 14 Premier One,,,M1-04- FC Kapstadt,M1-02- Cape Town Spurs,12/09/26,Sat,09:30,FC Kapstadt,Hartleyvale D,,,,,,
43256934,CTTLFA 2026,M1 - Under 14 Premier One,,,M1-05- FN Rangers,M1-09- Norway Parks,12/09/26,Sat,09:30,FN Rangers,FNB Stadium A,,,,,,
43256935,CTTLFA 2026,M1 - Under 14 Premier One,,,M1-06- Hanover Park,M1-07- Hellenic,12/09/26,Sat,09:30,Hanover Park,Hanover Park A,,,,,,
43256936,CTTLFA 2026,M1 - Under 14 Premier One,,,M1-08- Northpine United,M1-01- Camps Bay,12/09/26,Sat,09:30,Northpine United,Central Park A,,,,,,
43256937,CTTLFA 2026,M1 - Under 14 Premier One,,,M1-12- CR Vasco Da Gama,M1-11- Table View,12/09/26,Sat,09:30,Vasco da Gama,Da Gama Park B,,,,,,
43257360,CTTLFA 2026,M2 - Under 14 Premier Two,,,M2-07- Meadowridge,M2-04- Fish Hoek,12/09/26,Sat,09:30,Meadowridge,Meadowridge A,,,,,,
43257361,CTTLFA 2026,M2 - Under 14 Premier Two,,,M2-09- Shosholoza,M2-05- Kensington,12/09/26,Sat,09:30,Pelican Heights Sports Ground,Pelican A,,,,,,
43257362,CTTLFA 2026,M2 - Under 14 Premier Two,,,M2-10- Stephanian Ottery,M2-01- Clyde Pinelands,12/09/26,Sat,09:30,Stephanian Ottery,Stephanian Ottery A,,,,,,
43257363,CTTLFA 2026,M2 - Under 14 Premier Two,,,M2-11- Sunningdale City,M2-03- Edgemead G/W,12/09/26,Sat,09:30,Sunningdale City,Sunningdale A,,,,,,
43257364,CTTLFA 2026,M2 - Under 14 Premier Two,,,M2-12- Young Bafana,M2-02- Durbanville,12/09/26,Sat,09:30,Young Bafana,YB Arena A,,,,,,
44524194,CTTLFA 2026,M3G - Under 14 Premier 3 A&B,,,M3G-03- Bothasig,M3G-01- Avendale Athletico,12/09/26,Sat,09:30,Bothasig,Abe Sher A,,,,,,
44524195,CTTLFA 2026,M3G - Under 14 Premier 3 A&B,,,M3G-04- Chelsea Bridgetown,M3G-05- Garden Village,12/09/26,Sat,09:30,Chelsea,Hickory Road A,,,,,,
44524196,CTTLFA 2026,M3G - Under 14 Premier 3 A&B,,,M3G-06- Garlandale FC,M3G-07- Goodwood United,12/09/26,Sat,09:30,Garlandale,Garlandale A,,,,,,
44524197,CTTLFA 2026,M3G - Under 14 Premier 3 A&B,,,M3G-10- Holy Cross,M3G-08- Grass Boots,12/09/26,Sat,09:30,Holy Cross,Holy Cross School A,,,,,,
44524198,CTTLFA 2026,M3G - Under 14 Premier 3 A&B,,,M3G-11- Mutual FC,M3G-09- Green Point Salesians,12/09/26,Sat,09:30,Mutual FC,Pinelands Oval A,,,,,,
44524199,CTTLFA 2026,M3G - Under 14 Premier 3 A&B,,,M3G-12- Queens Park,M3G-14- West End United,12/09/26,Sat,09:30,Paddock Road A,Queens Park Paddock A,,,,,,
44524200,CTTLFA 2026,M3G - Under 14 Premier 3 A&B,,,M3G-13- Ruyterwacht,M3G-15- YSD Macassar,12/09/26,Sat,09:30,Ruyterwacht,Stan Abbott,,,,,,
43279225,CTTLFA 2026,M4 - Under 14 Division Four,,,M4-02- Cape Town Spurs B,M4-06- Norway Parks B,12/09/26,Sat,09:30,Cape Town Spurs,Ikamva C,,,,,,
43279226,CTTLFA 2026,M4 - Under 14 Division Four,,,M4-03- De Beers B.,M4-04- FN Rangers B,12/09/26,Sat,09:30,De Beers,Somerset West B,,,,,,
43279227,CTTLFA 2026,M4 - Under 14 Division Four,,,M4-07- Rygersdal B,M4-09- Table View B,12/09/26,Sat,09:30,Rygersdal,Rygersdal B,,,,,,
43279228,CTTLFA 2026,M4 - Under 14 Division Four,,,M4-10- CR Vasco Da Gama B,M4-08- Saxon Rovers B.,12/09/26,Sat,09:30,Vasco da Gama,Da Gama Park C,,,,,,
43279229,CTTLFA 2026,M4 - Under 14 Division Four,,,M4-11- Wynberg St Johns B.,M4-05- Northpine United B,12/09/26,Sat,09:30,Wynberg st Johns,Wynberg B,,,,,,
43279560,CTTLFA 2026,M5 - Under 14 Division Five,,,M5-02- Bothasig B,M5-05- Edgemead G/W B.,12/09/26,Sat,09:30,Bothasig,Abe Sher B,,,,,,
43279561,CTTLFA 2026,M5 - Under 14 Division Five,,,M5-03- Clyde Pinelands B,M5-06- Fish Hoek B.,12/09/26,Sat,09:30,Clyde Pinelands,Ringwood Drive B,,,,,,
43279562,CTTLFA 2026,M5 - Under 14 Division Five,,,M5-04- Durbanville B.,M5-09- Meadowridge B.,12/09/26,Sat,09:30,Durbanville,Klazinga Park B,,,,,,
43279563,CTTLFA 2026,M5 - Under 14 Division Five,,,M5-07- Goodwood United B,M5-08- Kuilsriver B.,12/09/26,Sat,09:30,Goodwood,Hamilton Road A,,,,,,
43279564,CTTLFA 2026,M5 - Under 14 Division Five,,,M5-10- Stephanian Ottery B,M5-01- Bellville City B.,12/09/26,Sat,09:30,Stephanian Ottery,Stephanian Ottery B,,,,,,
43272845,CTTLFA 2026,M6 - Under 14 Division Six,,,M6-01- Shosholoza B,M6-04- Kensington B,12/09/26,Sat,09:30,Pelican Heights Sports Ground,Shosholoza B,,,,,,
43806271,CTTLFA 2026,M7 - Under 14 Division Seven,,,M7-08- Wynberg St Johns C,M7-05- Rygersdal C,12/09/26,Sat,09:30,Wynberg st Johns,Wynberg A,,,,,,
43806270,CTTLFA 2026,M7 - Under 14 Division Seven,,,M7-10- Lansdowne,M7-03- Meadowridge C,12/09/26,Sat,09:30,Lansdowne,Chukker Road A,,,,,,
43574628,CTTLFA 2026,M8 - Under 14 Girls Premier One,,,M8-03- Camps Bay,M8-12- Hout Bay,12/09/26,Sat,09:30,Camps Bay,"Symmonds Field, Camps Bay Drive",,,,,,
43806275,CTTLFA 2026,M9- Under 14 Division Eight,,,M9-05- Meadowridge D,M9-01- Bellville City C,12/09/26,Sat,09:30,Meadowridge,Meadowridge B,,,,,,
43806277,CTTLFA 2026,M9- Under 14 Division Eight,,,M9-07- Bye,M9-03- Edgemead G/W D,12/09/26,Sat,09:30,Bye,#1,,,,,,
43806274,CTTLFA 2026,M9- Under 14 Division Eight,,,M9-09- Garlandale B,M9-08- Table View D,12/09/26,Sat,09:30,Garlandale,Garlandale B,,,,,,
43331133,CTTLFA 2026,O6 - Under 12 Division Six,,,O6-03- Kensington B,O6-05- Fish Hoek C,12/09/26,Sat,09:30,Kensington,14 Avenue A,,,,,,
43806956,CTTLFA 2026,K7 - Under 16 Girls Premier One,,,K7-01- Badgers,K7-06- Fish Hoek,12/09/26,Sat,10:00,Badgers FC,Oranjezicht A,,,,,,
43806127,CTTLFA 2026,O8- Under 12 Division Seven,,,O8-03- Mutual B,O8-04- Meadowridge D,12/09/26,Sat,10:30,Mutual FC,Pinelands Oval C,,,,,,
43256776,CTTLFA 2026,K1 - Under 16 Premier One,,,K1-03- De Beers,K1-13- Wynberg St Johns,12/09/26,Sat,10:50,De Beers,Somerset West A,,,,,,
43256777,CTTLFA 2026,K1 - Under 16 Premier One,,,K1-04- FC Kapstadt,K1-02- Cape Town Spurs,12/09/26,Sat,10:50,FC Kapstadt,Hartleyvale D,,,,,,
43256778,CTTLFA 2026,K1 - Under 16 Premier One,,,K1-05- FN Rangers,K1-09- Norway Parks,12/09/26,Sat,10:50,FN Rangers,FNB Stadium A,,,,,,
43256779,CTTLFA 2026,K1 - Under 16 Premier One,,,K1-06- Hanover Park,K1-07- Hellenic,12/09/26,Sat,10:50,Hanover Park,Hanover Park A,,,,,,
43256780,CTTLFA 2026,K1 - Under 16 Premier One,,,K1-08- Northpine United,K1-01- Camps Bay,12/09/26,Sat,10:50,Northpine United,Central Park A,,,,,,
43256781,CTTLFA 2026,K1 - Under 16 Premier One,,,K1-12- CR Vasco Da Gama,K1-11- Table View,12/09/26,Sat,10:50,Vasco da Gama,Da Gama Park B,,,,,,
43257227,CTTLFA 2026,K2 - Under 16 Premier Two,,,K2-07- Meadowridge,K2-04- Fish Hoek,12/09/26,Sat,10:50,Meadowridge,Meadowridge A,,,,,,
43257228,CTTLFA 2026,K2 - Under 16 Premier Two,,,K2-09- Shosholoza,K2-05- Kensington,12/09/26,Sat,10:50,Pelican Heights Sports Ground,Pelican A,,,,,,
43257229,CTTLFA 2026,K2 - Under 16 Premier Two,,,K2-10- Stephanian Ottery,K2-01- Clyde Pinelands,12/09/26,Sat,10:50,Stephanian Ottery,Stephanian Ottery A,,,,,,
43257230,CTTLFA 2026,K2 - Under 16 Premier Two,,,K2-11- Sunningdale City,K2-03- Edgemead G/W,12/09/26,Sat,10:50,Sunningdale City,Sunningdale A,,,,,,
43257231,CTTLFA 2026,K2 - Under 16 Premier Two,,,K2-12- Young Bafana,K2-02- Durbanville,12/09/26,Sat,10:50,Young Bafana,YB Arena A,,,,,,
44524467,CTTLFA 2026,K3G - Under 16 Premier 3 A&B,,,K3G-03- Bothasig,K3G-01- Avendale Athletico,12/09/26,Sat,10:50,Bothasig,Abe Sher A,,,,,,
44524468,CTTLFA 2026,K3G - Under 16 Premier 3 A&B,,,K3G-04- Chelsea Bridgetown,K3G-05- Garden Village,12/09/26,Sat,10:50,Chelsea,Hickory Road A,,,,,,
44524469,CTTLFA 2026,K3G - Under 16 Premier 3 A&B,,,K3G-06- Garlandale FC,K3G-07- Goodwood United,12/09/26,Sat,10:50,Garlandale,Garlandale A,,,,,,
44524470,CTTLFA 2026,K3G - Under 16 Premier 3 A&B,,,K3G-10- Holy Cross,K3G-08- Grass Boots,12/09/26,Sat,10:50,Holy Cross,Voortrekker Road,,,,,,
44524471,CTTLFA 2026,K3G - Under 16 Premier 3 A&B,,,K3G-11- Mutual FC,K3G-09- Green Point Salesians,12/09/26,Sat,10:50,Mutual FC,Pinelands Oval A,,,,,,
44524472,CTTLFA 2026,K3G - Under 16 Premier 3 A&B,,,K3G-12- Queens Park,K3G-14- West End United,12/09/26,Sat,10:50,Paddock Road A,Queens Park Paddock A,,,,,,
44524473,CTTLFA 2026,K3G - Under 16 Premier 3 A&B,,,K3G-13- Ruyterwacht,K3G-15- YSD Macassar,12/09/26,Sat,10:50,Ruyterwacht,Stan Abbott,,,,,,
43279335,CTTLFA 2026,K4 - Under 16 Division Four,,,K4-02- Cape Town Spurs B,K4-06- Norway Parks B,12/09/26,Sat,10:50,Cape Town Spurs,Ikamva C,,,,,,
43279336,CTTLFA 2026,K4 - Under 16 Division Four,,,K4-03- De Beers B.,K4-04- FN Rangers B,12/09/26,Sat,10:50,De Beers,Somerset West B,,,,,,
43279337,CTTLFA 2026,K4 - Under 16 Division Four,,,K4-07- Rygersdal B,K4-09- Table View B.,12/09/26,Sat,10:50,Rygersdal,Rygersdal B,,,,,,
43279338,CTTLFA 2026,K4 - Under 16 Division Four,,,K4-10- CR Vasco Da Gama B,K4-08- Saxon Rovers B,12/09/26,Sat,10:50,Vasco da Gama,Da Gama Park C,,,,,,
43279339,CTTLFA 2026,K4 - Under 16 Division Four,,,K4-11- Wynberg St Johns B.,K4-05- Northpine United B,12/09/26,Sat,10:50,Wynberg st Johns,Wynberg B,,,,,,
43279450,CTTLFA 2026,K5 - Under 16 Division Five,,,K5-02- Bothasig B,K5-05- Edgemead G/W B.,12/09/26,Sat,10:50,Bothasig,Abe Sher B,,,,,,
43279451,CTTLFA 2026,K5 - Under 16 Division Five,,,K5-03- Clyde Pinelands B,K5-06- Fish Hoek B.,12/09/26,Sat,10:50,Clyde Pinelands,Ringwood Drive B,,,,,,
43279452,CTTLFA 2026,K5 - Under 16 Division Five,,,K5-04- Durbanville B.,K5-09- Meadowridge B.,12/09/26,Sat,10:50,Durbanville,Klazinga Park B,,,,,,
43279453,CTTLFA 2026,K5 - Under 16 Division Five,,,K5-07- Goodwood United B,K5-08- Kuilsriver B.,12/09/26,Sat,10:50,Goodwood,Hamilton Road B,,,,,,
43279454,CTTLFA 2026,K5 - Under 16 Division Five,,,K5-10- Stephanian Ottery B,K5-01- Bellville City B.,12/09/26,Sat,10:50,Stephanian Ottery,Stephanian Ottery B,,,,,,
43805897,CTTLFA 2026,K6 - Under 16 Division Six,,,K6-06- Meadowridge C,K6-05- JMI,12/09/26,Sat,10:50,Meadowridge,Meadowridge B,,,,,,
43805900,CTTLFA 2026,K6 - Under 16 Division Six,,,K6-07- Ruyterwacht B,K6-02- Bothasig C,12/09/26,Sat,10:50,Ruyterwacht,Stan Abbot B,,,,,,
43805899,CTTLFA 2026,K6 - Under 16 Division Six,,,K6-09- Table View C,K6-03- Brooklyn Superstars,12/09/26,Sat,10:50,Table View,Table View A,,,,,,
43805898,CTTLFA 2026,K6 - Under 16 Division Six,,,K6-10- Shosholoza B,K6-08- Sunningdale City C,12/09/26,Sat,10:50,Pelican Heights Sports Ground,Shosholoza B,,,,,,
43805903,CTTLFA 2026,K6 - Under 16 Division Six,,,K6-11- Kensington B,K6-01- Bye.,12/09/26,Sat,10:50,Kensington,14 Avenue B,,,,,,
43806947,CTTLFA 2026,K7 - Under 16 Girls Premier One,,,K7-04- Camps Bay,K7-02- Bellville City,12/09/26,Sat,10:50,Camps Bay,"Symmonds Field, Camps Bay Drive",,,,,,
43806946,CTTLFA 2026,K7 - Under 16 Girls Premier One,,,K7-05- Clyde Pinelands,K7-14- Nova Generation,12/09/26,Sat,10:50,Clyde Pinelands,Ringwood Drive A,,,,,,
43806948,CTTLFA 2026,K7 - Under 16 Girls Premier One,,,K7-06- Fish Hoek,K7-13- Wynberg St Johns,12/09/26,Sat,10:50,Fish Hoek,Fish Hoek A,,,,,,
43806949,CTTLFA 2026,K7 - Under 16 Girls Premier One,,,K7-15- Norway Parks,K7-03- Bothasig,12/09/26,Sat,10:50,Norway Parks,Royal Road A,,,,,,
43805901,CTTLFA 2026,K8- Under 16 Division Seven,,,K8-01- Bothasig D,K8-08- Table View D,12/09/26,Sat,10:50,Bothasig,Abe Sher C,,,,,,
43805895,CTTLFA 2026,K8- Under 16 Division Seven,,,K8-02- Durbanville C,K8-11- Bye,12/09/26,Sat,10:50,Durbanville,Klazinga Park C,,,,,,
43805902,CTTLFA 2026,K8- Under 16 Division Seven,,,K8-09- YMO FC,K8-10- Lansdowne,12/09/26,Sat,10:50,YMO FC,Upper Cambridge A,,,,,,
43331119,CTTLFA 2026,O6 - Under 12 Division Six,,,O6-06- Grass Boots B,O6-08- Stephanian Ottery C,12/09/26,Sat,10:50,Grass Boots,"Van Riebeeck Park, Sidmouth Road B",,,,,,
43317377,CTTLFA 2026,H2 - Womens First Division,,,H2-01- Badgers B.,H2-04- Kensington,12/09/26,Sat,12:00,Badgers FC,Oranjezicht A,,,,,,
42989933,CTTLFA 2026,I1 - Under 18 Premier One,,,I1-03- De Beers,I1-13- Wynberg St Johns,12/09/26,Sat,12:30,De Beers,Somerset West A,,,,,,
42989934,CTTLFA 2026,I1 - Under 18 Premier One,,,I1-04- FC Kapstadt,I1-02- Cape Town Spurs,12/09/26,Sat,12:30,FC Kapstadt,Hartleyvale D,,,,,,
42989932,CTTLFA 2026,I1 - Under 18 Premier One,,,I1-05- FN Rangers,I1-09- Norway Parks,12/09/26,Sat,12:30,FN Rangers,FNB Stadium A,,,,,,
42989931,CTTLFA 2026,I1 - Under 18 Premier One,,,I1-06- Hanover Park,I1-07- Hellenic,12/09/26,Sat,12:30,Hanover Park,Hanover Park A,,,,,,
42989935,CTTLFA 2026,I1 - Under 18 Premier One,,,I1-08- Northpine United,I1-01- Camps Bay,12/09/26,Sat,12:30,Northpine United,Central Park A,,,,,,
42989930,CTTLFA 2026,I1 - Under 18 Premier One,,,I1-12- CR Vasco Da Gama,I1-11- Table View,12/09/26,Sat,12:30,Vasco da Gama,Da Gama Park B,,,,,,
42990105,CTTLFA 2026,I2 - Under 18 Premier Two,,,I2-07- Meadowridge,I2-04- Fish Hoek,12/09/26,Sat,12:30,Meadowridge,Meadowridge A,,,,,,
42990106,CTTLFA 2026,I2 - Under 18 Premier Two,,,I2-09- Shosholoza,I2-05- Kensington,12/09/26,Sat,12:30,Pelican Heights Sports Ground,Pelican A,,,,,,
42990108,CTTLFA 2026,I2 - Under 18 Premier Two,,,I2-10- Stephanian Ottery,I2-01- Clyde Pinelands,12/09/26,Sat,12:30,Stephanian Ottery,Stephanian Ottery A,,,,,,
42990109,CTTLFA 2026,I2 - Under 18 Premier Two,,,I2-11- Sunningdale City,I2-03- Edgemead G/W,12/09/26,Sat,12:30,Sunningdale City,Sunningdale A,,,,,,
42990107,CTTLFA 2026,I2 - Under 18 Premier Two,,,I2-12- Young Bafana,I2-02- Durbanville,12/09/26,Sat,12:30,Young Bafana,YB Arena A,,,,,,
44510027,CTTLFA 2026,I3G - Under 18 Premier 3 A&B,,,I3G-03- Bothasig,I3G-01- Avendale Athletico,12/09/26,Sat,12:30,Bothasig,Abe Sher A,,,,,,
44510028,CTTLFA 2026,I3G - Under 18 Premier 3 A&B,,,I3G-04- Chelsea Bridgetown,I3G-05- Garden Village,12/09/26,Sat,12:30,Chelsea,Hickory Road A,,,,,,
44510029,CTTLFA 2026,I3G - Under 18 Premier 3 A&B,,,I3G-06- Garlandale FC,I3G-07- Goodwood United,12/09/26,Sat,12:30,Garlandale,Garlandale A,,,,,,
44510030,CTTLFA 2026,I3G - Under 18 Premier 3 A&B,,,I3G-10- Holy Cross,I3G-08- Grass Boots,12/09/26,Sat,12:30,Holy Cross,Voortrekker Road,,,,,,
44510031,CTTLFA 2026,I3G - Under 18 Premier 3 A&B,,,I3G-11- Mutual FC,I3G-09- Green Point Salesians,12/09/26,Sat,12:30,Mutual FC,Pinelands Oval A,,,,,,
44510032,CTTLFA 2026,I3G - Under 18 Premier 3 A&B,,,I3G-12- Queens Park,I3G-14- West End United,12/09/26,Sat,12:30,Paddock Road A,Queens Park Paddock A,,,,,,
44510033,CTTLFA 2026,I3G - Under 18 Premier 3 A&B,,,I3G-13- Ruyterwacht,I3G-15- YSD Macassar,12/09/26,Sat,12:30,Ruyterwacht,Stan Abbott,,,,,,
43275121,CTTLFA 2026,I4 - Under 18 Division Four,,,I4-08- Table View B,I4-09- CR Vasco Da Gama B,12/09/26,Sat,12:30,Table View,Table View A,,,,,,
43275112,CTTLFA 2026,I4 - Under 18 Division Four,,,I4-10- Wynberg St Johns B.,I4-04- Northpine United B,12/09/26,Sat,12:30,Wynberg st Johns,Wynberg B,,,,,,
43805511,CTTLFA 2026,I5 - Under 18 Division Five,,,I5-08- Ruyterwacht B,I5-05- Fish Hoek B.,12/09/26,Sat,12:30,Ruyterwacht,Stan Abbot B,,,,,,
43805512,CTTLFA 2026,I5 - Under 18 Division Five,,,I5-11- Tramway,I5-07- Meadowridge B.,12/09/26,Sat,12:30,Tramway,Groenewald Park A,,,,,,
43805904,CTTLFA 2026,K8- Under 16 Division Seven,,,K8-04- Fish Hoek C.,K8-06- Northpine United C,12/09/26,Sat,12:30,Fish Hoek,Fish Hoek A,,,,,,
43805896,CTTLFA 2026,K8- Under 16 Division Seven,,,K8-05- Meadowridge D,K8-03- Edgemead G/W C,12/09/26,Sat,12:30,Meadowridge,Meadowridge B,,,,,,
43575507,CTTLFA 2026,D2 - 4th Division,,,D2-02- Bothasig,D2-03- Edgemead G/W,12/09/26,Sat,14:00,Bothasig,Abe Sher B,,,,,,
43575510,CTTLFA 2026,D2 - 4th Division,,,D2-05- Norway Parks,D2-01- Avendale Athletico,12/09/26,Sat,14:00,Norway Parks,Royal Road D,,,,,,
43575508,CTTLFA 2026,D2 - 4th Division,,,D2-10- Wynberg St Johns,D2-04- Fish Hoek,12/09/26,Sat,14:00,Wynberg st Johns,Wynberg B,,,,,,
43575506,CTTLFA 2026,D2 - 4th Division,,,D2-11- Shosholoza FC,D2-09- C.R. Vasco Da Gama,12/09/26,Sat,14:00,Pelican Heights Sports Ground,Pelican A,,,,,,
43575360,CTTLFA 2026,D3 - 5th Division,,,D3-03- Durbanville,D3-09- Tramway,12/09/26,Sat,14:00,Durbanville,Klazinga Park B,,,,,,
43575640,CTTLFA 2026,D4 - 6th Division,,,D4-01- Garlandale FC,D4-05- Kuilsriver,12/09/26,Sat,14:00,Garlandale,Garlandale A,,,,,,
43575642,CTTLFA 2026,D4 - 6th Division,,,D4-02- Clyde Pinelands,D4-04- Holy Cross,12/09/26,Sat,14:00,Clyde Pinelands,Ringwood Drive B,,,,,,
43575638,CTTLFA 2026,D4 - 6th Division,,,D4-12- Lansdowne,D4-08- Bothasig,12/09/26,Sat,14:00,Lansdowne,Chukker Road A,,,,,,
43256379,CTTLFA 2026,B2 - First Reserve,,,FR-02- Bothasig,FR-05- JMI,12/09/26,Sat,14:00,Bothasig,Abe Sher A,,,,,,
43256380,CTTLFA 2026,B2 - First Reserve,,,FR-03- Brooklyn Superstars,FR-04- Garden Village,12/09/26,Sat,14:00,Bayview Sports Complex,Brooklyn Bayview Sports Complex A,,,,,,
43256381,CTTLFA 2026,B2 - First Reserve,,,FR-06- Kensington,FR-09- Northpine United,12/09/26,Sat,14:00,Kensington,14 Avenue A,,,,,,
43256382,CTTLFA 2026,B2 - First Reserve,,,FR-10- Ruyterwacht,FR-08- Meadowridge,12/09/26,Sat,14:00,Ruyterwacht,Stan Abbott,,,,,,
43256383,CTTLFA 2026,B2 - First Reserve,,,FR-12- Sunningdale City,FR-11- Stephanian Ottery,12/09/26,Sat,14:00,Sunningdale City,Sunningdale A,,,,,,
43256384,CTTLFA 2026,B2 - First Reserve,,,FR-13- Tramway,FR-01- Bellville City FC,12/09/26,Sat,14:00,Tramway,Groenewald Park A,,,,,,
43806478,CTTLFA 2026,G1 - Vets 045 A,,,G1-04- Hanover Park,G1-13- Stephanian Ottery,12/09/26,Sat,14:00,Hanover Park,Hanover Park A,,,,,,
43806474,CTTLFA 2026,G1 - Vets 045 A,,,G1-05- Meadowridge,G1-01- De Beers,12/09/26,Sat,14:00,Meadowridge,Meadowridge A,,,,,,
43806473,CTTLFA 2026,G1 - Vets 045 A,,,G1-06- Saxon Rovers,G1-08- Bothasig,12/09/26,Sat,14:00,Saxon Rovers,Maitland B,,,,,,
43806476,CTTLFA 2026,G1 - Vets 045 A,,,G1-10- Holy Cross,G1-11- Lansdowne,12/09/26,Sat,14:00,Holy Cross,Voortrekker Road,,,,,,
43806475,CTTLFA 2026,G1 - Vets 045 A,,,G1-12- Table View,G1-07- Tramway,12/09/26,Sat,14:00,Table View,Table View A,,,,,,
43262840,CTTLFA 2026,G5 - Vets 050 B,,,G5-08- Lansdowne,G5-07- Hanover Park B,12/09/26,Sat,14:00,Lansdowne,Chukker Road B,,,,,,
43806600,CTTLFA 2026,H1 - Womens Premier League,,,H1-01- Badgers,H1-12- Bye.,12/09/26,Sat,14:00,Badgers FC,Oranjezicht A,0,0,,Y,,
43256208,CTTLFA 2026,A2 - Premier Reserve,,,PR-02- Edgemead G/W,PR-05- Green Point Salesians,12/09/26,Sat,14:00,Edgemead G/W,Edgemead A,,,,,,
43256209,CTTLFA 2026,A2 - Premier Reserve,,,PR-03- Fish Hoek,PR-01- Durbanville,12/09/26,Sat,14:00,Fish Hoek,Fish Hoek A,,,,,,
43256210,CTTLFA 2026,A2 - Premier Reserve,,,PR-04- FN Rangers,PR-07- Holy Cross,12/09/26,Sat,14:00,FN Rangers,FNB Stadium A,,,,,,
43256212,CTTLFA 2026,A2 - Premier Reserve,,,PR-08- Norway Parks,PR-12- UCT,12/09/26,Sat,14:00,Norway Parks,Royal Road A,,,,,,
43256121,CTTLFA 2026,A2 - Premier Reserve,,,PR-09- Rygersdal,PR-06- Hanover Park,12/09/26,Sat,14:00,Rygersdal,Rygersdal A,,,,,,
43256213,CTTLFA 2026,A2 - Premier Reserve,,,PR-10- Saxon Rovers,PR-14- Wynberg St Johns,12/09/26,Sat,14:00,Saxon Rovers,Maitland A,,,,,,
43256214,CTTLFA 2026,A2 - Premier Reserve,,,PR-13- C.R. Vasco Da Gama,PR-11- Table View,12/09/26,Sat,14:00,Vasco da Gama,Da Gama Park A,,,,,,
43256601,CTTLFA 2026,C2 - Second Reserve,,,SR-05- Clyde Pinelands,SR-14- West End United,12/09/26,Sat,14:00,Clyde Pinelands,Ringwood Drive A,,,,,,
43256602,CTTLFA 2026,C2 - Second Reserve,,,SR-07- FC Kapstadt,SR-16- YSD Macassar,12/09/26,Sat,14:00,FC Kapstadt,Hartleyvale D,,,,,,
43256603,CTTLFA 2026,C2 - Second Reserve,,,SR-08- Bye,SR-12- Queens Park,12/09/26,Sat,14:00,Bye,#1,,,,,,
43256483,CTTLFA 2026,C2 - Second Reserve,,,SR-10- Hellenic,SR-04- Chelsea Bridgetown,12/09/26,Sat,14:00,Hellenic,Tygerhof Sports Complex A,,,,,,
43256604,CTTLFA 2026,C2 - Second Reserve,,,SR-11- Mutual FC,SR-06- De Beers,12/09/26,Sat,14:00,Mutual FC,Pinelands Oval A,,,,,,
43256605,CTTLFA 2026,C2 - Second Reserve,,,SR-13- Varsity College,SR-09- Goodwood United,12/09/26,Sat,14:00,Avenue De Mist,Ave De Mist - A,,,,,,
43256606,CTTLFA 2026,C2 - Second Reserve,,,SR-15- Young Bafana,SR-03- Camps Bay,12/09/26,Sat,14:00,Young Bafana,YB Arena A,,,,,,
43575643,CTTLFA 2026,D4 - 6th Division,,,D4-07- Rygersdal,D4-10- Sunningdale City,12/09/26,Sat,15:30,Rygersdal,Rygersdal B,,,,,,
43575367,CTTLFA 2026,D1 - 3rd Division,,,D1-03- Durbanville,D1-05- Garden Village,12/09/26,Sat,15:45,Durbanville,Klazinga Park B,,,,,,
43575366,CTTLFA 2026,D1 - 3rd Division,,,D1-04- Edgemead G/W,D1-01- Bellville City FC,12/09/26,Sat,15:45,Edgemead G/W,Edgemead C,,,,,,
43575363,CTTLFA 2026,D1 - 3rd Division,,,D1-09- C.R. Vasco Da Gama,D1-08- Table View,12/09/26,Sat,15:45,Vasco da Gama,Da Gama Park B,,,,,,
43575368,CTTLFA 2026,D1 - 3rd Division,,,D1-10- Wynberg St Johns,D1-06- Green Point Salesians,12/09/26,Sat,15:45,Wynberg st Johns,Wynberg B,,,,,,
43575364,CTTLFA 2026,D1 - 3rd Division,,,D1-11- Shosholoza FC,D1-07- Saxon Rovers,12/09/26,Sat,15:45,Pelican Heights Sports Ground,Pelican A,,,,,,
43575505,CTTLFA 2026,D2 - 4th Division,,,D2-08- Table View,D2-12- Kensington,12/09/26,Sat,15:45,Table View,Table View A,,,,,,
43575365,CTTLFA 2026,D3 - 5th Division,,,D3-02- Clyde Pinelands,D3-08- Table View,12/09/26,Sat,15:45,Clyde Pinelands,Ringwood Drive B,,,,,,
43575361,CTTLFA 2026,D3 - 5th Division,,,D3-05-Bellville City,D3-10- C.R. Vasco Da Gama,12/09/26,Sat,15:45,Bellville City,PP Smit Stadium B,,,,,,
43575359,CTTLFA 2026,D3 - 5th Division,,,D3-11- Hanover Park,D3-01- Bothasig,12/09/26,Sat,15:45,Hanover Park,Hanover Park A,,,,,,
43575885,CTTLFA 2026,E2- Vets 035 B,,,E2-09- Tramway,E2-07- Meadowridge,12/09/26,Sat,15:45,Tramway,Groenewald Park B,,,,,,
43575886,CTTLFA 2026,E2- Vets 035 B,,,E2-13- Cape Town Spurs,E2-11- Turfhall,12/09/26,Sat,15:45,Cape Town Spurs,Ikamva A,,,,,,
43575775,CTTLFA 2026,F2 - Vets 040 B,,,F2-03- Garlandale,F2-01- Avendale Athletico,12/09/26,Sat,15:45,Garlandale,Garlandale B,,,,,,
43575773,CTTLFA 2026,F2 - Vets 040 B,,,F2-04- Goodwood United,F2-02- Bothasig,12/09/26,Sat,15:45,Goodwood,Hamilton Road B,,,,,,
42990300,CTTLFA 2026,B1 - First Division,,,FD-02- Bothasig,FD-05- JMI,12/09/26,Sat,15:45,Bothasig,Abe Sher A,,,,,,
42990298,CTTLFA 2026,B1 - First Division,,,FD-03- Brooklyn Superstars,FD-04- Garden Village,12/09/26,Sat,15:45,Bayview Sports Complex,Brooklyn Bayview Sports Complex A,,,,,,
42990302,CTTLFA 2026,B1 - First Division,,,FD-06- Kensington,FD-09- Northpine United,12/09/26,Sat,15:45,Kensington,14 Avenue A,,,,,,
42990299,CTTLFA 2026,B1 - First Division,,,FD-10- Ruyterwacht,FD-08- Meadowridge,12/09/26,Sat,15:45,Ruyterwacht,Stan Abbott,,,,,,
42990301,CTTLFA 2026,B1 - First Division,,,FD-12- Sunningdale City,FD-11- Stephanian Ottery,12/09/26,Sat,15:45,Sunningdale City,Sunningdale A,,,,,,
42990297,CTTLFA 2026,B1 - First Division,,,FD-13- Tramway,FD-01- Bellville City FC,12/09/26,Sat,15:45,Tramway,Groenewald Park A,,,,,,
43262947,CTTLFA 2026,G4 - Vets 050 A,,,G4-05- Holy Cross,G4-08- Tramway,12/09/26,Sat,15:45,Holy Cross,Voortrekker Road,,,,,,
42997019,CTTLFA 2026,A1 - Premier Division,,,PD-02- Edgemead G/W,PD-05- Green Point Salesians,12/09/26,Sat,15:45,Edgemead G/W,Edgemead A,,,,,,
42997023,CTTLFA 2026,A1 - Premier Division,,,PD-03- Fish Hoek,PD-01- Durbanville,12/09/26,Sat,15:45,Fish Hoek,Fish Hoek A,,,,,,
42997022,CTTLFA 2026,A1 - Premier Division,,,PD-04- FN Rangers,PD-07- Holy Cross,12/09/26,Sat,15:45,FN Rangers,FNB Stadium A,,,,,,
42997025,CTTLFA 2026,A1 - Premier Division,,,PD-08- Norway Parks,PD-12- UCT,12/09/26,Sat,15:45,Norway Parks,Royal Road A,,,,,,
42996928,CTTLFA 2026,A1 - Premier Division,,,PD-09- Rygersdal,PD-06- Hanover Park,12/09/26,Sat,15:45,Rygersdal,Rygersdal A,,,,,,
42997024,CTTLFA 2026,A1 - Premier Division,,,PD-10- Saxon Rovers,PD-14- Wynberg St Johns,12/09/26,Sat,15:45,Saxon Rovers,Maitland A,,,,,,
42997020,CTTLFA 2026,A1 - Premier Division,,,PD-13- C.R. Vasco Da Gama,PD-11- Table View,12/09/26,Sat,15:45,Vasco da Gama,Da Gama Park A,,,,,,
43206662,CTTLFA 2026,C1 - Second Division,,,SD-05- Clyde Pinelands,SD-14- West End United,12/09/26,Sat,15:45,Clyde Pinelands,Ringwood Drive A,,,,,,
43206665,CTTLFA 2026,C1 - Second Division,,,SD-07- FC Kapstadt,SD-16- YSD Macassar,12/09/26,Sat,15:45,FC Kapstadt,Hartleyvale D,,,,,,
43206667,CTTLFA 2026,C1 - Second Division,,,SD-08- Bye,SD-12- Queens Park,12/09/26,Sat,15:45,Bye,#1,,,,,,
43206547,CTTLFA 2026,C1 - Second Division,,,SD-10- Hellenic,SD-04- Chelsea Bridgetown,12/09/26,Sat,15:45,Hellenic,Tygerhof Sports Complex A,,,,,,
43206663,CTTLFA 2026,C1 - Second Division,,,SD-11- Mutual FC,SD-06- De Beers,12/09/26,Sat,15:45,Mutual FC,Pinelands Oval A,,,,,,
43206660,CTTLFA 2026,C1 - Second Division,,,SD-13- Varsity College,SD-09- Goodwood United,12/09/26,Sat,15:45,Avenue De Mist,Ave De Mist - A,,,,,,
43206664,CTTLFA 2026,C1 - Second Division,,,SD-15- Young Bafana,SD-03- Camps Bay,12/09/26,Sat,15:45,Young Bafana,YB Arena A,,,,,,
43257491,CTTLFA 2026,O2 - Under 12 Premier Two,,,O2-06- Kuilsriver,O2-08- Saxon Rovers,13/09/26,Sun,10:00,Serepta Sports Ground,Serepta Sports Ground A,,,,,,
43806954,CTTLFA 2026,K7 - Under 16 Girls Premier One,,,K7-02- Bellville City,K7-15- Norway Parks,13/09/26,Sun,10:50,Bellville City,PP Smit Stadium B,,,,,,
43806951,CTTLFA 2026,K7 - Under 16 Girls Premier One,,,K7-09- Bye.,K7-10- Rygersdal,13/09/26,Sun,10:50,Bye,#1,,,,,,
43806950,CTTLFA 2026,K7 - Under 16 Girls Premier One,,,K7-10- Rygersdal,K7-01- Badgers,13/09/26,Sun,10:50,Rygersdal,Rygersdal B,,,,,,
43806955,CTTLFA 2026,K7 - Under 16 Girls Premier One,,,K7-11- Bye.,K7-05- Clyde Pinelands,13/09/26,Sun,10:50,Bye,#1,,,,,,
43806953,CTTLFA 2026,K7 - Under 16 Girls Premier One,,,K7-13- Wynberg St Johns,K7-08- Meadowridge,13/09/26,Sun,10:50,Wynberg st Johns,Wynberg A,,,,,,
43806952,CTTLFA 2026,K7 - Under 16 Girls Premier One,,,K7-14- Nova Generation,K7-04- Camps Bay,13/09/26,Sun,10:50,Nova Generations,Generations Sandown Institute,,,,,,
43257359,CTTLFA 2026,M2 - Under 14 Premier Two,,,M2-06- Kuilsriver,M2-08- Saxon Rovers,13/09/26,Sun,11:15,Serepta Sports Ground,Serepta Sports Ground A,,,,,,
42989874,CTTLFA 2026,I1 - Under 18 Premier One,,,I1-01- Camps Bay,I1-03- De Beers,13/09/26,Sun,12:30,Camps Bay,Maidens Cove,,,,,,
43257226,CTTLFA 2026,K2 - Under 16 Premier Two,,,K2-06- Kuilsriver,K2-08- Saxon Rovers,13/09/26,Sun,12:35,Serepta Sports Ground,Serepta Sports Ground A,,,,,,
43317380,CTTLFA 2026,H2 - Womens First Division,,,H2-11- Magic Ladies B,H2-09- Stephanian Ottery,13/09/26,Sun,13:00,Avenue De Mist,Ave De Mist - A,,,,,,
43256608,CTTLFA 2026,C2 - Second Reserve,,,SR-03- Camps Bay,SR-08- Bye,13/09/26,Sun,14:00,Camps Bay,Camps Bay A,,,,,,
43256607,CTTLFA 2026,C2 - Second Reserve,,,SR-04- Chelsea Bridgetown,SR-01- Avendale Athletico,13/09/26,Sun,14:00,Chelsea,Hickory Road A,,,,,,
43256609,CTTLFA 2026,C2 - Second Reserve,,,SR-09- Goodwood United,SR-06- De Beers,13/09/26,Sun,14:00,Goodwood,Hamilton Road A,,,,,,
43256610,CTTLFA 2026,C2 - Second Reserve,,,SR-10- Hellenic,SR-05- Clyde Pinelands,13/09/26,Sun,14:00,Hellenic,Tygerhof Sports Complex A,,,,,,
43256611,CTTLFA 2026,C2 - Second Reserve,,,SR-12- Queens Park,SR-11- Mutual FC,13/09/26,Sun,14:00,Paddock Road A,Queens Park Paddock A,,,,,,
43256613,CTTLFA 2026,C2 - Second Reserve,,,SR-14- West End United,SR-15- Young Bafana,13/09/26,Sun,14:00,West End United,West End Park A,,,,,,
43256614,CTTLFA 2026,C2 - Second Reserve,,,SR-16- YSD Macassar,SR-02- Barmsley Spurs,13/09/26,Sun,14:00,YSD Macassar,YSD Macassar A,,,,,,
42990110,CTTLFA 2026,I2 - Under 18 Premier Two,,,I2-06- Kuilsriver,I2-08- Saxon Rovers,13/09/26,Sun,14:15,Serepta Sports Ground,Serepta Sports Ground A,,,,,,
43206672,CTTLFA 2026,C1 - Second Division,,,SD-03- Camps Bay,SD-08- Bye,13/09/26,Sun,15:45,Camps Bay,Camps Bay A,,,,,,
43206674,CTTLFA 2026,C1 - Second Division,,,SD-04- Chelsea Bridgetown,SD-01- Avendale Athletico,13/09/26,Sun,15:45,Chelsea,Hickory Road A,,,,,,
43206670,CTTLFA 2026,C1 - Second Division,,,SD-09- Goodwood United,SD-06- De Beers,13/09/26,Sun,15:45,Goodwood,Hamilton Road A,,,,,,
43206668,CTTLFA 2026,C1 - Second Division,,,SD-10- Hellenic,SD-05- Clyde Pinelands,13/09/26,Sun,15:45,Hellenic,Tygerhof Sports Complex A,,,,,,
43206675,CTTLFA 2026,C1 - Second Division,,,SD-12- Queens Park,SD-11- Mutual FC,13/09/26,Sun,15:45,Paddock Road A,Queens Park Paddock A,,,,,,
43206673,CTTLFA 2026,C1 - Second Division,,,SD-14- West End United,SD-15- Young Bafana,13/09/26,Sun,15:45,West End United,West End Park A,,,,,,
43206669,CTTLFA 2026,C1 - Second Division,,,SD-16- YSD Macassar,SD-02- Barmsley Spurs,13/09/26,Sun,15:45,YSD Macassar,YSD Macassar A,,,,,,
43317334,CTTLFA 2026,H2 - Womens First Division,,,H2-09- Stephanian Ottery,H2-13- Hout Bay,14/09/26,Mon,19:00,Stephanian Ottery,Stephanian Ottery A,,,,,,
43575509,CTTLFA 2026,D2 - 4th Division,,,D2-07- Rygersdal,D2-06- Ruyterwacht,14/09/26,Mon,19:30,Rygersdal,Rygersdal B,,,,,,
43575641,CTTLFA 2026,D4 - 6th Division,,,D4-09- Stephanian Ottery,D4-06- Bye,14/09/26,Mon,19:30,Stephanian Ottery,Stephanian Ottery A,,,,,,
43806484,CTTLFA 2026,G1 - Vets 045 A,,,G1-01- De Beers,G1-02-Edgemead G/W,15/09/26,Tue,19:00,De Beers,Somerset West A,,,,,,
43806479,CTTLFA 2026,G1 - Vets 045 A,,,G1-03- FN Rangers,G1-06- Saxon Rovers,15/09/26,Tue,19:00,FN Rangers,FNB Stadium A,,,,,,
43806483,CTTLFA 2026,G1 - Vets 045 A,,,G1-07- Tramway,G1-11- Lansdowne,15/09/26,Tue,19:00,Tramway,Groenewald Park A,,,,,,
43806482,CTTLFA 2026,G1 - Vets 045 A,,,G1-08- Bothasig,G1-12- Table View,15/09/26,Tue,19:00,Bothasig,Abe Sher C,,,,,,
43806480,CTTLFA 2026,G1 - Vets 045 A,,,G1-09- Garden Village,G1-04- Hanover Park,15/09/26,Tue,19:00,Garden Village,Alexander Road,,,,,,
43806481,CTTLFA 2026,G1 - Vets 045 A,,,G1-10- Holy Cross,G1-05- Meadowridge,15/09/26,Tue,19:00,Holy Cross,Voortrekker Road,,,,,,
43575535,CTTLFA 2026,D4 - 6th Division,,,D4-04- Holy Cross,D4-11- Edgemead G/W,15/09/26,Tue,20:30,Holy Cross,Voortrekker Road,,,,,,
43575533,CTTLFA 2026,D4 - 6th Division,,,D4-10- Sunningdale City,D4-01- Garlandale FC,15/09/26,Tue,20:30,Sunningdale City,Sunningdale B,,,,,,
43575719,CTTLFA 2026,F2 - Vets 040 B,,,F2-11- Saxon Rovers,F2-04- Goodwood United,15/09/26,Tue,20:30,Saxon Rovers,Maitland A,,,,,,
43806487,CTTLFA 2026,G1 - Vets 045 A,,,G1-02-Edgemead G/W,G1-10- Holy Cross,16/09/26,Wed,19:30,Edgemead G/W,Edgemead A,,,,,,
43262935,CTTLFA 2026,G4 - Vets 050 A,,,G4-02- Fish Hoek,G4-03- FN Rangers,16/09/26,Wed,19:30,Fish Hoek,Fish Hoek A,,,,,,
43317323,CTTLFA 2026,H2 - Womens First Division,,,H2-12- Hanover Park,H2-13- Hout Bay,16/09/26,Wed,19:30,Hanover Park,Hanover Park A,,,,,,
43575892,CTTLFA 2026,E2- Vets 035 B,,,E2-12- Clyde Pinelands B,E2-09- Tramway,16/09/26,Wed,20:30,Clyde Pinelands,Ringwood Drive B,,,,,,
43317385,CTTLFA 2026,H2 - Womens First Division,,,H2-09- Stephanian Ottery,H2-10- UCT B,17/09/26,Thu,19:00,Stephanian Ottery,Stephanian Ottery A,,,,,,
43575891,CTTLFA 2026,E2- Vets 035 B,,,E2-11- Turfhall,E2-01- Bellville City,17/09/26,Thu,20:00,Bellville City,PP Smit Stadium C,,,,,,
43575780,CTTLFA 2026,F2 - Vets 040 B,,,F2-05- Green Point Salesians,F2-12- Sunningdale City B,17/09/26,Thu,20:15,Green Point,Green Point A,,,,,,
43574548,CTTLFA 2026,O7 - Under 12 Girls Premier One (9v9),,,O7-05- Meadowridge A,O7-01- Bellville City,18/09/26,Fri,18:30,Meadowridge,Meadowridge B,,,,,,
43575777,CTTLFA 2026,F2 - Vets 040 B,,,F2-11- Saxon Rovers,F2-08- Kensington,18/09/26,Fri,19:00,Saxon Rovers,Maitland A,,,,,,
43806604,CTTLFA 2026,H1 - Womens Premier League,,,H1-02- Bellville City,H1-11- UCT,18/09/26,Fri,19:00,Bellville City,PP Smit Stadium C,,,,,,
43806605,CTTLFA 2026,H1 - Womens Premier League,,,H1-05- FN Rangers,H1-04- Fish Hoek,18/09/26,Fri,19:00,FN Rangers,FNB Stadium A,,,,,,
43806602,CTTLFA 2026,H1 - Womens Premier League,,,H1-06- Green Point Salesians,H1-08- Magic Ladies,18/09/26,Fri,19:00,Green Point,Green Point A,,,,,,
43806606,CTTLFA 2026,H1 - Womens Premier League,,,H1-09- Northpine United,H1-01- Badgers,18/09/26,Fri,19:00,Northpine United,Central Park A,,,,,,
43806603,CTTLFA 2026,H1 - Womens Premier League,,,H1-12- Bye.,H1-03- Clyde Pinelands,18/09/26,Fri,19:00,Bye,#1,0,0,,Y,,
43317386,CTTLFA 2026,H2 - Womens First Division,,,H2-04- Kensington,H2-03- Green Point Salesians B,18/09/26,Fri,19:00,Kensington,14 Avenue A,,,,,,
43317382,CTTLFA 2026,H2 - Womens First Division,,,H2-05- Kuilsriver,H2-02- Bothasig,18/09/26,Fri,19:00,Bothasig,Abe Sher A,,,,,,
43317381,CTTLFA 2026,H2 - Womens First Division,,,H2-06- Meadowridge,H2-08- Saxon Rovers,18/09/26,Fri,19:00,Meadowridge,Meadowridge A,,,,,,
43317383,CTTLFA 2026,H2 - Womens First Division,,,H2-07- Norway Parks,H2-01- Badgers B.,18/09/26,Fri,19:00,Norway Parks,Royal Road A,,,,,,
43317384,CTTLFA 2026,H2 - Womens First Division,,,H2-13- Hout Bay,H2-11- Magic Ladies B,18/09/26,Fri,19:00,Hout Bay Stadium,Hout Bay Stadium,,,,,,
43575888,CTTLFA 2026,E2- Vets 035 B,,,E2-02- Durbanville,E2-03- Green Point Salesians,18/09/26,Fri,19:30,Durbanville,Klazinga Park A,,,,,,
43575369,CTTLFA 2026,D1 - 3rd Division,,,D1-05- Garden Village,D1-04- Edgemead G/W,18/09/26,Fri,20:30,Garden Village,Alexander Road,,,,,,
43575376,CTTLFA 2026,D3 - 5th Division,,,D3-09- Tramway,D3-05-Bellville City,18/09/26,Fri,20:30,Tramway,Groenewald Park A,,,,,,
43575646,CTTLFA 2026,D4 - 6th Division,,,D4-04- Holy Cross,D4-09- Stephanian Ottery,18/09/26,Fri,20:30,Holy Cross,Voortrekker Road,,,,,,
43575648,CTTLFA 2026,D4 - 6th Division,,,D4-06- Bye,D4-01- Garlandale FC,18/09/26,Fri,20:30,Bye,#1,,,,,,
43575645,CTTLFA 2026,D4 - 6th Division,,,D4-10- Sunningdale City,D4-12- Lansdowne,18/09/26,Fri,20:30,Sunningdale City,Sunningdale B,,,,,,
43575776,CTTLFA 2026,F2 - Vets 040 B,,,F2-02- Bothasig,F2-10- Jamestown United,18/09/26,Fri,20:30,Bothasig,Abe Sher B,,,,,,
43575779,CTTLFA 2026,F2 - Vets 040 B,,,F2-06- Kuilsriver,F2-03- Garlandale,18/09/26,Fri,20:30,Serepta Sports Ground,Serepta Sports Ground A,,,,,,
43257094,CTTLFA 2026,O1 - Under 12 Premier One,,,O1-01- Camps Bay,O1-06- Hanover Park,19/09/26,Sat,08:15,Camps Bay,Maidens Cove,,,,,,
43257095,CTTLFA 2026,O1 - Under 12 Premier One,,,O1-02- Cape Town Spurs,O1-03- De Beers,19/09/26,Sat,08:15,Cape Town Spurs,Ikamva A,,,,,,
43257096,CTTLFA 2026,O1 - Under 12 Premier One,,,O1-07- Hellenic,O1-04- FC Kapstadt,19/09/26,Sat,08:15,Hellenic,Tygerhof Sports Complex A,,,,,,
43257097,CTTLFA 2026,O1 - Under 12 Premier One,,,O1-09- Norway Parks,O1-08- Northpine United,19/09/26,Sat,08:15,Norway Parks,Royal Road A,,,,,,
43257098,CTTLFA 2026,O1 - Under 12 Premier One,,,O1-10- Rygersdal,O1-12- CR Vasco Da Gama,19/09/26,Sat,08:15,Rygersdal,Zwaanswyk High School,,,,,,
43257099,CTTLFA 2026,O1 - Under 12 Premier One,,,O1-11- Table View,O1-05- FN Rangers,19/09/26,Sat,08:15,Table View,Table View A,,,,,,
44523805,CTTLFA 2026,O3G - Under 12 Premier 3 A&B,,,O3G-01- Avendale Athletico,O3G-14- West End United,19/09/26,Sat,08:15,Avendale Athletico,Field Crescent A,,,,,,
44523806,CTTLFA 2026,O3G - Under 12 Premier 3 A&B,,,O3G-02- Bellville City,O3G-13- Ruyterwacht,19/09/26,Sat,08:15,Bellville City,PP Smit Stadium C,,,,,,
44523807,CTTLFA 2026,O3G - Under 12 Premier 3 A&B,,,O3G-04- Chelsea Bridgetown,O3G-15- YSD Macassar,19/09/26,Sat,08:15,Chelsea,Hickory Road A,,,,,,
44523808,CTTLFA 2026,O3G - Under 12 Premier 3 A&B,,,O3G-05- Garden Village,O3G-03- Bothasig,19/09/26,Sat,08:15,Garden Village,Alexander Road,,,,,,
44523809,CTTLFA 2026,O3G - Under 12 Premier 3 A&B,,,O3G-07- Goodwood United,O3G-08- Grass Boots,19/09/26,Sat,08:15,Goodwood,Hamilton Road A,,,,,,
44523810,CTTLFA 2026,O3G - Under 12 Premier 3 A&B,,,O3G-09- Green Point Salesians,O3G-10- Holy Cross,19/09/26,Sat,08:15,Green Point,Green Point A,,,,,,
43274393,CTTLFA 2026,O4 - Under 12 Division Four,,,O4-01- Camps Bay B.,O4-11- Wynberg St Johns B.,19/09/26,Sat,08:15,Camps Bay,Camps Bay A,,,,,,
43274387,CTTLFA 2026,O4 - Under 12 Division Four,,,O4-05- Northpine United B,O4-07- Rygersdal B,19/09/26,Sat,08:15,Northpine United,Central Park A,,,,,,
43274389,CTTLFA 2026,O4 - Under 12 Division Four,,,O4-06- Norway Parks B,O4-10- CR Vasco Da Gama B,19/09/26,Sat,08:15,Norway Parks,Royal Road D,,,,,,
43274385,CTTLFA 2026,O4 - Under 12 Division Four,,,O4-08- Saxon Rovers B,O4-03- De Beers B.,19/09/26,Sat,08:15,Saxon Rovers,Maitland A,,,,,,
43274392,CTTLFA 2026,O4 - Under 12 Division Four,,,O4-09- Table View B,O4-02- Cape Town Spurs B,19/09/26,Sat,08:15,Table View,Table View B,,,,,,
43274386,CTTLFA 2026,O5 - Under 12 Division Five,,,O5-01- Bellville City B.,O5-04- Durbanville B.,19/09/26,Sat,08:15,Bellville City,PP Smit Stadium B,,,,,,
43274391,CTTLFA 2026,O5 - Under 12 Division Five,,,O5-05- Edgemead G/W B.,O5-07- Goodwood United B,19/09/26,Sat,08:15,Edgemead G/W,Edgemead A,,,,,,
43274390,CTTLFA 2026,O5 - Under 12 Division Five,,,O5-06- Fish Hoek B.,O5-02- Bothasig B,19/09/26,Sat,08:15,Fish Hoek,Fish Hoek B,,,,,,
43274394,CTTLFA 2026,O5 - Under 12 Division Five,,,O5-08- Kuilsriver B.,O5-10- Stephanian Ottery B,19/09/26,Sat,08:15,Serepta Sports Ground,Serepta Sports Ground A,,,,,,
43274388,CTTLFA 2026,O5 - Under 12 Division Five,,,O5-11- Sunningdale City B,O5-03- Clyde Pinelands B,19/09/26,Sat,08:15,Sunningdale City,Sunningdale A,,,,,,
43574549,CTTLFA 2026,O7 - Under 12 Girls Premier One (9v9),,,O7-08- Wynberg St Johns,O7-04- Bye,19/09/26,Sat,08:15,Wynberg st Johns,Wynberg C,,,,,,
43574551,CTTLFA 2026,O7 - Under 12 Girls Premier One (9v9),,,O7-09- Hout Bay,O7-03- Fish Hoek.,19/09/26,Sat,08:15,Chukker Sports Complex,#1,,,,,,
43806131,CTTLFA 2026,O8- Under 12 Division Seven,,,O8-06- Rygersdal C,O8-02- Durbanville C,19/09/26,Sat,08:15,Rygersdal,Rygersdal B,,,,,,
43806134,CTTLFA 2026,O8- Under 12 Division Seven,,,O8-07- Tramway B,O8-05- Norway Parks C,19/09/26,Sat,08:15,Tramway,Groenewald Park B,,,,,,
43806132,CTTLFA 2026,O8- Under 12 Division Seven,,,O8-09- Lansdowne,O8-04- Meadowridge D,19/09/26,Sat,08:15,Lansdowne,Chukker Road A,,,,,,
43806135,CTTLFA 2026,O8- Under 12 Division Seven,,,O8-10- Garlandale B,O8-01- Tramway,19/09/26,Sat,08:15,Garlandale,Garlandale B,,,,,,
44523811,CTTLFA 2026,O3G - Under 12 Premier 3 A&B,,,O3G-11- Mutual FC,O3G-12- Queens Park,19/09/26,Sat,09:00,Mutual FC,Pinelands Oval C,,,,,,
43806133,CTTLFA 2026,O8- Under 12 Division Seven,,,O8-03- Mutual B,O8-08- Wynberg St Johns C,19/09/26,Sat,09:00,Mutual FC,Pinelands Oval B,,,,,,
43256938,CTTLFA 2026,M1 - Under 14 Premier One,,,M1-01- Camps Bay,M1-06- Hanover Park,19/09/26,Sat,09:30,Camps Bay,Maidens Cove,,,,,,
43256939,CTTLFA 2026,M1 - Under 14 Premier One,,,M1-02- Cape Town Spurs,M1-03- De Beers,19/09/26,Sat,09:30,Cape Town Spurs,Ikamva A,,,,,,
43256940,CTTLFA 2026,M1 - Under 14 Premier One,,,M1-07- Hellenic,M1-04- FC Kapstadt,19/09/26,Sat,09:30,Hellenic,Tygerhof Sports Complex A,,,,,,
43256941,CTTLFA 2026,M1 - Under 14 Premier One,,,M1-09- Norway Parks,M1-08- Northpine United,19/09/26,Sat,09:30,Norway Parks,Royal Road A,,,,,,
43256942,CTTLFA 2026,M1 - Under 14 Premier One,,,M1-10- Rygersdal,M1-12- CR Vasco Da Gama,19/09/26,Sat,09:30,Rygersdal,Zwaanswyk High School,,,,,,
43256943,CTTLFA 2026,M1 - Under 14 Premier One,,,M1-11- Table View,M1-05- FN Rangers,19/09/26,Sat,09:30,Table View,Table View A,,,,,,
44524208,CTTLFA 2026,M3G - Under 14 Premier 3 A&B,,,M3G-01- Avendale Athletico,M3G-14- West End United,19/09/26,Sat,09:30,Avendale Athletico,Field Crescent A,,,,,,
44524209,CTTLFA 2026,M3G - Under 14 Premier 3 A&B,,,M3G-02- Bellville City,M3G-13- Ruyterwacht,19/09/26,Sat,09:30,Bellville City,PP Smit Stadium A,,,,,,
44524210,CTTLFA 2026,M3G - Under 14 Premier 3 A&B,,,M3G-04- Chelsea Bridgetown,M3G-15- YSD Macassar,19/09/26,Sat,09:30,Chelsea,Hickory Road A,,,,,,
44524211,CTTLFA 2026,M3G - Under 14 Premier 3 A&B,,,M3G-05- Garden Village,M3G-03- Bothasig,19/09/26,Sat,09:30,Garden Village,Alexander Road,,,,,,
44524212,CTTLFA 2026,M3G - Under 14 Premier 3 A&B,,,M3G-07- Goodwood United,M3G-08- Grass Boots,19/09/26,Sat,09:30,Goodwood,Hamilton Road A,,,,,,
44524213,CTTLFA 2026,M3G - Under 14 Premier 3 A&B,,,M3G-09- Green Point Salesians,M3G-10- Holy Cross,19/09/26,Sat,09:30,Green Point,Green Point A,,,,,,
44524214,CTTLFA 2026,M3G - Under 14 Premier 3 A&B,,,M3G-11- Mutual FC,M3G-12- Queens Park,19/09/26,Sat,09:30,Mutual FC,Pinelands Oval A,,,,,,
43279230,CTTLFA 2026,M4 - Under 14 Division Four,,,M4-01- Camps Bay B.,M4-11- Wynberg St Johns B.,19/09/26,Sat,09:30,Camps Bay,Camps Bay A,,,,,,
43279231,CTTLFA 2026,M4 - Under 14 Division Four,,,M4-05- Northpine United B,M4-07- Rygersdal B,19/09/26,Sat,09:30,Northpine United,Central Park A,,,,,,
43279232,CTTLFA 2026,M4 - Under 14 Division Four,,,M4-06- Norway Parks B,M4-10- CR Vasco Da Gama B,19/09/26,Sat,09:30,Norway Parks,Royal Road D,,,,,,
43279233,CTTLFA 2026,M4 - Under 14 Division Four,,,M4-08- Saxon Rovers B.,M4-03- De Beers B.,19/09/26,Sat,09:30,Saxon Rovers,Maitland A,,,,,,
43279234,CTTLFA 2026,M4 - Under 14 Division Four,,,M4-09- Table View B,M4-02- Cape Town Spurs B,19/09/26,Sat,09:30,Table View,Table View B,,,,,,
43279565,CTTLFA 2026,M5 - Under 14 Division Five,,,M5-01- Bellville City B.,M5-04- Durbanville B.,19/09/26,Sat,09:30,Bellville City,PP Smit Stadium B,,,,,,
43279566,CTTLFA 2026,M5 - Under 14 Division Five,,,M5-05- Edgemead G/W B.,M5-07- Goodwood United B,19/09/26,Sat,09:30,Edgemead G/W,Edgemead A,,,,,,
43279567,CTTLFA 2026,M5 - Under 14 Division Five,,,M5-06- Fish Hoek B.,M5-02- Bothasig B,19/09/26,Sat,09:30,Fish Hoek,Fish Hoek B,,,,,,
43279568,CTTLFA 2026,M5 - Under 14 Division Five,,,M5-08- Kuilsriver B.,M5-10- Stephanian Ottery B,19/09/26,Sat,09:30,Serepta Sports Ground,Serepta Sports Ground A,,,,,,
43279569,CTTLFA 2026,M5 - Under 14 Division Five,,,M5-11- Sunningdale City B,M5-03- Clyde Pinelands B,19/09/26,Sat,09:30,Sunningdale City,Sunningdale A,,,,,,
43272862,CTTLFA 2026,M6 - Under 14 Division Six,,,M6-04- Kensington B,M6-08- Holy Cross B.,19/09/26,Sat,09:30,Kensington,14 Avenue B,,,,,,
43272870,CTTLFA 2026,M6 - Under 14 Division Six,,,M6-06- FC Kapstadt B,M6-09- JMI,19/09/26,Sat,09:30,FC Kapstadt,Hartleyvale D,,,,,,
43806280,CTTLFA 2026,M7 - Under 14 Division Seven,,,M7-04- Northpine United C,M7-08- Wynberg St Johns C,19/09/26,Sat,09:30,Northpine United,Central Park B,,,,,,
43806278,CTTLFA 2026,M7 - Under 14 Division Seven,,,M7-05- Rygersdal C,M7-10- Lansdowne,19/09/26,Sat,09:30,Rygersdal,Rygersdal B,,,,,,
43806283,CTTLFA 2026,M7 - Under 14 Division Seven,,,M7-07- Table View C,M7-06- Sunningdale City C.,19/09/26,Sat,09:30,Table View,Table View C,,,,,,
43806285,CTTLFA 2026,M9- Under 14 Division Eight,,,M9-04- Tramway,M9-09- Garlandale B,19/09/26,Sat,09:30,Tramway,Groenewald Park A,,,,,,
43806963,CTTLFA 2026,K7 - Under 16 Girls Premier One,,,K7-01- Badgers,K7-05- Clyde Pinelands,19/09/26,Sat,10:00,Badgers FC,Oranjezicht A,,,,,,
43256782,CTTLFA 2026,K1 - Under 16 Premier One,,,K1-01- Camps Bay,K1-06- Hanover Park,19/09/26,Sat,10:50,Camps Bay,Maidens Cove,,,,,,
43256783,CTTLFA 2026,K1 - Under 16 Premier One,,,K1-02- Cape Town Spurs,K1-03- De Beers,19/09/26,Sat,10:50,Cape Town Spurs,Ikamva A,,,,,,
43256784,CTTLFA 2026,K1 - Under 16 Premier One,,,K1-07- Hellenic,K1-04- FC Kapstadt,19/09/26,Sat,10:50,Hellenic,Tygerhof Sports Complex A,,,,,,
43256785,CTTLFA 2026,K1 - Under 16 Premier One,,,K1-09- Norway Parks,K1-08- Northpine United,19/09/26,Sat,10:50,Norway Parks,Royal Road A,,,,,,
43256786,CTTLFA 2026,K1 - Under 16 Premier One,,,K1-10- Rygersdal,K1-12- CR Vasco Da Gama,19/09/26,Sat,10:50,Rygersdal,Zwaanswyk High School,,,,,,
43256787,CTTLFA 2026,K1 - Under 16 Premier One,,,K1-11- Table View,K1-05- FN Rangers,19/09/26,Sat,10:50,Table View,Table View A,,,,,,
44524475,CTTLFA 2026,K3G - Under 16 Premier 3 A&B,,,K3G-01- Avendale Athletico,K3G-14- West End United,19/09/26,Sat,10:50,Avendale Athletico,Field Crescent A,,,,,,
44524476,CTTLFA 2026,K3G - Under 16 Premier 3 A&B,,,K3G-02- Bellville City,K3G-13- Ruyterwacht,19/09/26,Sat,10:50,Bellville City,PP Smit Stadium A,,,,,,
44524477,CTTLFA 2026,K3G - Under 16 Premier 3 A&B,,,K3G-04- Chelsea Bridgetown,K3G-15- YSD Macassar,19/09/26,Sat,10:50,Chelsea,Hickory Road A,,,,,,
44524478,CTTLFA 2026,K3G - Under 16 Premier 3 A&B,,,K3G-05- Garden Village,K3G-03- Bothasig,19/09/26,Sat,10:50,Garden Village,Alexander Road,,,,,,
44524479,CTTLFA 2026,K3G - Under 16 Premier 3 A&B,,,K3G-07- Goodwood United,K3G-08- Grass Boots,19/09/26,Sat,10:50,Goodwood,Hamilton Road A,,,,,,
44524480,CTTLFA 2026,K3G - Under 16 Premier 3 A&B,,,K3G-09- Green Point Salesians,K3G-10- Holy Cross,19/09/26,Sat,10:50,Green Point,Green Point A,,,,,,
44524481,CTTLFA 2026,K3G - Under 16 Premier 3 A&B,,,K3G-11- Mutual FC,K3G-12- Queens Park,19/09/26,Sat,10:50,Mutual FC,Pinelands Oval A,,,,,,
43279341,CTTLFA 2026,K4 - Under 16 Division Four,,,K4-05- Northpine United B,K4-07- Rygersdal B,19/09/26,Sat,10:50,Northpine United,Central Park A,,,,,,
43279342,CTTLFA 2026,K4 - Under 16 Division Four,,,K4-06- Norway Parks B,K4-10- CR Vasco Da Gama B,19/09/26,Sat,10:50,Norway Parks,Royal Road D,,,,,,
43279343,CTTLFA 2026,K4 - Under 16 Division Four,,,K4-08- Saxon Rovers B,K4-03- De Beers B.,19/09/26,Sat,10:50,Saxon Rovers,Maitland A,,,,,,
43279344,CTTLFA 2026,K4 - Under 16 Division Four,,,K4-09- Table View B.,K4-02- Cape Town Spurs B,19/09/26,Sat,10:50,Table View,Table View B,,,,,,
43279455,CTTLFA 2026,K5 - Under 16 Division Five,,,K5-01- Bellville City B.,K5-04- Durbanville B.,19/09/26,Sat,10:50,Bellville City,PP Smit Stadium B,,,,,,
43279456,CTTLFA 2026,K5 - Under 16 Division Five,,,K5-05- Edgemead G/W B.,K5-07- Goodwood United B,19/09/26,Sat,10:50,Edgemead G/W,Edgemead A,,,,,,
43279457,CTTLFA 2026,K5 - Under 16 Division Five,,,K5-06- Fish Hoek B.,K5-02- Bothasig B,19/09/26,Sat,10:50,Fish Hoek,Fish Hoek B,,,,,,
43279458,CTTLFA 2026,K5 - Under 16 Division Five,,,K5-08- Kuilsriver B.,K5-10- Stephanian Ottery B,19/09/26,Sat,10:50,Serepta Sports Ground,Serepta Sports Ground A,,,,,,
43279459,CTTLFA 2026,K5 - Under 16 Division Five,,,K5-11- Sunningdale City B,K5-03- Clyde Pinelands B,19/09/26,Sat,10:50,Sunningdale City,Sunningdale A,,,,,,
43805905,CTTLFA 2026,K6 - Under 16 Division Six,,,K6-01- Bye.,K6-06- Meadowridge C,19/09/26,Sat,10:50,Bye,#1,,,,,,
43805908,CTTLFA 2026,K6 - Under 16 Division Six,,,K6-03- Brooklyn Superstars,K6-10- Shosholoza B,19/09/26,Sat,10:50,Bayview Sports Complex,Brooklyn Bayview Sports Complex A,,,,,,
43805913,CTTLFA 2026,K6 - Under 16 Division Six,,,K6-04- Holy Cross B,K6-09- Table View C,19/09/26,Sat,10:50,Holy Cross,Voortrekker Road,,,,,,
43805907,CTTLFA 2026,K6 - Under 16 Division Six,,,K6-05- JMI,K6-07- Ruyterwacht B,19/09/26,Sat,10:50,Norway Parks,Royal Road E,,,,,,
43805911,CTTLFA 2026,K6 - Under 16 Division Six,,,K6-08- Sunningdale City C,K6-11- Kensington B,19/09/26,Sat,10:50,Sunningdale City,Sunningdale B,,,,,,
43806957,CTTLFA 2026,K7 - Under 16 Girls Premier One,,,K7-04- Camps Bay,K7-11- Bye.,19/09/26,Sat,10:50,Camps Bay,"Symmonds Field, Camps Bay Drive",,,,,,
43806962,CTTLFA 2026,K7 - Under 16 Girls Premier One,,,K7-05- Clyde Pinelands,K7-13- Wynberg St Johns,19/09/26,Sat,10:50,Clyde Pinelands,Ringwood Drive B,,,,,,
43806958,CTTLFA 2026,K7 - Under 16 Girls Premier One,,,K7-06- Fish Hoek,K7-09- Bye.,19/09/26,Sat,10:50,Fish Hoek,Fish Hoek C,,,,,,
43806959,CTTLFA 2026,K7 - Under 16 Girls Premier One,,,K7-15- Norway Parks,K7-14- Nova Generation,19/09/26,Sat,10:50,Norway Parks,Royal Road C,,,,,,
43805912,CTTLFA 2026,K8- Under 16 Division Seven,,,K8-03- Edgemead G/W C,K8-01- Bothasig D,19/09/26,Sat,10:50,Edgemead G/W,Edgemead C,,,,,,
43805909,CTTLFA 2026,K8- Under 16 Division Seven,,,K8-06- Northpine United C,K8-05- Meadowridge D,19/09/26,Sat,10:50,Northpine United,Central Park B,,,,,,
43805910,CTTLFA 2026,K8- Under 16 Division Seven,,,K8-10- Lansdowne,K8-02- Durbanville C,19/09/26,Sat,10:50,Lansdowne,Chukker Road A,,,,,,
43805914,CTTLFA 2026,K8- Under 16 Division Seven,,,K8-11- Bye,K8-04- Fish Hoek C.,19/09/26,Sat,10:50,Bye,#1,,,,,,
43574621,CTTLFA 2026,M8 - Under 14 Girls Premier One,,,M8-07- Rygersdal,M8-03- Camps Bay,19/09/26,Sat,10:50,Rygersdal,Rygersdal B,,,,,,
43574639,CTTLFA 2026,M8 - Under 14 Girls Premier One,,,M8-12- Hout Bay,M8-01- Bellville City,19/09/26,Sat,10:50,Chukker Sports Complex,#1,,,,,,
43806284,CTTLFA 2026,M9- Under 14 Division Eight,,,M9-08- Table View D,M9-05- Meadowridge D,19/09/26,Sat,10:50,Table View,Table View C,,,,,,
43317388,CTTLFA 2026,H2 - Womens First Division,,,H2-01- Badgers B.,H2-05- Kuilsriver,19/09/26,Sat,12:00,Badgers FC,Oranjezicht A,,,,,,
42989981,CTTLFA 2026,I2 - Under 18 Premier Two,,,I2-09- Shosholoza,I2-04- Fish Hoek,19/09/26,Sat,12:00,Pelican Heights Sports Ground,Pelican A,,,,,,
42989936,CTTLFA 2026,I1 - Under 18 Premier One,,,I1-01- Camps Bay,I1-06- Hanover Park,19/09/26,Sat,12:30,Camps Bay,Maidens Cove,,,,,,
42989941,CTTLFA 2026,I1 - Under 18 Premier One,,,I1-02- Cape Town Spurs,I1-03- De Beers,19/09/26,Sat,12:30,Cape Town Spurs,Ikamva A,,,,,,
42989940,CTTLFA 2026,I1 - Under 18 Premier One,,,I1-07- Hellenic,I1-04- FC Kapstadt,19/09/26,Sat,12:30,Hellenic,Tygerhof Sports Complex A,,,,,,
42989937,CTTLFA 2026,I1 - Under 18 Premier One,,,I1-09- Norway Parks,I1-08- Northpine United,19/09/26,Sat,12:30,Norway Parks,Royal Road A,,,,,,
42989939,CTTLFA 2026,I1 - Under 18 Premier One,,,I1-10- Rygersdal,I1-12- CR Vasco Da Gama,19/09/26,Sat,12:30,Rygersdal,Zwaanswyk High School,,,,,,
42989938,CTTLFA 2026,I1 - Under 18 Premier One,,,I1-11- Table View,I1-05- FN Rangers,19/09/26,Sat,12:30,Table View,Table View A,,,,,,
44510041,CTTLFA 2026,I3G - Under 18 Premier 3 A&B,,,I3G-01- Avendale Athletico,I3G-14- West End United,19/09/26,Sat,12:30,Avendale Athletico,Field Crescent A,,,,,,
44510035,CTTLFA 2026,I3G - Under 18 Premier 3 A&B,,,I3G-02- Bellville City,I3G-13- Ruyterwacht,19/09/26,Sat,12:30,Bellville City,PP Smit Stadium A,,,,,,
44510036,CTTLFA 2026,I3G - Under 18 Premier 3 A&B,,,I3G-04- Chelsea Bridgetown,I3G-15- YSD Macassar,19/09/26,Sat,12:30,Chelsea,Hickory Road A,,,,,,
44510037,CTTLFA 2026,I3G - Under 18 Premier 3 A&B,,,I3G-05- Garden Village,I3G-03- Bothasig,19/09/26,Sat,12:30,Garden Village,Alexander Road,,,,,,
44510038,CTTLFA 2026,I3G - Under 18 Premier 3 A&B,,,I3G-07- Goodwood United,I3G-08- Grass Boots,19/09/26,Sat,12:30,Goodwood,Hamilton Road A,,,,,,
44510039,CTTLFA 2026,I3G - Under 18 Premier 3 A&B,,,I3G-09- Green Point Salesians,I3G-10- Holy Cross,19/09/26,Sat,12:30,Green Point,Green Point A,,,,,,
44510040,CTTLFA 2026,I3G - Under 18 Premier 3 A&B,,,I3G-11- Mutual FC,I3G-12- Queens Park,19/09/26,Sat,12:30,Mutual FC,Pinelands Oval A,,,,,,
43805584,CTTLFA 2026,I5 - Under 18 Division Five,,,I5-01- Bothasig C,I5-04- Edgemead G/W B.,19/09/26,Sat,12:30,Bothasig,Abe Sher C,,,,,,
43805587,CTTLFA 2026,I5 - Under 18 Division Five,,,I5-03- Durbanville B.,I5-02- Clyde Pinelands B,19/09/26,Sat,12:30,Durbanville,Klazinga Park B,,,,,,
43805585,CTTLFA 2026,I5 - Under 18 Division Five,,,I5-07- Meadowridge B.,I5-05- Fish Hoek B.,19/09/26,Sat,12:30,Meadowridge,Meadowridge B,,,,,,
43805586,CTTLFA 2026,I5 - Under 18 Division Five,,,I5-11- Tramway,I5-08- Ruyterwacht B,19/09/26,Sat,12:30,Tramway,Groenewald Park A,,,,,,
43279340,CTTLFA 2026,K4 - Under 16 Division Four,,,K4-01- Bye,K4-11- Wynberg St Johns B.,19/09/26,Sat,12:30,Bye,#1,,,,,,
43805906,CTTLFA 2026,K8- Under 16 Division Seven,,,K8-07- Rygersdal C,K8-09- YMO FC,19/09/26,Sat,12:30,Rygersdal,Rygersdal B,,,,,,
43575513,CTTLFA 2026,D2 - 4th Division,,,D2-03- Edgemead G/W,D2-07- Rygersdal,19/09/26,Sat,14:00,Edgemead G/W,Edgemead A,,,,,,
43575514,CTTLFA 2026,D2 - 4th Division,,,D2-06- Ruyterwacht,D2-10- Wynberg St Johns,19/09/26,Sat,14:00,Ruyterwacht,Stan Abbot B,,,,,,
43575511,CTTLFA 2026,D2 - 4th Division,,,D2-09- C.R. Vasco Da Gama,D2-02- Bothasig,19/09/26,Sat,14:00,Vasco da Gama,Da Gama Park B,,,,,,
43575516,CTTLFA 2026,D2 - 4th Division,,,D2-12- Kensington,D2-05- Norway Parks,19/09/26,Sat,14:00,Kensington,14 Avenue A,,,,,,
43575378,CTTLFA 2026,D3 - 5th Division,,,D3-04- Edgemead G/W,D3-11- Hanover Park,19/09/26,Sat,14:00,Edgemead G/W,Edgemead C,,,,,,
43575372,CTTLFA 2026,D3 - 5th Division,,,D3-08- Table View,D3-03- Durbanville,19/09/26,Sat,14:00,Table View,Table View C,,,,,,
43575644,CTTLFA 2026,D4 - 6th Division,,,D4-05- Kuilsriver,D4-03- De Beers,19/09/26,Sat,14:00,Serepta Sports Ground,Serepta Sports Ground B,,,,,,
43575647,CTTLFA 2026,D4 - 6th Division,,,D4-11- Edgemead G/W,D4-07- Rygersdal,19/09/26,Sat,14:00,Edgemead G/W,Edgemead D,,,,,,
43575781,CTTLFA 2026,F2 - Vets 040 B,,,F2-01- Avendale Athletico,F2-09- Wynberg St Johns,19/09/26,Sat,14:00,Avendale Athletico,Field Crescent A,,,,,,
43256385,CTTLFA 2026,B2 - First Reserve,,,FR-01- Bellville City FC,FR-10- Ruyterwacht,19/09/26,Sat,14:00,Bellville City,PP Smit Stadium A,,,,,,
43256386,CTTLFA 2026,B2 - First Reserve,,,FR-04- Garden Village,FR-02- Bothasig,19/09/26,Sat,14:00,Garden Village,Alexander Road,,,,,,
43256387,CTTLFA 2026,B2 - First Reserve,,,FR-05- JMI,FR-12- Sunningdale City,19/09/26,Sat,14:00,Norway Parks,Royal Road E,,,,,,
43256388,CTTLFA 2026,B2 - First Reserve,,,FR-07- Kuilsriver,FR-06- Kensington,19/09/26,Sat,14:00,Serepta Sports Ground,Serepta Sports Ground A,,,,,,
43256389,CTTLFA 2026,B2 - First Reserve,,,FR-08- Meadowridge,FR-03- Brooklyn Superstars,19/09/26,Sat,14:00,Meadowridge,Meadowridge A,,,,,,
43256390,CTTLFA 2026,B2 - First Reserve,,,FR-09- Northpine United,FR-13- Tramway,19/09/26,Sat,14:00,Northpine United,Central Park A,,,,,,
43806489,CTTLFA 2026,G1 - Vets 045 A,,,G1-04- Hanover Park,G1-01- De Beers,19/09/26,Sat,14:00,Hanover Park,Hanover Park B,,,,,,
43806486,CTTLFA 2026,G1 - Vets 045 A,,,G1-05- Meadowridge,G1-07- Tramway,19/09/26,Sat,14:00,Meadowridge,Meadowridge B,,,,,,
43806485,CTTLFA 2026,G1 - Vets 045 A,,,G1-11- Lansdowne,G1-08- Bothasig,19/09/26,Sat,14:00,Lansdowne,Chukker Road A,,,,,,
43806488,CTTLFA 2026,G1 - Vets 045 A,,,G1-12- Table View,G1-03- FN Rangers,19/09/26,Sat,14:00,Table View,Table View B,,,,,,
43262868,CTTLFA 2026,G5 - Vets 050 B,,,G5-08- Lansdowne,G5-01- Bothasig,19/09/26,Sat,14:00,Lansdowne,Chukker Road A,,,,,,
43256215,CTTLFA 2026,A2 - Premier Reserve,,,PR-01- Durbanville,PR-08- Norway Parks,19/09/26,Sat,14:00,Durbanville,Klazinga Park A,,,,,,
43256216,CTTLFA 2026,A2 - Premier Reserve,,,PR-05- Green Point Salesians,PR-06- Hanover Park,19/09/26,Sat,14:00,Green Point,Green Point A,,,,,,
43256217,CTTLFA 2026,A2 - Premier Reserve,,,PR-07- Holy Cross,PR-10- Saxon Rovers,19/09/26,Sat,14:00,Holy Cross,Voortrekker Road,,,,,,
43256218,CTTLFA 2026,A2 - Premier Reserve,,,PR-09- Rygersdal,PR-13- C.R. Vasco Da Gama,19/09/26,Sat,14:00,Rygersdal,Rygersdal A,,,,,,
43256219,CTTLFA 2026,A2 - Premier Reserve,,,PR-11- Table View,PR-04- FN Rangers,19/09/26,Sat,14:00,Table View,Table View A,,,,,,
43256220,CTTLFA 2026,A2 - Premier Reserve,,,PR-12- UCT,PR-02- Edgemead G/W,19/09/26,Sat,14:00,U C T,U C T,,,,,,
43256221,CTTLFA 2026,A2 - Premier Reserve,,,PR-14- Wynberg St Johns,PR-03- Fish Hoek,19/09/26,Sat,14:00,Wynberg st Johns,Wynberg A,,,,,,
43256616,CTTLFA 2026,C2 - Second Reserve,,,SR-04- Chelsea Bridgetown,SR-16- YSD Macassar,19/09/26,Sat,14:00,Chelsea,Hickory Road A,,,,,,
43256617,CTTLFA 2026,C2 - Second Reserve,,,SR-05- Clyde Pinelands,SR-01- Avendale Athletico,19/09/26,Sat,14:00,Clyde Pinelands,Ringwood Drive A,,,,,,
43256618,CTTLFA 2026,C2 - Second Reserve,,,SR-06- De Beers,SR-12- Queens Park,19/09/26,Sat,14:00,De Beers,Somerset West A,,,,,,
43256619,CTTLFA 2026,C2 - Second Reserve,,,SR-07- FC Kapstadt,SR-09- Goodwood United,19/09/26,Sat,14:00,FC Kapstadt,Hartleyvale D,,,,,,
43256620,CTTLFA 2026,C2 - Second Reserve,,,SR-08- Bye,SR-14- West End United,19/09/26,Sat,14:00,Bye,#1,,,,,,
43256621,CTTLFA 2026,C2 - Second Reserve,,,SR-11- Mutual FC,SR-03- Camps Bay,19/09/26,Sat,14:00,Mutual FC,Pinelands Oval A,,,,,,
43256615,CTTLFA 2026,C2 - Second Reserve,,,SR-13- Varsity College,SR-02- Barmsley Spurs,19/09/26,Sat,14:00,Avenue De Mist,Ave De Mist - A,,,,,,
43256622,CTTLFA 2026,C2 - Second Reserve,,,SR-15- Young Bafana,SR-10- Hellenic,19/09/26,Sat,14:00,Young Bafana,YB Arena A,,,,,,
43575512,CTTLFA 2026,D2 - 4th Division,,,D2-01- Avendale Athletico,D2-11- Shosholoza FC,19/09/26,Sat,15:30,Avendale Athletico,Field Crescent A,,,,,,
43575649,CTTLFA 2026,D4 - 6th Division,,,D4-08- Bothasig,D4-02- Clyde Pinelands,19/09/26,Sat,15:30,Bothasig,Abe Sher D,,,,,,
43575374,CTTLFA 2026,D1 - 3rd Division,,,D1-01- Bellville City FC,D1-10- Wynberg St Johns,19/09/26,Sat,15:45,Bellville City,PP Smit Stadium B,,,,,,
43575373,CTTLFA 2026,D1 - 3rd Division,,,D1-02- Bothasig,D1-09- C.R. Vasco Da Gama,19/09/26,Sat,15:45,Bothasig,Abe Sher B,,,,,,
43575370,CTTLFA 2026,D1 - 3rd Division,,,D1-08- Table View,D1-03- Durbanville,19/09/26,Sat,15:45,Table View,Table View B,,,,,,
43575515,CTTLFA 2026,D2 - 4th Division,,,D2-04- Fish Hoek,D2-08- Table View,19/09/26,Sat,15:45,Fish Hoek,Fish Hoek B,,,,,,
43575377,CTTLFA 2026,D3 - 5th Division,,,D3-01- Bothasig,D3-07- Northpine United,19/09/26,Sat,15:45,Bothasig,Abe Sher C,,,,,,
43575371,CTTLFA 2026,D3 - 5th Division,,,D3-06- Mutual FC,D3-02- Clyde Pinelands,19/09/26,Sat,15:45,Mutual FC,Pinelands Oval B,,,,,,
43575890,CTTLFA 2026,E2- Vets 035 B,,,E2-06- FN Rangers B,E2-13- Cape Town Spurs,19/09/26,Sat,15:45,FN Rangers,FNB Stadium C,,,,,,
43575889,CTTLFA 2026,E2- Vets 035 B,,,E2-07- Meadowridge,E2-10- Wynberg St Johns,19/09/26,Sat,15:45,Meadowridge,Meadowridge B,,,,,,
43575778,CTTLFA 2026,F2 - Vets 040 B,,,F2-07- Bye,F2-04- Goodwood United,19/09/26,Sat,15:45,Bye,#1,,,,,,
42990303,CTTLFA 2026,B1 - First Division,,,FD-01- Bellville City FC,FD-10- Ruyterwacht,19/09/26,Sat,15:45,Bellville City,PP Smit Stadium A,,,,,,
42990305,CTTLFA 2026,B1 - First Division,,,FD-04- Garden Village,FD-02- Bothasig,19/09/26,Sat,15:45,Garden Village,Alexander Road,,,,,,
42990308,CTTLFA 2026,B1 - First Division,,,FD-05- JMI,FD-12- Sunningdale City,19/09/26,Sat,15:45,Norway Parks,Royal Road E,,,,,,
42990304,CTTLFA 2026,B1 - First Division,,,FD-07- Kuilsriver,FD-06- Kensington,19/09/26,Sat,15:45,Serepta Sports Ground,Serepta Sports Ground A,,,,,,
42990307,CTTLFA 2026,B1 - First Division,,,FD-08- Meadowridge,FD-03- Brooklyn Superstars,19/09/26,Sat,15:45,Meadowridge,Meadowridge A,,,,,,
42990306,CTTLFA 2026,B1 - First Division,,,FD-09- Northpine United,FD-13- Tramway,19/09/26,Sat,15:45,Northpine United,Central Park A,,,,,,
42997032,CTTLFA 2026,A1 - Premier Division,,,PD-01- Durbanville,PD-08- Norway Parks,19/09/26,Sat,15:45,Durbanville,Klazinga Park A,,,,,,
42997031,CTTLFA 2026,A1 - Premier Division,,,PD-05- Green Point Salesians,PD-06- Hanover Park,19/09/26,Sat,15:45,Green Point,Green Point A,,,,,,
42997027,CTTLFA 2026,A1 - Premier Division,,,PD-07- Holy Cross,PD-10- Saxon Rovers,19/09/26,Sat,15:45,Holy Cross,Voortrekker Road,,,,,,
42997029,CTTLFA 2026,A1 - Premier Division,,,PD-09- Rygersdal,PD-13- C.R. Vasco Da Gama,19/09/26,Sat,15:45,Rygersdal,Rygersdal A,,,,,,
42997026,CTTLFA 2026,A1 - Premier Division,,,PD-11- Table View,PD-04- FN Rangers,19/09/26,Sat,15:45,Table View,Table View A,,,,,,
42997030,CTTLFA 2026,A1 - Premier Division,,,PD-12- UCT,PD-02- Edgemead G/W,19/09/26,Sat,15:45,U C T,U C T,,,,,,
42997028,CTTLFA 2026,A1 - Premier Division,,,PD-14- Wynberg St Johns,PD-03- Fish Hoek,19/09/26,Sat,15:45,Wynberg st Johns,Wynberg A,,,,,,
43206679,CTTLFA 2026,C1 - Second Division,,,SD-04- Chelsea Bridgetown,SD-16- YSD Macassar,19/09/26,Sat,15:45,Chelsea,Hickory Road A,,,,,,
43206677,CTTLFA 2026,C1 - Second Division,,,SD-05- Clyde Pinelands,SD-01- Avendale Athletico,19/09/26,Sat,15:45,Clyde Pinelands,Ringwood Drive A,,,,,,
43206678,CTTLFA 2026,C1 - Second Division,,,SD-06- De Beers,SD-12- Queens Park,19/09/26,Sat,15:45,De Beers,Somerset West A,,,,,,
43206681,CTTLFA 2026,C1 - Second Division,,,SD-07- FC Kapstadt,SD-09- Goodwood United,19/09/26,Sat,15:45,FC Kapstadt,Hartleyvale D,,,,,,
43206683,CTTLFA 2026,C1 - Second Division,,,SD-08- Bye,SD-14- West End United,19/09/26,Sat,15:45,Bye,#1,,,,,,
43206680,CTTLFA 2026,C1 - Second Division,,,SD-11- Mutual FC,SD-03- Camps Bay,19/09/26,Sat,15:45,Mutual FC,Pinelands Oval A,,,,,,
43206557,CTTLFA 2026,C1 - Second Division,,,SD-13- Varsity College,SD-02- Barmsley Spurs,19/09/26,Sat,15:45,Avenue De Mist,Ave De Mist - A,,,,,,
43206676,CTTLFA 2026,C1 - Second Division,,,SD-15- Young Bafana,SD-10- Hellenic,19/09/26,Sat,15:45,Young Bafana,YB Arena A,,,,,,
43256987,CTTLFA 2026,O1 - Under 12 Premier One,,,O1-01- Camps Bay,O1-11- Table View,20/09/26,Sun,08:15,Camps Bay,Maidens Cove,,,,,,
43256831,CTTLFA 2026,M1 - Under 14 Premier One,,,M1-01- Camps Bay,M1-11- Table View,20/09/26,Sun,09:30,Camps Bay,Maidens Cove,,,,,,
43274398,CTTLFA 2026,O4 - Under 12 Division Four,,,O4-04- FN Rangers B,O4-08- Saxon Rovers B,20/09/26,Sun,09:30,FN Rangers,FNB Stadium A,,,,,,
43256675,CTTLFA 2026,K1 - Under 16 Premier One,,,K1-01- Camps Bay,K1-11- Table View,20/09/26,Sun,10:50,Camps Bay,Maidens Cove,,,,,,
43806961,CTTLFA 2026,K7 - Under 16 Girls Premier One,,,K7-08- Meadowridge,K7-01- Badgers,20/09/26,Sun,10:50,Meadowridge,Meadowridge A,,,,,,
43806967,CTTLFA 2026,K7 - Under 16 Girls Premier One,,,K7-09- Bye.,K7-08- Meadowridge,20/09/26,Sun,10:50,Bye,#1,,,,,,
43806966,CTTLFA 2026,K7 - Under 16 Girls Premier One,,,K7-10- Rygersdal,K7-06- Fish Hoek,20/09/26,Sun,10:50,Rygersdal,Rygersdal B,,,,,,
43806964,CTTLFA 2026,K7 - Under 16 Girls Premier One,,,K7-11- Bye.,K7-15- Norway Parks,20/09/26,Sun,10:50,Bye,#1,,,,,,
43806965,CTTLFA 2026,K7 - Under 16 Girls Premier One,,,K7-13- Wynberg St Johns,K7-04- Camps Bay,20/09/26,Sun,10:50,Wynberg st Johns,Wynberg A,,,,,,
43806968,CTTLFA 2026,K7 - Under 16 Girls Premier One,,,K7-14- Nova Generation,K7-03- Bothasig,20/09/26,Sun,10:50,Nova Generations,Generations Sandown Institute,,,,,,
43279237,CTTLFA 2026,M4 - Under 14 Division Four,,,M4-04- FN Rangers B,M4-08- Saxon Rovers B.,20/09/26,Sun,10:50,FN Rangers,FNB Stadium A,,,,,,
43806960,CTTLFA 2026,K7 - Under 16 Girls Premier One,,,K7-03- Bothasig,K7-02- Bellville City,20/09/26,Sun,11:00,Bothasig,Abe Sher A,,,,,,
43574550,CTTLFA 2026,O7 - Under 12 Girls Premier One (9v9),,,O7-02- Bothasig,O7-06- Meadowridge B,20/09/26,Sun,11:00,Bothasig,Abe Sher D,,,,,,
42989828,CTTLFA 2026,I1 - Under 18 Premier One,,,I1-01- Camps Bay,I1-11- Table View,20/09/26,Sun,12:30,Camps Bay,Maidens Cove,,,,,,
43279347,CTTLFA 2026,K4 - Under 16 Division Four,,,K4-04- FN Rangers B,K4-08- Saxon Rovers B,20/09/26,Sun,12:30,FN Rangers,FNB Stadium A,,,,,,
43317315,CTTLFA 2026,H2 - Womens First Division,,,H2-13- Hout Bay,H2-08- Saxon Rovers,20/09/26,Sun,13:00,Bothasig,Abe Sher B,,,,,,
43806422,CTTLFA 2026,G1 - Vets 045 A,,,G1-11- Lansdowne,G1-06- Saxon Rovers,20/09/26,Sun,14:00,Lansdowne,Chukker Road A,,,,,,
43256612,CTTLFA 2026,C2 - Second Reserve,,,SR-13- Varsity College,SR-07- FC Kapstadt,20/09/26,Sun,14:00,Avenue De Mist,Ave De Mist - A,,,,,,
43256566,CTTLFA 2026,C2 - Second Reserve,,,SR-15- Young Bafana,SR-09- Goodwood United,20/09/26,Sun,14:00,Young Bafana,YB Arena A,,,,,,
43317320,CTTLFA 2026,H2 - Womens First Division,,,H2-01- Badgers B.,H2-02- Bothasig,20/09/26,Sun,15:00,Bothasig,Abe Sher A,,,,,,
43206671,CTTLFA 2026,C1 - Second Division,,,SD-13- Varsity College,SD-07- FC Kapstadt,20/09/26,Sun,15:45,Avenue De Mist,Ave De Mist - A,,,,,,
43206627,CTTLFA 2026,C1 - Second Division,,,SD-15- Young Bafana,SD-09- Goodwood United,20/09/26,Sun,15:45,Young Bafana,YB Arena A,,,,,,
43317345,CTTLFA 2026,H2 - Womens First Division,,,H2-10- UCT B,H2-03- Green Point Salesians B,21/09/26,Mon,19:00,U C T,U C T,,,,,,
43256552,CTTLFA 2026,C2 - Second Reserve,,,SR-02- Barmsley Spurs,SR-11- Mutual FC,21/09/26,Mon,19:00,Chelsea,Hickory Road A,,,,,,
43575549,CTTLFA 2026,D4 - 6th Division,,,D4-01- Garlandale FC,D4-09- Stephanian Ottery,21/09/26,Mon,19:30,Garlandale,Garlandale A,,,,,,
43575541,CTTLFA 2026,D4 - 6th Division,,,D4-11- Edgemead G/W,D4-08- Bothasig,21/09/26,Mon,19:30,Edgemead G/W,Edgemead D,,,,,,
43206619,CTTLFA 2026,C1 - Second Division,,,SD-02- Barmsley Spurs,SD-11- Mutual FC,21/09/26,Mon,20:30,Chelsea,Hickory Road A,,,,,,
42996997,CTTLFA 2026,A1 - Premier Division,,,PD-07- Holy Cross,PD-05- Green Point Salesians,22/09/26,Tue,19:30,Holy Cross,Voortrekker Road,,,,,,
43575375,CTTLFA 2026,D1 - 3rd Division,,,D1-06- Green Point Salesians,D1-11- Shosholoza FC,22/09/26,Tue,20:00,Green Point,Green Point A,,,,,,
43575897,CTTLFA 2026,E2- Vets 035 B,,,E2-01- Bellville City,E2-06- FN Rangers B,22/09/26,Tue,20:00,Bellville City,PP Smit Stadium C,,,,,,
43805919,CTTLFA 2026,K8- Under 16 Division Seven,,,K8-05- Meadowridge D,K8-11- Bye,23/09/26,Wed,18:30,Meadowridge,Meadowridge B,,,,,,
43575785,CTTLFA 2026,F2 - Vets 040 B,,,F2-01- Avendale Athletico,F2-06- Kuilsriver,23/09/26,Wed,19:00,Chelsea,Hickory Road A,,,,,,
43575782,CTTLFA 2026,F2 - Vets 040 B,,,F2-12- Sunningdale City B,F2-09- Wynberg St Johns,23/09/26,Wed,19:00,Sunningdale City,Sunningdale B,,,,,,
43806607,CTTLFA 2026,H1 - Womens Premier League,,,H1-04- Fish Hoek,H1-01- Badgers,23/09/26,Wed,19:00,Fish Hoek,Fish Hoek A,,,,,,
43317390,CTTLFA 2026,H2 - Womens First Division,,,H2-03- Green Point Salesians B,H2-07- Norway Parks,23/09/26,Wed,19:00,Green Point,Green Point A,,,,,,
43317392,CTTLFA 2026,H2 - Womens First Division,,,H2-08- Saxon Rovers,H2-09- Stephanian Ottery,23/09/26,Wed,19:00,Saxon Rovers,Maitland A,,,,,,
43317395,CTTLFA 2026,H2 - Womens First Division,,,H2-09- Stephanian Ottery,H2-12- Hanover Park,23/09/26,Wed,19:00,Stephanian Ottery,Stephanian Ottery A,,,,,,
43317387,CTTLFA 2026,H2 - Womens First Division,,,H2-12- Hanover Park,H2-06- Meadowridge,23/09/26,Wed,19:00,Hanover Park,Hanover Park A,,,,,,
43317391,CTTLFA 2026,H2 - Womens First Division,,,H2-13- Hout Bay,H2-10- UCT B,23/09/26,Wed,19:00,Hout Bay Stadium,Hout Bay Stadium,,,,,,
43806969,CTTLFA 2026,K7 - Under 16 Girls Premier One,,,K7-08- Meadowridge,K7-10- Rygersdal,23/09/26,Wed,19:00,Meadowridge,Meadowridge A,,,,,,
43575786,CTTLFA 2026,F2 - Vets 040 B,,,F2-08- Kensington,F2-05- Green Point Salesians,23/09/26,Wed,19:30,Kensington,14 Avenue A,,,,,,
43575387,CTTLFA 2026,D3 - 5th Division,,,D3-07- Northpine United,D3-04- Edgemead G/W,23/09/26,Wed,20:30,Northpine United,Central Park A,,,,,,
43575896,CTTLFA 2026,E2- Vets 035 B,,,E2-10- Wynberg St Johns,E2-12- Clyde Pinelands B,23/09/26,Wed,20:30,Wynberg st Johns,Wynberg A,,,,,,
43806550,CTTLFA 2026,H1 - Womens Premier League,,,H1-06- Green Point Salesians,H1-05- FN Rangers,23/09/26,Wed,20:30,Green Point,Green Point A,,,,,,
43257069,CTTLFA 2026,O1 - Under 12 Premier One,,,O1-12- CR Vasco Da Gama,O1-02- Cape Town Spurs,24/09/26,Thu,08:15,Vasco da Gama,Da Gama Park B,,,,,,
43257465,CTTLFA 2026,O2 - Under 12 Premier Two,,,O2-10- Stephanian Ottery,O2-02- Durbanville,24/09/26,Thu,08:15,Stephanian Ottery,Stephanian Ottery A,,,,,,
43257400,CTTLFA 2026,O2 - Under 12 Premier Two,,,O2-12- Young Bafana,O2-03- Edgemead G/W,24/09/26,Thu,08:15,Young Bafana,YB Arena A,,,,,,
43805279,CTTLFA 2026,O3 - Under 12 Premier Three,,,O3-16- Garlandale,O3-17- Queens Park,24/09/26,Thu,08:15,Garlandale,Garlandale A,,,,,,
43274399,CTTLFA 2026,O4 - Under 12 Division Four,,,O4-02- Cape Town Spurs B,O4-05- Northpine United B,24/09/26,Thu,08:15,Cape Town Spurs,Ikamva D,,,,,,
43274400,CTTLFA 2026,O4 - Under 12 Division Four,,,O4-03- De Beers B.,O4-06- Norway Parks B,24/09/26,Thu,08:15,De Beers,Somerset West B,,,,,,
43274396,CTTLFA 2026,O4 - Under 12 Division Four,,,O4-07- Rygersdal B,O4-01- Camps Bay B.,24/09/26,Thu,08:15,Rygersdal,Rygersdal B,,,,,,
43274402,CTTLFA 2026,O4 - Under 12 Division Four,,,O4-10- CR Vasco Da Gama B,O4-09- Table View B,24/09/26,Thu,08:15,Vasco da Gama,Da Gama Park C,,,,,,
43274403,CTTLFA 2026,O5 - Under 12 Division Five,,,O5-02- Bothasig B,O5-11- Sunningdale City B,24/09/26,Thu,08:15,Bothasig,Abe Sher B,,,,,,
43274401,CTTLFA 2026,O5 - Under 12 Division Five,,,O5-04- Durbanville B.,O5-08- Kuilsriver B.,24/09/26,Thu,08:15,Durbanville,Klazinga Park A,,,,,,
43274397,CTTLFA 2026,O5 - Under 12 Division Five,,,O5-07- Goodwood United B,O5-06- Fish Hoek B.,24/09/26,Thu,08:15,Goodwood,Hamilton Road B,,,,,,
43274404,CTTLFA 2026,O5 - Under 12 Division Five,,,O5-09- Meadowridge B.,O5-01- Bellville City B.,24/09/26,Thu,08:15,Meadowridge,Meadowridge A,,,,,,
43274395,CTTLFA 2026,O5 - Under 12 Division Five,,,O5-10- Stephanian Ottery B,O5-05- Edgemead G/W B.,24/09/26,Thu,08:15,Stephanian Ottery,Stephanian Ottery B,,,,,,
43574522,CTTLFA 2026,O7 - Under 12 Girls Premier One (9v9),,,O7-08- Wynberg St Johns,O7-03- Fish Hoek.,24/09/26,Thu,09:00,Wynberg st Johns,Wynberg C,,,,,,
43256913,CTTLFA 2026,M1 - Under 14 Premier One,,,M1-12- CR Vasco Da Gama,M1-02- Cape Town Spurs,24/09/26,Thu,09:30,Vasco da Gama,Da Gama Park B,,,,,,
43257333,CTTLFA 2026,M2 - Under 14 Premier Two,,,M2-10- Stephanian Ottery,M2-02- Durbanville,24/09/26,Thu,09:30,Stephanian Ottery,Stephanian Ottery A,,,,,,
43257268,CTTLFA 2026,M2 - Under 14 Premier Two,,,M2-12- Young Bafana,M2-03- Edgemead G/W,24/09/26,Thu,09:30,Young Bafana,YB Arena A,,,,,,
43805608,CTTLFA 2026,M3 - Under 14 Premier Three,,,M3-16- Garlandale,M3-17- Queens Park,24/09/26,Thu,09:30,Garlandale,Garlandale A,,,,,,
43279235,CTTLFA 2026,M4 - Under 14 Division Four,,,M4-02- Cape Town Spurs B,M4-05- Northpine United B,24/09/26,Thu,09:30,Cape Town Spurs,Ikamva C,,,,,,
43279236,CTTLFA 2026,M4 - Under 14 Division Four,,,M4-03- De Beers B.,M4-06- Norway Parks B,24/09/26,Thu,09:30,De Beers,Somerset West B,,,,,,
43279238,CTTLFA 2026,M4 - Under 14 Division Four,,,M4-07- Rygersdal B,M4-01- Camps Bay B.,24/09/26,Thu,09:30,Rygersdal,Rygersdal B,,,,,,
43279239,CTTLFA 2026,M4 - Under 14 Division Four,,,M4-10- CR Vasco Da Gama B,M4-09- Table View B,24/09/26,Thu,09:30,Vasco da Gama,Da Gama Park C,,,,,,
43279570,CTTLFA 2026,M5 - Under 14 Division Five,,,M5-02- Bothasig B,M5-11- Sunningdale City B,24/09/26,Thu,09:30,Bothasig,Abe Sher B,,,,,,
43279571,CTTLFA 2026,M5 - Under 14 Division Five,,,M5-04- Durbanville B.,M5-08- Kuilsriver B.,24/09/26,Thu,09:30,Durbanville,Klazinga Park A,,,,,,
43279572,CTTLFA 2026,M5 - Under 14 Division Five,,,M5-07- Goodwood United B,M5-06- Fish Hoek B.,24/09/26,Thu,09:30,Goodwood,Hamilton Road B,,,,,,
43279573,CTTLFA 2026,M5 - Under 14 Division Five,,,M5-09- Meadowridge B.,M5-01- Bellville City B.,24/09/26,Thu,09:30,Meadowridge,Meadowridge A,,,,,,
43279574,CTTLFA 2026,M5 - Under 14 Division Five,,,M5-10- Stephanian Ottery B,M5-05- Edgemead G/W B.,24/09/26,Thu,09:30,Stephanian Ottery,Stephanian Ottery B,,,,,,
43574638,CTTLFA 2026,M8 - Under 14 Girls Premier One,,,M8-02- Bothasig,M8-07- Rygersdal,24/09/26,Thu,09:30,Bothasig,Abe Sher C,,,,,,
43574618,CTTLFA 2026,M8 - Under 14 Girls Premier One,,,M8-03- Camps Bay,M8-04- Fish Hoek,24/09/26,Thu,09:30,Camps Bay,"Symmonds Field, Camps Bay Drive",,,,,,
43257024,CTTLFA 2026,O1 - Under 12 Premier One,,,O1-03- De Beers,O1-07- Hellenic,24/09/26,Thu,09:30,De Beers,Somerset West A,,,,,,
43256730,CTTLFA 2026,K1 - Under 16 Premier One,,,K1-10- Rygersdal,K1-04- FC Kapstadt,24/09/26,Thu,10:50,Rygersdal,Rygersdal A,,,,,,
43256757,CTTLFA 2026,K1 - Under 16 Premier One,,,K1-12- CR Vasco Da Gama,K1-02- Cape Town Spurs,24/09/26,Thu,10:50,Vasco da Gama,Da Gama Park B,,,,,,
43257200,CTTLFA 2026,K2 - Under 16 Premier Two,,,K2-10- Stephanian Ottery,K2-02- Durbanville,24/09/26,Thu,10:50,Stephanian Ottery,Stephanian Ottery A,,,,,,
43257135,CTTLFA 2026,K2 - Under 16 Premier Two,,,K2-12- Young Bafana,K2-03- Edgemead G/W,24/09/26,Thu,10:50,Young Bafana,YB Arena A,,,,,,
43805347,CTTLFA 2026,K3 - Under 16 Premier Three,,,K3-16- Garlandale,K3-17- Queens Park,24/09/26,Thu,10:50,Garlandale,Garlandale A,,,,,,
43279345,CTTLFA 2026,K4 - Under 16 Division Four,,,K4-02- Cape Town Spurs B,K4-05- Northpine United B,24/09/26,Thu,10:50,Cape Town Spurs,Ikamva C,,,,,,
43279346,CTTLFA 2026,K4 - Under 16 Division Four,,,K4-03- De Beers B.,K4-06- Norway Parks B,24/09/26,Thu,10:50,De Beers,Somerset West B,,,,,,
43279348,CTTLFA 2026,K4 - Under 16 Division Four,,,K4-07- Rygersdal B,K4-01- Bye,24/09/26,Thu,10:50,Rygersdal,Rygersdal B,,,,,,
43279349,CTTLFA 2026,K4 - Under 16 Division Four,,,K4-10- CR Vasco Da Gama B,K4-09- Table View B.,24/09/26,Thu,10:50,Vasco da Gama,Da Gama Park C,,,,,,
43279460,CTTLFA 2026,K5 - Under 16 Division Five,,,K5-02- Bothasig B,K5-11- Sunningdale City B,24/09/26,Thu,10:50,Bothasig,Abe Sher A,,,,,,
43279461,CTTLFA 2026,K5 - Under 16 Division Five,,,K5-04- Durbanville B.,K5-08- Kuilsriver B.,24/09/26,Thu,10:50,Durbanville,Klazinga Park A,,,,,,
43279462,CTTLFA 2026,K5 - Under 16 Division Five,,,K5-07- Goodwood United B,K5-06- Fish Hoek B.,24/09/26,Thu,10:50,Goodwood,Hamilton Road B,,,,,,
43279463,CTTLFA 2026,K5 - Under 16 Division Five,,,K5-09- Meadowridge B.,K5-01- Bellville City B.,24/09/26,Thu,10:50,Meadowridge,Meadowridge A,,,,,,
43279464,CTTLFA 2026,K5 - Under 16 Division Five,,,K5-10- Stephanian Ottery B,K5-05- Edgemead G/W B.,24/09/26,Thu,10:50,Stephanian Ottery,Stephanian Ottery B,,,,,,
43805915,CTTLFA 2026,K6 - Under 16 Division Six,,,K6-07- Ruyterwacht B,K6-01- Bye.,24/09/26,Thu,10:50,Ruyterwacht,Stan Abbot B,,,,,,
43805923,CTTLFA 2026,K6 - Under 16 Division Six,,,K6-10- Shosholoza B,K6-04- Holy Cross B,24/09/26,Thu,10:50,Pelican Heights Sports Ground,Shosholoza B,,,,,,
43805920,CTTLFA 2026,K6 - Under 16 Division Six,,,K6-11- Kensington B,K6-03- Brooklyn Superstars,24/09/26,Thu,10:50,Kensington,14 Avenue B,,,,,,
43806971,CTTLFA 2026,K7 - Under 16 Girls Premier One,,,K7-02- Bellville City,K7-14- Nova Generation,24/09/26,Thu,10:50,Bellville City,PP Smit Stadium B,,,,,,
43806973,CTTLFA 2026,K7 - Under 16 Girls Premier One,,,K7-03- Bothasig,K7-11- Bye.,24/09/26,Thu,10:50,Bothasig,Abe Sher B,,,,,,
43806970,CTTLFA 2026,K7 - Under 16 Girls Premier One,,,K7-04- Camps Bay,K7-01- Badgers,24/09/26,Thu,10:50,Camps Bay,"Symmonds Field, Camps Bay Drive",,,,,,
43805921,CTTLFA 2026,K8- Under 16 Division Seven,,,K8-01- Bothasig D,K8-06- Northpine United C,24/09/26,Thu,10:50,Bothasig,Abe Sher C,,,,,,
43805924,CTTLFA 2026,K8- Under 16 Division Seven,,,K8-02- Durbanville C,K8-07- Rygersdal C,24/09/26,Thu,10:50,Durbanville,Klazinga Park C,,,,,,
43805916,CTTLFA 2026,K8- Under 16 Division Seven,,,K8-08- Table View D,K8-03- Edgemead G/W C,24/09/26,Thu,10:50,Table View,Table View A,,,,,,
43256868,CTTLFA 2026,M1 - Under 14 Premier One,,,M1-03- De Beers,M1-07- Hellenic,24/09/26,Thu,10:50,De Beers,Somerset West A,,,,,,
43806048,CTTLFA 2026,O8- Under 12 Division Seven,,,O8-03- Mutual B,O8-02- Durbanville C,24/09/26,Thu,10:50,Mutual FC,Pinelands Oval B,,,,,,
43806084,CTTLFA 2026,O8- Under 12 Division Seven,,,O8-10- Garlandale B,O8-05- Norway Parks C,24/09/26,Thu,10:50,Garlandale,Garlandale B,,,,,,
43317356,CTTLFA 2026,H2 - Womens First Division,,,H2-01- Badgers B.,H2-12- Hanover Park,24/09/26,Thu,12:00,Badgers FC,Oranjezicht A,,,,,,
42989883,CTTLFA 2026,I1 - Under 18 Premier One,,,I1-10- Rygersdal,I1-04- FC Kapstadt,24/09/26,Thu,12:30,Rygersdal,Rygersdal A,,,,,,
42989908,CTTLFA 2026,I1 - Under 18 Premier One,,,I1-12- CR Vasco Da Gama,I1-02- Cape Town Spurs,24/09/26,Thu,12:30,Vasco da Gama,Da Gama Park B,,,,,,
42990078,CTTLFA 2026,I2 - Under 18 Premier Two,,,I2-10- Stephanian Ottery,I2-02- Durbanville,24/09/26,Thu,12:30,Stephanian Ottery,Stephanian Ottery A,,,,,,
42990012,CTTLFA 2026,I2 - Under 18 Premier Two,,,I2-12- Young Bafana,I2-03- Edgemead G/W,24/09/26,Thu,12:30,Young Bafana,YB Arena A,,,,,,
43804801,CTTLFA 2026,I3 - Under 18 Premier Three,,,I3-16- Garlandale,I3-17- Queens Park,24/09/26,Thu,12:30,Garlandale,Garlandale A,,,,,,
43256712,CTTLFA 2026,K1 - Under 16 Premier One,,,K1-03- De Beers,K1-07- Hellenic,24/09/26,Thu,12:30,De Beers,Somerset West A,,,,,,
43805917,CTTLFA 2026,K6 - Under 16 Division Six,,,K6-06- Meadowridge C,K6-08- Sunningdale City C,24/09/26,Thu,12:30,Meadowridge,Meadowridge A,,,,,,
43805918,CTTLFA 2026,K8- Under 16 Division Seven,,,K8-04- Fish Hoek C.,K8-10- Lansdowne,24/09/26,Thu,12:30,Fish Hoek,Fish Hoek A,,,,,,
43317389,CTTLFA 2026,H2 - Womens First Division,,,H2-11- Magic Ladies B,H2-04- Kensington,24/09/26,Thu,13:00,Avenue De Mist,Ave De Mist - A,,,,,,
43575522,CTTLFA 2026,D2 - 4th Division,,,D2-02- Bothasig,D2-01- Avendale Athletico,24/09/26,Thu,14:00,Bothasig,Abe Sher B,,,,,,
43575517,CTTLFA 2026,D2 - 4th Division,,,D2-05- Norway Parks,D2-08- Table View,24/09/26,Thu,14:00,Norway Parks,Royal Road D,,,,,,
43575518,CTTLFA 2026,D2 - 4th Division,,,D2-07- Rygersdal,D2-09- C.R. Vasco Da Gama,24/09/26,Thu,14:00,Rygersdal,Rygersdal B,,,,,,
43575520,CTTLFA 2026,D2 - 4th Division,,,D2-10- Wynberg St Johns,D2-03- Edgemead G/W,24/09/26,Thu,14:00,Wynberg st Johns,Wynberg B,,,,,,
43575521,CTTLFA 2026,D2 - 4th Division,,,D2-11- Shosholoza FC,D2-12- Kensington,24/09/26,Thu,14:00,Pelican Heights Sports Ground,Pelican A,,,,,,
43575382,CTTLFA 2026,D3 - 5th Division,,,D3-03- Durbanville,D3-06- Mutual FC,24/09/26,Thu,14:00,Durbanville,Klazinga Park B,,,,,,
43575650,CTTLFA 2026,D4 - 6th Division,,,D4-01- Garlandale FC,D4-04- Holy Cross,24/09/26,Thu,14:00,Garlandale,Garlandale A,,,,,,
43575652,CTTLFA 2026,D4 - 6th Division,,,D4-02- Clyde Pinelands,D4-10- Sunningdale City,24/09/26,Thu,14:00,Clyde Pinelands,Ringwood Drive B,,,,,,
43575653,CTTLFA 2026,D4 - 6th Division,,,D4-09- Stephanian Ottery,D4-08- Bothasig,24/09/26,Thu,14:00,Stephanian Ottery,Stephanian Ottery A,,,,,,
43575654,CTTLFA 2026,D4 - 6th Division,,,D4-11- Edgemead G/W,D4-05- Kuilsriver,24/09/26,Thu,14:00,Edgemead G/W,Edgemead D,,,,,,
43575651,CTTLFA 2026,D4 - 6th Division,,,D4-12- Lansdowne,D4-07- Rygersdal,24/09/26,Thu,14:00,Lansdowne,Chukker Road B,,,,,,
43575894,CTTLFA 2026,E2- Vets 035 B,,,E2-08- Everton United,E2-07- Meadowridge,24/09/26,Thu,14:00,Heideveld Sports Complex,#1,,,,,,
43575787,CTTLFA 2026,F2 - Vets 040 B,,,F2-03- Garlandale,F2-02- Bothasig,24/09/26,Thu,14:00,Garlandale,Garlandale B,,,,,,
43575783,CTTLFA 2026,F2 - Vets 040 B,,,F2-04- Goodwood United,F2-11- Saxon Rovers,24/09/26,Thu,14:00,Goodwood,Hamilton Road B,,,,,,
43575784,CTTLFA 2026,F2 - Vets 040 B,,,F2-10- Jamestown United,F2-07- Bye,24/09/26,Thu,14:00,Ruyterwacht,Stan Abbot B,,,,,,
43806496,CTTLFA 2026,G1 - Vets 045 A,,,G1-01- De Beers,G1-13- Stephanian Ottery,24/09/26,Thu,14:00,De Beers,Somerset West A,,,,,,
43806493,CTTLFA 2026,G1 - Vets 045 A,,,G1-03- FN Rangers,G1-11- Lansdowne,24/09/26,Thu,14:00,FN Rangers,FNB Stadium A,,,,,,
43806491,CTTLFA 2026,G1 - Vets 045 A,,,G1-06- Saxon Rovers,G1-12- Table View,24/09/26,Thu,14:00,Saxon Rovers,Maitland B,,,,,,
43806492,CTTLFA 2026,G1 - Vets 045 A,,,G1-07- Tramway,G1-02-Edgemead G/W,24/09/26,Thu,14:00,Tramway,Groenewald Park A,,,,,,
43806494,CTTLFA 2026,G1 - Vets 045 A,,,G1-08- Bothasig,G1-05- Meadowridge,24/09/26,Thu,14:00,Bothasig,Abe Sher C,,,,,,
43806495,CTTLFA 2026,G1 - Vets 045 A,,,G1-10- Holy Cross,G1-04- Hanover Park,24/09/26,Thu,14:00,Holy Cross,Voortrekker Road,,,,,,
42989867,CTTLFA 2026,I1 - Under 18 Premier One,,,I1-03- De Beers,I1-07- Hellenic,24/09/26,Thu,14:00,De Beers,Somerset West A,,,,,,
43256222,CTTLFA 2026,A2 - Premier Reserve,,,PR-02- Edgemead G/W,PR-01- Durbanville,24/09/26,Thu,14:00,Edgemead G/W,Edgemead A,,,,,,
43256223,CTTLFA 2026,A2 - Premier Reserve,,,PR-03- Fish Hoek,PR-07- Holy Cross,24/09/26,Thu,14:00,Fish Hoek,Fish Hoek A,,,,,,
43256224,CTTLFA 2026,A2 - Premier Reserve,,,PR-06- Hanover Park,PR-12- UCT,24/09/26,Thu,14:00,Hanover Park,Hanover Park A,,,,,,
43256225,CTTLFA 2026,A2 - Premier Reserve,,,PR-08- Norway Parks,PR-14- Wynberg St Johns,24/09/26,Thu,14:00,Norway Parks,Royal Road A,,,,,,
43256226,CTTLFA 2026,A2 - Premier Reserve,,,PR-10- Saxon Rovers,PR-04- FN Rangers,24/09/26,Thu,14:00,Saxon Rovers,Maitland A,,,,,,
43256227,CTTLFA 2026,A2 - Premier Reserve,,,PR-11- Table View,PR-09- Rygersdal,24/09/26,Thu,14:00,Table View,Table View A,,,,,,
43256623,CTTLFA 2026,C2 - Second Reserve,,,SR-01- Avendale Athletico,SR-15- Young Bafana,24/09/26,Thu,14:00,Avendale Athletico,Field Crescent A,,,,,,
43256624,CTTLFA 2026,C2 - Second Reserve,,,SR-03- Camps Bay,SR-06- De Beers,24/09/26,Thu,14:00,Camps Bay,Camps Bay A,,,,,,
43256625,CTTLFA 2026,C2 - Second Reserve,,,SR-07- FC Kapstadt,SR-02- Barmsley Spurs,24/09/26,Thu,14:00,FC Kapstadt,Hartleyvale D,,,,,,
43256626,CTTLFA 2026,C2 - Second Reserve,,,SR-10- Hellenic,SR-08- Bye,24/09/26,Thu,14:00,Hellenic,Tygerhof Sports Complex A,,,,,,
43256627,CTTLFA 2026,C2 - Second Reserve,,,SR-12- Queens Park,SR-09- Goodwood United,24/09/26,Thu,14:00,Paddock Road A,Queens Park Paddock A,,,,,,
43256628,CTTLFA 2026,C2 - Second Reserve,,,SR-13- Varsity College,SR-04- Chelsea Bridgetown,24/09/26,Thu,14:00,Chelsea,Hickory Road A,,,,,,
43256629,CTTLFA 2026,C2 - Second Reserve,,,SR-14- West End United,SR-11- Mutual FC,24/09/26,Thu,14:00,West End United,West End Park A,,,,,,
43256630,CTTLFA 2026,C2 - Second Reserve,,,SR-16- YSD Macassar,SR-05- Clyde Pinelands,24/09/26,Thu,14:00,YSD Macassar,YSD Macassar A,,,,,,
43806610,CTTLFA 2026,H1 - Womens Premier League,,,H1-08- Magic Ladies,H1-11- UCT,24/09/26,Thu,15:00,Avenue De Mist,Ave De Mist - A,,,,,,
43575386,CTTLFA 2026,D1 - 3rd Division,,,D1-07- Saxon Rovers,D1-06- Green Point Salesians,24/09/26,Thu,15:30,Saxon Rovers,Maitland B,,,,,,
43575655,CTTLFA 2026,D4 - 6th Division,,,D4-03- De Beers,D4-06- Bye,24/09/26,Thu,15:30,De Beers,Somerset West A,,,,,,
43575388,CTTLFA 2026,D1 - 3rd Division,,,D1-03- Durbanville,D1-02- Bothasig,24/09/26,Thu,15:45,Durbanville,Klazinga Park B,,,,,,
43575381,CTTLFA 2026,D1 - 3rd Division,,,D1-04- Edgemead G/W,D1-08- Table View,24/09/26,Thu,15:45,Edgemead G/W,Edgemead C,,,,,,
43575384,CTTLFA 2026,D1 - 3rd Division,,,D1-10- Wynberg St Johns,D1-05- Garden Village,24/09/26,Thu,15:45,Wynberg st Johns,Wynberg B,,,,,,
43575383,CTTLFA 2026,D1 - 3rd Division,,,D1-11- Shosholoza FC,D1-01- Bellville City FC,24/09/26,Thu,15:45,Pelican Heights Sports Ground,Pelican A,,,,,,
43575519,CTTLFA 2026,D2 - 4th Division,,,D2-04- Fish Hoek,D2-06- Ruyterwacht,24/09/26,Thu,15:45,Fish Hoek,Fish Hoek B,,,,,,
43575385,CTTLFA 2026,D3 - 5th Division,,,D3-02- Clyde Pinelands,D3-01- Bothasig,24/09/26,Thu,15:45,Clyde Pinelands,Ringwood Drive B,,,,,,
43575380,CTTLFA 2026,D3 - 5th Division,,,D3-05-Bellville City,D3-08- Table View,24/09/26,Thu,15:45,Bellville City,PP Smit Stadium B,,,,,,
43575379,CTTLFA 2026,D3 - 5th Division,,,D3-10- C.R. Vasco Da Gama,D3-09- Tramway,24/09/26,Thu,15:45,Vasco da Gama,Da Gama Park B,,,,,,
43575895,CTTLFA 2026,E2- Vets 035 B,,,E2-03- Green Point Salesians,E2-11- Turfhall,24/09/26,Thu,15:45,Green Point,Green Point A,,,,,,
43575893,CTTLFA 2026,E2- Vets 035 B,,,E2-09- Tramway,E2-02- Durbanville,24/09/26,Thu,15:45,Tramway,Groenewald Park A,,,,,,
42997033,CTTLFA 2026,A1 - Premier Division,,,PD-02- Edgemead G/W,PD-01- Durbanville,24/09/26,Thu,15:45,Edgemead G/W,Edgemead A,,,,,,
42997035,CTTLFA 2026,A1 - Premier Division,,,PD-03- Fish Hoek,PD-07- Holy Cross,24/09/26,Thu,15:45,Fish Hoek,Fish Hoek A,,,,,,
42997037,CTTLFA 2026,A1 - Premier Division,,,PD-06- Hanover Park,PD-12- UCT,24/09/26,Thu,15:45,Hanover Park,Hanover Park A,,,,,,
42997036,CTTLFA 2026,A1 - Premier Division,,,PD-08- Norway Parks,PD-14- Wynberg St Johns,24/09/26,Thu,15:45,Norway Parks,Royal Road A,,,,,,
42997034,CTTLFA 2026,A1 - Premier Division,,,PD-10- Saxon Rovers,PD-04- FN Rangers,24/09/26,Thu,15:45,Saxon Rovers,Maitland A,,,,,,
42997039,CTTLFA 2026,A1 - Premier Division,,,PD-11- Table View,PD-09- Rygersdal,24/09/26,Thu,15:45,Table View,Table View A,,,,,,
43206684,CTTLFA 2026,C1 - Second Division,,,SD-01- Avendale Athletico,SD-15- Young Bafana,24/09/26,Thu,15:45,Avendale Athletico,Field Crescent A,,,,,,
43206689,CTTLFA 2026,C1 - Second Division,,,SD-03- Camps Bay,SD-06- De Beers,24/09/26,Thu,15:45,Camps Bay,Camps Bay A,,,,,,
43206691,CTTLFA 2026,C1 - Second Division,,,SD-07- FC Kapstadt,SD-02- Barmsley Spurs,24/09/26,Thu,15:45,FC Kapstadt,Hartleyvale D,,,,,,
43206685,CTTLFA 2026,C1 - Second Division,,,SD-10- Hellenic,SD-08- Bye,24/09/26,Thu,15:45,Hellenic,Tygerhof Sports Complex A,,,,,,
43206690,CTTLFA 2026,C1 - Second Division,,,SD-12- Queens Park,SD-09- Goodwood United,24/09/26,Thu,15:45,Paddock Road A,Queens Park Paddock A,,,,,,
43206687,CTTLFA 2026,C1 - Second Division,,,SD-13- Varsity College,SD-04- Chelsea Bridgetown,24/09/26,Thu,15:45,Chelsea,Hickory Road A,,,,,,
43206688,CTTLFA 2026,C1 - Second Division,,,SD-14- West End United,SD-11- Mutual FC,24/09/26,Thu,15:45,West End United,West End Park A,,,,,,
43206686,CTTLFA 2026,C1 - Second Division,,,SD-16- YSD Macassar,SD-05- Clyde Pinelands,24/09/26,Thu,15:45,YSD Macassar,YSD Macassar A,,,,,,
43806608,CTTLFA 2026,H1 - Womens Premier League,,,H1-03- Clyde Pinelands,H1-09- Northpine United,25/09/26,Fri,19:00,Clyde Pinelands,Ringwood Drive A,,,,,,
43806609,CTTLFA 2026,H1 - Womens Premier League,,,H1-06- Green Point Salesians,H1-12- Bye.,25/09/26,Fri,19:00,Green Point,Green Point A,0,0,,Y,,
43317353,CTTLFA 2026,H2 - Womens First Division,,,H2-03- Green Point Salesians B,H2-08- Saxon Rovers,25/09/26,Fri,19:00,Green Point,Green Point A,,,,,,
43575718,CTTLFA 2026,F2 - Vets 040 B,,,F2-05- Green Point Salesians,F2-08- Kensington,25/09/26,Fri,20:30,Green Point,Green Point A,,,,,,
44688870,CTTLFA 2026,,U/12 Premier One Knockout 2026,,O1-07- Hellenic,O1-05- FN Rangers,26/09/26,Sat,08:15,Hellenic,Tygerhof Sports Complex A,,,,,,
44729393,CTTLFA 2026,,U/12 Premier Two Knockout 2026,,O2-11- Sunningdale City,O2-03- Edgemead G/W,26/09/26,Sat,08:15,Sunningdale City,Sunningdale B,,,,,,
44689330,CTTLFA 2026,,U/12 Premier Three B Knockout 2026,,O3-02- Bellville City,O3-14- YSD Macassar,26/09/26,Sat,08:15,Bellville City,PP Smit Stadium A,,,,,,
44688869,CTTLFA 2026,,U/12 Premier Three Knockout 2026,,O3-07- Grass Boots,O3-04- Chelsea Bridgetown,26/09/26,Sat,08:15,Grass Boots,"Yeoville road, Vredehoek.",,,,,,
44702187,CTTLFA 2026,,U/12 Division Four Knockout 2026,,O4-04- FN Rangers B,O4-10- CR Vasco Da Gama B,26/09/26,Sat,08:15,FN Rangers,FNB Stadium B,,,,,,
44688874,CTTLFA 2026,,U/12 Division Five Knockout 2026,,O5-02- Bothasig B,O5-05- Edgemead G/W B.,26/09/26,Sat,08:15,Bothasig,Abe Sher D,,,,,,
44689169,CTTLFA 2026,,U/12 Division Six Knockout 2026,,O6-04- FC Kapstadt B,O6-06- Grass Boots B,26/09/26,Sat,08:15,FC Kapstadt,St Georges Grammar School,,,,,,
44691107,CTTLFA 2026,,U/12 Girls Premier Knockout 2026,,O7-08- Wynberg St Johns,O7-05- Meadowridge A,26/09/26,Sat,08:15,Wynberg st Johns,Wynberg A,,,,,,
44689168,CTTLFA 2026,,U/12 Division Seven Knockout 2026,,O8-01- Tramway,O8-03- Mutual B,26/09/26,Sat,08:15,Tramway,Groenewald Park A,,,,,,
44690098,CTTLFA 2026,,U/14 Premier One Knockout 2026,,M1-11- Table View,M1-06- Hanover Park,26/09/26,Sat,09:30,Table View,Table View A,,,,,,
44690902,CTTLFA 2026,,U/14 Premier Two Knockout 2026,,M2-06- Kuilsriver,M2-12- Young Bafana,26/09/26,Sat,09:30,Serepta Sports Ground,Serepta Sports Ground B,,,,,,
44691172,CTTLFA 2026,,U/14 Premier Three B Knockout 2026,,M3-02- Bellville City,M3-09- Holy Cross,26/09/26,Sat,09:30,Bellville City,PP Smit Stadium A,,,,,,
44690903,CTTLFA 2026,,U/14 Premier Three Knockout 2026,,M3-08- Green Point Salesians,M3-04- Chelsea Bridgetown,26/09/26,Sat,09:30,Green Point,Field 3,,,,,,
44690904,CTTLFA 2026,,U/14 Division Four Knockout 2026,,M4-10- CR Vasco Da Gama B,M4-03- De Beers B.,26/09/26,Sat,09:30,Vasco da Gama,Da Gama Park C,,,,,,
44691087,CTTLFA 2026,,U/14 Division Five Knockout 2026,,M5-05- Edgemead G/W B.,M5-08- Kuilsriver B.,26/09/26,Sat,09:30,Edgemead G/W,Edgemead C,,,,,,
44691501,CTTLFA 2026,,U/14 Division Six Knockout 2026,,M6-07- Hellenic B,M6-06- FC Kapstadt B,26/09/26,Sat,09:30,Hellenic,Tygerhof Sports Complex A,,,,,,
44691090,CTTLFA 2026,,U/14 Division Seven Knockout 2026,,M7-01- Bothasig C,M7-04- Northpine United C,26/09/26,Sat,09:30,Bothasig,Abe Sher D,,,,,,
44691101,CTTLFA 2026,,U/14 Division Eight Knockout 2026,,M9-04- Tramway,M9-09- Garlandale B,26/09/26,Sat,09:30,Tramway,Groenewald Park A,,,,,,
44691088,CTTLFA 2026,,U/16 Premier Two Knockout 2026,,K2-07- Meadowridge,K2-02- Durbanville,26/09/26,Sat,10:50,Meadowridge,Meadowridge A,,,,,,
44691089,CTTLFA 2026,,U/16 Premier Three Knockout 2026,,K3-08- Green Point Salesians,K3-17- Queens Park,26/09/26,Sat,10:50,Green Point,Field 3,,,,,,
44691186,CTTLFA 2026,,U/16 Premier Three B Knockout 2026,,K3-09- Holy Cross,K3-13- West End United,26/09/26,Sat,10:50,Holy Cross,Voortrekker Road,,,,,,
44691096,CTTLFA 2026,,U/16 Division Five Knockout 2026,,K5-03- Clyde Pinelands B,K5-05- Edgemead G/W B.,26/09/26,Sat,10:50,Clyde Pinelands,Ringwood Drive A,,,,,,
44691099,CTTLFA 2026,,U/16 Division Six Knockout 2026,,K6-03- Brooklyn Superstars,K6-11- Kensington B,26/09/26,Sat,10:50,Bayview Sports Complex,Brooklyn Bayview Sports Complex A,,,,,,
44691102,CTTLFA 2026,,U/16 Girls Premier Knockout 2026,,K7-04- Camps Bay,K7-10- Rygersdal,26/09/26,Sat,10:50,Camps Bay,"Symmonds Field, Camps Bay Drive",,,,,,
44691461,CTTLFA 2026,,U/16 Division Seven Knockout 2026,,K8-09- YMO FC,K8-06- Northpine United C,26/09/26,Sat,10:50,YMO FC,Upper Cambridge A,,,,,,
44691534,CTTLFA 2026,,U/18 Premier Three B Knockout 2026,,I3-05- Garden Village,I3-13- West End United,26/09/26,Sat,15:35,Garden Village,Rhodes High School,,,,,,
44691105,CTTLFA 2026,,U/18 Division Four Knockout 2026,,I4-02- Cape Town Spurs B,I4-05- Norway Parks B,26/09/26,Sat,15:35,Cape Town Spurs,Ikamva C,,,,,,
44691194,CTTLFA 2026,,U/18 Division Five Knockout 2026,,I5-03- Durbanville B.,I5-07- Meadowridge B.,26/09/26,Sat,15:35,Durbanville,Klazinga Park A,,,,,,
44691106,CTTLFA 2026,,U/18 Premier One Knockout 2026,,I1-08- Northpine United,I1-11- Table View,26/09/26,Sat,15:40,Northpine United,Central Park A,,,,,,
44691103,CTTLFA 2026,,U/18 Premier Two Knockout 2026,,I2-09- Shosholoza,I2-02- Durbanville,26/09/26,Sat,15:40,Pelican Heights Sports Ground,Pelican A,,,,,,
44691104,CTTLFA 2026,,U/18 Premier Three Knockout 2026,,I3-11- Ruyterwacht,I3-08- Green Point Salesians,26/09/26,Sat,15:40,Ruyterwacht,Bev Can B,,,,,,
43317393,CTTLFA 2026,H2 - Womens First Division,,,H2-05- Kuilsriver,H2-03- Green Point Salesians B,27/09/26,Sun,14:00,Serepta Sports Ground,Serepta Sports Ground A,,,,,,
43806843,CTTLFA 2026,K7 - Under 16 Girls Premier One,,,K7-04- Camps Bay,K7-05- Clyde Pinelands,28/09/26,Mon,18:30,Camps Bay,Camps Bay A,,,,,,
43806441,CTTLFA 2026,G1 - Vets 045 A,,,G1-11- Lansdowne,G1-05- Meadowridge,28/09/26,Mon,19:00,Meadowridge,Meadowridge A,,,,,,
43806611,CTTLFA 2026,H1 - Womens Premier League,,,H1-05- FN Rangers,H1-02- Bellville City,28/09/26,Mon,19:00,FN Rangers,FNB Stadium A,,,,,,
43317394,CTTLFA 2026,H2 - Womens First Division,,,H2-04- Kensington,H2-10- UCT B,28/09/26,Mon,19:00,Kensington,14 Avenue A,,,,,,
43317397,CTTLFA 2026,H2 - Womens First Division,,,H2-07- Norway Parks,H2-11- Magic Ladies B,28/09/26,Mon,19:00,Norway Parks,Royal Road A,,,,,,
43317396,CTTLFA 2026,H2 - Womens First Division,,,H2-08- Saxon Rovers,H2-13- Hout Bay,28/09/26,Mon,19:00,Saxon Rovers,Maitland A,,,,,,
43806418,CTTLFA 2026,G1 - Vets 045 A,,,G1-02-Edgemead G/W,G1-07- Tramway,28/09/26,Mon,19:30,Edgemead G/W,Edgemead A,,,,,,
43317398,CTTLFA 2026,H2 - Womens First Division,,,H2-02- Bothasig,H2-01- Badgers B.,28/09/26,Mon,19:30,Bothasig,Abe Sher A,,,,,,
43806411,CTTLFA 2026,G1 - Vets 045 A,,,G1-03- FN Rangers,G1-12- Table View,28/09/26,Mon,20:30,FN Rangers,FNB Stadium A,,,,,,
44745737,CTTLFA 2026,,CTTLFA 4th Division Knock Out 2026,,D2-12- Kensington,D2-03- Edgemead G/W,03/10/26,Sat,11:00,Kensington,14 Avenue B,,,,,,
44744809,CTTLFA 2026,,CTTLFA 5th Division Knock Out 2026,,D3-08- Table View,D3-07- Northpine United,03/10/26,Sat,11:00,Table View,Table View C,,,,,,
44744801,CTTLFA 2026,,CTTLFA 3rd Division Knock Out 2026,,D1-08- Table View,D1-05- Garden Village,03/10/26,Sat,11:10,Table View,Table View A,,,,,,
44744822,CTTLFA 2026,,CTTLFA Womans Premier League Knock Out 2026,,H1-05- FN Rangers,H1-06- Green Point Salesians,03/10/26,Sat,11:20,FN Rangers,FNB Stadium B,,,,,,
44744829,CTTLFA 2026,,CTTLFA Womans First Division Knock Out 2026,,H2-01- Badgers B.,H2-13- Hout Bay,03/10/26,Sat,13:20,Badgers FC,Oranjezicht A,,,,,,
44749133,CTTLFA 2026,,CTTLFA 6th Division Knock Out 2026,,D4-01- Garlandale FC,D4-12- Lansdowne,03/10/26,Sat,14:00,Garlandale,Garlandale A,,,,,,
44744703,CTTLFA 2026,,CTTLFA O/40 A Division Knock Out 2026,,F1-07- Rygersdal,F1-10- C.R. Vasco Da Gama,03/10/26,Sat,14:00,Rygersdal,Zwaanswyk High School,,,,,,
44744704,CTTLFA 2026,,CTTLFA O/40 B Division Knock Out 2026,,F2-01- Avendale Athletico,F2-06- Kuilsriver,03/10/26,Sat,14:00,Avendale Athletico,Field Crescent B,,,,,,
44744840,CTTLFA 2026,,CTTLFA First Reserves Knock Out 2026,,FR-11- Stephanian Ottery,FR-06- Kensington,03/10/26,Sat,14:00,Stephanian Ottery,Stephanian Ottery D,,,,,,
44744848,CTTLFA 2026,,CTTLFA O/45 A Division Knock Out 2026,,G1-07- Tramway,G1-12- Table View,03/10/26,Sat,14:00,Tramway,Groenewald Park A,,,,,,
44726786,CTTLFA 2026,,CTTLFA O/50 A Division Knock Out 2026,,G4-07- Stephanian Ottery,G4-09- West End United A,03/10/26,Sat,14:00,Stephanian Ottery,Stephanian Ottery A,,,,,,
44744705,CTTLFA 2026,,CTTLFA O/50 B Division Knock Out 2026,,G5-05- Everton United,G5-07- Hanover Park B,03/10/26,Sat,14:00,Heideveld Astro,Astro A,,,,,,
44726785,CTTLFA 2026,,CTTLFA O/50 C Division Knock Out 2026,,G6-04- Stephanian Ottery B,G6-09- YMO FC,03/10/26,Sat,14:00,Stephanian Ottery,Stephanian Ottery D,,,,,,
44744774,CTTLFA 2026,,CTTLFA Premier Reserves Knock Out 2026,,PR-11- Table View,PR-05- Green Point Salesians,03/10/26,Sat,14:00,Table View,Table View A,,,,,,
44744794,CTTLFA 2026,,CTTLFA Second Reserve Knock Out 2026,,SR-05- Clyde Pinelands,SR-11- Mutual FC,03/10/26,Sat,15:45,Clyde Pinelands,Ringwood Drive A,,,,,,
44744836,CTTLFA 2026,,CTTLFA O/35 A Division Knock Out 2026,,E1-04-FN Rangers,E1-06- Hanover Park,03/10/26,Sat,16:00,FN Rangers,FNB Stadium C,,,,,,
44744837,CTTLFA 2026,,CTTLFA O/35 B Division Knock Out 2026,,E2-02- Durbanville,E2-06- FN Rangers B,03/10/26,Sat,16:00,Durbanville,Klazinga Park A,,,,,,
44744781,CTTLFA 2026,,CTTLFA First Division Knock Out 2026,,FD-11- Stephanian Ottery,FD-07- Kuilsriver,03/10/26,Sat,16:00,Stephanian Ottery,Stephanian Ottery D,,,,,,
44744713,CTTLFA 2026,,CTTLFA Premier League Knock Out 2026,,PD-01- Durbanville,PD-06- Hanover Park,03/10/26,Sat,16:00,Durbanville,Klazinga Park A,,,,,,
